mtllib Link4.mtl
v 0.858948974609375 1.24173217773438 -0.0155
vn 0 0 1
v 0.819 1.24173217773438 -0.0155
vn 0 0 1
v 0.819 1.14826782226563 -0.0155
vn 0 0 1
v 0.858948974609375 1.14826782226563 -0.0155
vn 0 0 1
v 0.8636806640625 1.147 -0.0155
vn 0 0 1
v 0.8763193359375 1.147 -0.0155
vn 0 0 1
v 0.888527282714844 1.15027111816406 -0.0155
vn 0 0 1
v 0.899472717285156 1.15659045410156 -0.0155
vn 0 0 1
v 0.908409545898437 1.16552734375 -0.0155
vn 0 0 1
v 0.914728881835937 1.17647265625 -0.0155
vn 0 0 1
v 0.918 1.1886806640625 -0.0155
vn 0 0 1
v 0.918 1.2013193359375 -0.0155
vn 0 0 1
v 0.914728881835937 1.21352734375 -0.0155
vn 0 0 1
v 0.908409545898437 1.22447265625 -0.0155
vn 0 0 1
v 0.899472717285156 1.23340954589844 -0.0155
vn 0 0 1
v 0.888527282714844 1.23972888183594 -0.0155
vn 0 0 1
v 0.8763193359375 1.243 -0.0155
vn 0 0 1
v 0.8636806640625 1.243 -0.0155
vn 0 0 1
v 0.899472717285156 1.15659045410156 -0.0155
vn 0.5 -0.866025388240814 -3.63045123926551E-16
v 0.888527282714844 1.15027111816406 -0.0155
vn 0.5 -0.866025388240814 -3.63045123926551E-16
v 0.888527282714844 1.15027111816406 -0.022
vn 0.5 -0.866025388240814 -3.63045123926551E-16
v 0.899472717285156 1.15659045410156 -0.022
vn 0.5 -0.866025388240814 -3.63045123926551E-16
v 0.908409545898437 1.16552734375 -0.0155
vn 0.70710676908493 -0.70710676908493 -3.07058072527834E-16
v 0.899472717285156 1.15659045410156 -0.0155
vn 0.70710676908493 -0.70710676908493 -3.07058072527834E-16
v 0.899472717285156 1.15659045410156 -0.022
vn 0.70710676908493 -0.70710676908493 -3.07058072527834E-16
v 0.908409545898437 1.16552734375 -0.022
vn 0.70710676908493 -0.70710676908493 -3.07058072527834E-16
v 0.918 1.1886806640625 -0.0155
vn 0.965925812721252 -0.258819043636322 -1.37548925915907E-16
v 0.914728881835937 1.17647265625 -0.0155
vn 0.965925812721252 -0.258819043636322 -1.37548925915907E-16
v 0.914728881835937 1.17647265625 -0.022
vn 0.965925812721252 -0.258819043636322 -1.37548925915907E-16
v 0.918 1.1886806640625 -0.022
vn 0.965925812721252 -0.258819043636322 -1.37548925915907E-16
v 0.908409545898437 1.22447265625 -0.0155
vn 0.866025388240814 0.5 1.68521559134988E-16
v 0.914728881835937 1.21352734375 -0.0155
vn 0.866025388240814 0.5 1.68521559134988E-16
v 0.914728881835937 1.21352734375 -0.022
vn 0.866025388240814 0.5 1.68521559134988E-16
v 0.908409545898437 1.22447265625 -0.022
vn 0.866025388240814 0.5 1.68521559134988E-16
v 0.914728881835937 1.21352734375 -0.0155
vn 0.965925812721252 0.258819043636322 6.88163381492835E-17
v 0.918 1.2013193359375 -0.0155
vn 0.965925812721252 0.258819043636322 6.88163381492835E-17
v 0.918 1.2013193359375 -0.022
vn 0.965925812721252 0.258819043636322 6.88163381492835E-17
v 0.914728881835937 1.21352734375 -0.022
vn 0.965925812721252 0.258819043636322 6.88163381492835E-17
v 0.858948974609375 1.14826782226563 -0.0155
vn 0 -0.943520247936249 -0.331314891576767
v 0.819 1.14826782226563 -0.0155
vn 0 -0.943520247936249 -0.331314891576767
v 0.819 1.15611706542969 -0.0378528861999512
vn 0 -0.943520247936249 -0.331314891576767
v 0.843611999511719 1.15611706542969 -0.0378528861999512
vn 0 -0.943520247936249 -0.331314891576767
v 0.850989135742187 1.15055029296875 -0.022
vn 0 -0.943520247936249 -0.331314891576767
v 0.851472717285156 1.15027111816406 -0.0212049140930176
vn 0 -0.943520247936249 -0.331314891576767
v 0.888527282714844 1.23972888183594 -0.0155
vn 0.5 0.866025388240814 3.27466510828759E-16
v 0.899472717285156 1.23340954589844 -0.0155
vn 0.5 0.866025388240814 3.27466510828759E-16
v 0.899472717285156 1.23340954589844 -0.022
vn 0.5 0.866025388240814 3.27466510828759E-16
v 0.888527282714844 1.23972888183594 -0.022
vn 0.5 0.866025388240814 3.27466510828759E-16
v 0.888527282714844 1.15027111816406 -0.0155
vn 0.258819043636322 -0.965925812721252 -3.94291242908476E-16
v 0.8763193359375 1.147 -0.0155
vn 0.258819043636322 -0.965925812721252 -3.94291242908476E-16
v 0.8763193359375 1.147 -0.022
vn 0.258819043636322 -0.965925812721252 -3.94291242908476E-16
v 0.888527282714844 1.15027111816406 -0.022
vn 0.258819043636322 -0.965925812721252 -3.94291242908476E-16
v 0.819 1.242 -0.0147372055053711
vn 1 0 0
v 0.819 1.242 0.0147372055053711
vn 1 0 0
v 0.819 1.24173217773438 0.0155
vn 1 0 0
v 0.819 1.14826782226563 0.0155
vn 1 0 0
v 0.819 1.148 0.0147372055053711
vn 1 0 0
v 0.819 1.148 -0.0147372055053711
vn 1 0 0
v 0.819 1.14826782226563 -0.0155
vn 1 0 0
v 0.819 1.24173217773438 -0.0155
vn 1 0 0
v 0.8636806640625 1.243 -0.0155
vn -1.75687101585525E-14 1 3.98667068053551E-16
v 0.8763193359375 1.243 -0.0155
vn -1.75687101585525E-14 1 3.98667068053551E-16
v 0.8763193359375 1.243 -0.022
vn -1.75687101585525E-14 1 3.98667068053551E-16
v 0.8636806640625 1.243 -0.022
vn -1.75687101585525E-14 1 3.98667068053551E-16
v 0.8636806640625 1.147 -0.0155
vn -0.258819043636322 -0.965925812721252 -3.75874390824783E-16
v 0.858948974609375 1.14826782226563 -0.0155
vn -0.258819043636322 -0.965925812721252 -3.75874390824783E-16
v 0.851472717285156 1.15027111816406 -0.0212049140930176
vn -0.258819043636322 -0.965925812721252 -3.75874390824783E-16
v 0.851472717285156 1.15027111816406 -0.022
vn -0.258819043636322 -0.965925812721252 -3.75874390824783E-16
v 0.8636806640625 1.147 -0.022
vn -0.258819043636322 -0.965925812721252 -3.75874390824783E-16
v 0.819 1.24173217773438 -0.0155
vn 0 0.943520247936249 -0.331314891576767
v 0.858948974609375 1.24173217773438 -0.0155
vn 0 0.943520247936249 -0.331314891576767
v 0.851472717285156 1.23972888183594 -0.0212049140930176
vn 0 0.943520247936249 -0.331314891576767
v 0.850989135742187 1.23944970703125 -0.022
vn 0 0.943520247936249 -0.331314891576767
v 0.843611999511719 1.23388293457031 -0.0378528861999512
vn 0 0.943520247936249 -0.331314891576767
v 0.819 1.23388293457031 -0.0378528861999512
vn 0 0.943520247936249 -0.331314891576767
v 0.858948974609375 1.24173217773438 -0.0155
vn -0.258819043636322 0.965925812721252 3.94291242908476E-16
v 0.8636806640625 1.243 -0.0155
vn -0.258819043636322 0.965925812721252 3.94291242908476E-16
v 0.8636806640625 1.243 -0.022
vn -0.258819043636322 0.965925812721252 3.94291242908476E-16
v 0.851472717285156 1.23972888183594 -0.022
vn -0.258819043636322 0.965925812721252 3.94291242908476E-16
v 0.851472717285156 1.23972888183594 -0.0212049140930176
vn -0.258819043636322 0.965925812721252 3.94291242908476E-16
v 0.914728881835937 1.17647265625 -0.0155
vn 0.866025388240814 -0.5 -2.30145522153453E-16
v 0.908409545898437 1.16552734375 -0.0155
vn 0.866025388240814 -0.5 -2.30145522153453E-16
v 0.908409545898437 1.16552734375 -0.022
vn 0.866025388240814 -0.5 -2.30145522153453E-16
v 0.914728881835937 1.17647265625 -0.022
vn 0.866025388240814 -0.5 -2.30145522153453E-16
v 0.918 1.2013193359375 -0.0155
vn 1 3.51374203171051E-14 -3.55786031716247E-17
v 0.918 1.1886806640625 -0.0155
vn 1 3.51374203171051E-14 -3.55786031716247E-17
v 0.918 1.1886806640625 -0.022
vn 1 3.51374203171051E-14 -3.55786031716247E-17
v 0.918 1.2013193359375 -0.022
vn 1 3.51374203171051E-14 -3.55786031716247E-17
v 0.899472717285156 1.23340954589844 -0.0155
vn 0.70710676908493 0.70710676908493 2.56742330227458E-16
v 0.908409545898437 1.22447265625 -0.0155
vn 0.70710676908493 0.70710676908493 2.56742330227458E-16
v 0.908409545898437 1.22447265625 -0.022
vn 0.70710676908493 0.70710676908493 2.56742330227458E-16
v 0.899472717285156 1.23340954589844 -0.022
vn 0.70710676908493 0.70710676908493 2.56742330227458E-16
v 0.8763193359375 1.147 -0.0155
vn -1.75687101585525E-14 -1 -3.98667068053551E-16
v 0.8636806640625 1.147 -0.0155
vn -1.75687101585525E-14 -1 -3.98667068053551E-16
v 0.8636806640625 1.147 -0.022
vn -1.75687101585525E-14 -1 -3.98667068053551E-16
v 0.8763193359375 1.147 -0.022
vn -1.75687101585525E-14 -1 -3.98667068053551E-16
v 0.8763193359375 1.243 -0.0155
vn 0.258819043636322 0.965925812721252 3.75874390824783E-16
v 0.888527282714844 1.23972888183594 -0.0155
vn 0.258819043636322 0.965925812721252 3.75874390824783E-16
v 0.888527282714844 1.23972888183594 -0.022
vn 0.258819043636322 0.965925812721252 3.75874390824783E-16
v 0.8763193359375 1.243 -0.022
vn 0.258819043636322 0.965925812721252 3.75874390824783E-16
v 0.888527282714844 1.15027111816406 -0.022
vn 0.498729348182678 -0.863824546337128 -0.0712470486760139
v 0.887755310058594 1.152134765625 -0.05
vn 0.498729348182678 -0.863824546337128 -0.0712470486760139
v 0.898244689941406 1.15819079589844 -0.05
vn 0.498729348182678 -0.863824546337128 -0.0712470486760139
v 0.899472717285156 1.15659045410156 -0.022
vn 0.498729348182678 -0.863824546337128 -0.0712470486760139
v 0.899472717285156 1.15659045410156 -0.022
vn 0.705309808254242 -0.705309808254242 -0.0712470486760139
v 0.898244689941406 1.15819079589844 -0.05
vn 0.705309808254242 -0.705309808254242 -0.0712470486760139
v 0.906809143066406 1.16675537109375 -0.05
vn 0.705309808254242 -0.705309808254242 -0.0712470486760139
v 0.908409545898437 1.16552734375 -0.022
vn 0.705309808254242 -0.705309808254242 -0.0712470486760139
v 0.914728881835937 1.17647265625 -0.022
vn 0.963471114635468 -0.258161306381226 -0.0712470486760139
v 0.912865173339844 1.17724462890625 -0.05
vn 0.963471114635468 -0.258161306381226 -0.0712470486760139
v 0.916 1.18894396972656 -0.05
vn 0.963471114635468 -0.258161306381226 -0.0712470486760139
v 0.918 1.1886806640625 -0.022
vn 0.963471114635468 -0.258161306381226 -0.0712470486760139
v 0.914728881835937 1.21352734375 -0.022
vn 0.863824546337128 0.498729348182678 -0.0712470486760139
v 0.912865173339844 1.21275537109375 -0.05
vn 0.863824546337128 0.498729348182678 -0.0712470486760139
v 0.906809143066406 1.22324462890625 -0.05
vn 0.863824546337128 0.498729348182678 -0.0712470486760139
v 0.908409545898437 1.22447265625 -0.022
vn 0.863824546337128 0.498729348182678 -0.0712470486760139
v 0.918 1.2013193359375 -0.022
vn 0.963471114635468 0.258161306381226 -0.0712470486760139
v 0.916 1.20105603027344 -0.05
vn 0.963471114635468 0.258161306381226 -0.0712470486760139
v 0.912865173339844 1.21275537109375 -0.05
vn 0.963471114635468 0.258161306381226 -0.0712470486760139
v 0.914728881835937 1.21352734375 -0.022
vn 0.963471114635468 0.258161306381226 -0.0712470486760139
v 0.755 1.14177478027344 -0.016
vn 0.0912280529737473 -0.87281608581543 -0.479447096586227
v 0.755 1.1410810546875 -0.0147372055053711
vn 0.0943311005830765 -0.872562646865845 -0.479307889938354
v 0.745 1.14 -0.0147372055053711
vn 0.093216709792614 -0.862254619598389 -0.497822910547256
v 0.745 1.15473718261719 -0.0402627944946289
vn 0.0324141047894955 -0.865570306777954 -0.49973726272583
v 0.819 1.15611706542969 -0.0378528861999512
vn 0.0283712446689606 -0.94314044713974 -0.33118149638176
v 0.819 1.14826782226563 -0.0155
vn 0.0990828424692154 -0.93887734413147 -0.329684555530548
v 0.819 1.148 -0.0147372055053711
vn 0.101475656032562 -0.938649833202362 -0.329604625701904
v 0.8005 1.146 -0.0147372055053711
vn 0.0994610041379929 -0.920014321804047 -0.379052966833115
v 0.800028747558594 1.14647119140625 -0.016
vn 0.0957251936197281 -0.919863045215607 -0.380379557609558
v 0.841289855957031 1.15758422851563 -0.0393862342834473
vn 0 -0.722525954246521 -0.691343784332275
v 0.843611999511719 1.15611706542969 -0.0378528861999512
vn 0 -0.722525954246521 -0.691343784332275
v 0.819 1.15611706542969 -0.0378528861999512
vn 0 -0.722525954246521 -0.691343784332275
v 0.819 1.16100671386719 -0.0429631614685059
vn 0 -0.722525954246521 -0.691343784332275
v 0.838228576660156 1.16100671386719 -0.0429631614685059
vn 0 -0.722525954246521 -0.691343784332275
v 0.851472717285156 1.15027111816406 -0.022
vn -0.498729348182678 -0.863824546337128 -0.0712470486760139
v 0.850989135742187 1.15055029296875 -0.022
vn -0.498729348182678 -0.863824546337128 -0.0712470486760139
v 0.843611999511719 1.15611706542969 -0.0378528861999512
vn -0.498729348182678 -0.863824546337128 -0.0712470486760139
v 0.841289855957031 1.15758422851563 -0.0393862342834473
vn -0.498729348182678 -0.863824546337128 -0.0712470486760139
v 0.841755310058594 1.15819079589844 -0.05
vn -0.498729348182678 -0.863824546337128 -0.0712470486760139
v 0.852244689941406 1.152134765625 -0.05
vn -0.498729348182678 -0.863824546337128 -0.0712470486760139
v 0.851472717285156 1.15027111816406 -0.022
vn -0.5 -0.866025388240814 -3.27466510828759E-16
v 0.851472717285156 1.15027111816406 -0.0212049140930176
vn -0.5 -0.866025388240814 -3.27466510828759E-16
v 0.850989135742187 1.15055029296875 -0.022
vn -0.5 -0.866025388240814 -3.27466510828759E-16
v 0.899472717285156 1.23340954589844 -0.022
vn 0.498729348182678 0.863824546337128 -0.0712470486760139
v 0.898244689941406 1.23180920410156 -0.05
vn 0.498729348182678 0.863824546337128 -0.0712470486760139
v 0.887755310058594 1.237865234375 -0.05
vn 0.498729348182678 0.863824546337128 -0.0712470486760139
v 0.888527282714844 1.23972888183594 -0.022
vn 0.498729348182678 0.863824546337128 -0.0712470486760139
v 0.8763193359375 1.147 -0.022
vn 0.258161306381226 -0.963471114635468 -0.0712470486760139
v 0.876056030273437 1.149 -0.05
vn 0.258161306381226 -0.963471114635468 -0.0712470486760139
v 0.887755310058594 1.152134765625 -0.05
vn 0.258161306381226 -0.963471114635468 -0.0712470486760139
v 0.888527282714844 1.15027111816406 -0.022
vn 0.258161306381226 -0.963471114635468 -0.0712470486760139
v 0.8005 1.146 0.0147372055053711
vn 0.107481844723225 -0.99420702457428 0
v 0.8005 1.146 -0.0147372055053711
vn 0.107481844723225 -0.99420702457428 0
v 0.819 1.148 -0.0147372055053711
vn 0.107481844723225 -0.99420702457428 0
v 0.819 1.148 0.0147372055053711
vn 0.107481844723225 -0.99420702457428 0
v 0.755 1.1410810546875 0.0147372055053711
vn 0.0943311005830765 -0.872562646865845 0.479307889938354
v 0.755 1.14177478027344 0.016
vn 0.0912280529737473 -0.87281608581543 0.479447096586227
v 0.800028747558594 1.14647119140625 0.016
vn 0.0957251936197281 -0.919863045215607 0.380379557609558
v 0.8005 1.146 0.0147372055053711
vn 0.0994610041379929 -0.920014321804047 0.379052966833115
v 0.819 1.148 0.0147372055053711
vn 0.101475656032562 -0.938649833202362 0.329604625701904
v 0.819 1.14826782226563 0.0155
vn 0.0990828424692154 -0.93887734413147 0.329684555530548
v 0.819 1.15611706542969 0.0378528861999512
vn 0.0283712446689606 -0.94314044713974 0.33118149638176
v 0.745 1.15473718261719 0.0402627944946289
vn 0.0324141047894955 -0.865570306777954 0.49973726272583
v 0.745 1.14 0.0147372055053711
vn 0.093216709792614 -0.862254619598389 0.497822910547256
v 0.8005 1.244 0.0147372055053711
vn 0.0994610041379929 0.920014321804047 0.379052966833115
v 0.800028747558594 1.24352880859375 0.016
vn 0.0957251936197281 0.919863045215607 0.380379557609558
v 0.755 1.24822521972656 0.016
vn 0.0912280529737473 0.87281608581543 0.479447096586227
v 0.755 1.2489189453125 0.0147372055053711
vn 0.0943311005830765 0.872562646865845 0.479307889938354
v 0.745 1.25 0.0147372055053711
vn 0.093216709792614 0.862254619598389 0.497822910547256
v 0.745 1.23526281738281 0.0402627944946289
vn 0.0324141047894955 0.865570306777954 0.49973726272583
v 0.819 1.23388293457031 0.0378528861999512
vn 0.0283712446689606 0.94314044713974 0.33118149638176
v 0.819 1.24173217773438 0.0155
vn 0.0990828424692154 0.93887734413147 0.329684555530548
v 0.819 1.242 0.0147372055053711
vn 0.101475656032562 0.938649833202362 0.329604625701904
v 0.819 1.24173217773438 0.0155
vn 0 0 -1
v 0.858948974609375 1.24173217773438 0.0155
vn 0 0 -1
v 0.8636806640625 1.243 0.0155
vn 0 0 -1
v 0.8763193359375 1.243 0.0155
vn 0 0 -1
v 0.888527282714844 1.23972888183594 0.0155
vn 0 0 -1
v 0.899472717285156 1.23340954589844 0.0155
vn 0 0 -1
v 0.908409545898437 1.22447265625 0.0155
vn 0 0 -1
v 0.914728881835937 1.21352734375 0.0155
vn 0 0 -1
v 0.918 1.2013193359375 0.0155
vn 0 0 -1
v 0.918 1.1886806640625 0.0155
vn 0 0 -1
v 0.914728881835937 1.17647265625 0.0155
vn 0 0 -1
v 0.908409545898437 1.16552734375 0.0155
vn 0 0 -1
v 0.899472717285156 1.15659045410156 0.0155
vn 0 0 -1
v 0.888527282714844 1.15027111816406 0.0155
vn 0 0 -1
v 0.8763193359375 1.147 0.0155
vn 0 0 -1
v 0.8636806640625 1.147 0.0155
vn 0 0 -1
v 0.858948974609375 1.14826782226563 0.0155
vn 0 0 -1
v 0.819 1.14826782226563 0.0155
vn 0 0 -1
v 0.800028747558594 1.24352880859375 -0.016
vn 0.0957251936197281 0.919863045215607 -0.380379557609558
v 0.8005 1.244 -0.0147372055053711
vn 0.0994610041379929 0.920014321804047 -0.379052966833115
v 0.819 1.242 -0.0147372055053711
vn 0.101475656032562 0.938649833202362 -0.329604625701904
v 0.819 1.24173217773438 -0.0155
vn 0.0990828424692154 0.93887734413147 -0.329684555530548
v 0.819 1.23388293457031 -0.0378528861999512
vn 0.0283712446689606 0.94314044713974 -0.33118149638176
v 0.745 1.23526281738281 -0.0402627944946289
vn 0.0324141047894955 0.865570306777954 -0.49973726272583
v 0.745 1.25 -0.0147372055053711
vn 0.093216709792614 0.862254619598389 -0.497822910547256
v 0.755 1.2489189453125 -0.0147372055053711
vn 0.0943311005830765 0.872562646865845 -0.479307889938354
v 0.755 1.24822521972656 -0.016
vn 0.0912280529737473 0.87281608581543 -0.479447096586227
v 0.8005 1.244 -0.0147372055053711
vn 0.107481844723225 0.99420702457428 0
v 0.8005 1.244 0.0147372055053711
vn 0.107481844723225 0.99420702457428 0
v 0.819 1.242 0.0147372055053711
vn 0.107481844723225 0.99420702457428 0
v 0.819 1.242 -0.0147372055053711
vn 0.107481844723225 0.99420702457428 0
v 0.8763193359375 1.243 -0.022
vn 3.50481261038055E-14 0.997458696365356 -0.0712470486760139
v 0.876056030273437 1.241 -0.05
vn 3.50481261038055E-14 0.997458696365356 -0.0712470486760139
v 0.863943969726563 1.241 -0.05
vn 3.50481261038055E-14 0.997458696365356 -0.0712470486760139
v 0.8636806640625 1.243 -0.022
vn 3.50481261038055E-14 0.997458696365356 -0.0712470486760139
v 0.851472717285156 1.15027111816406 -0.022
vn -0.258161306381226 -0.963471114635468 -0.0712470486760139
v 0.852244689941406 1.152134765625 -0.05
vn -0.258161306381226 -0.963471114635468 -0.0712470486760139
v 0.863943969726563 1.149 -0.05
vn -0.258161306381226 -0.963471114635468 -0.0712470486760139
v 0.8636806640625 1.147 -0.022
vn -0.258161306381226 -0.963471114635468 -0.0712470486760139
v 0.851472717285156 1.23972888183594 -0.022
vn -0.5 0.866025388240814 3.63045123926551E-16
v 0.850989135742187 1.23944970703125 -0.022
vn -0.5 0.866025388240814 3.63045123926551E-16
v 0.851472717285156 1.23972888183594 -0.0212049140930176
vn -0.5 0.866025388240814 3.63045123926551E-16
v 0.841289855957031 1.23241577148438 -0.0393862342834473
vn -0.498729348182678 0.863824546337128 -0.0712470486760139
v 0.843611999511719 1.23388293457031 -0.0378528861999512
vn -0.498729348182678 0.863824546337128 -0.0712470486760139
v 0.850989135742187 1.23944970703125 -0.022
vn -0.498729348182678 0.863824546337128 -0.0712470486760139
v 0.851472717285156 1.23972888183594 -0.022
vn -0.498729348182678 0.863824546337128 -0.0712470486760139
v 0.852244689941406 1.237865234375 -0.05
vn -0.498729348182678 0.863824546337128 -0.0712470486760139
v 0.841755310058594 1.23180920410156 -0.05
vn -0.498729348182678 0.863824546337128 -0.0712470486760139
v 0.843611999511719 1.23388293457031 -0.0378528861999512
vn 0 0.722525954246521 -0.691343784332275
v 0.841289855957031 1.23241577148438 -0.0393862342834473
vn 0 0.722525954246521 -0.691343784332275
v 0.838228576660156 1.22899328613281 -0.0429631614685059
vn 0 0.722525954246521 -0.691343784332275
v 0.819 1.22899328613281 -0.0429631614685059
vn 0 0.722525954246521 -0.691343784332275
v 0.819 1.23388293457031 -0.0378528861999512
vn 0 0.722525954246521 -0.691343784332275
v 0.8636806640625 1.243 -0.022
vn -0.258161306381226 0.963471114635468 -0.0712470486760139
v 0.863943969726563 1.241 -0.05
vn -0.258161306381226 0.963471114635468 -0.0712470486760139
v 0.852244689941406 1.237865234375 -0.05
vn -0.258161306381226 0.963471114635468 -0.0712470486760139
v 0.851472717285156 1.23972888183594 -0.022
vn -0.258161306381226 0.963471114635468 -0.0712470486760139
v 0.908409545898437 1.16552734375 -0.022
vn 0.863824546337128 -0.498729348182678 -0.0712470486760139
v 0.906809143066406 1.16675537109375 -0.05
vn 0.863824546337128 -0.498729348182678 -0.0712470486760139
v 0.912865173339844 1.17724462890625 -0.05
vn 0.863824546337128 -0.498729348182678 -0.0712470486760139
v 0.914728881835937 1.17647265625 -0.022
vn 0.863824546337128 -0.498729348182678 -0.0712470486760139
v 0.918 1.1886806640625 -0.022
vn 0.997458696365356 4.08169163065188E-17 -0.0712470486760139
v 0.916 1.18894396972656 -0.05
vn 0.997458696365356 4.08169163065188E-17 -0.0712470486760139
v 0.916 1.20105603027344 -0.05
vn 0.997458696365356 4.08169163065188E-17 -0.0712470486760139
v 0.918 1.2013193359375 -0.022
vn 0.997458696365356 4.08169163065188E-17 -0.0712470486760139
v 0.908409545898437 1.22447265625 -0.022
vn 0.705309808254242 0.705309808254242 -0.0712470486760139
v 0.906809143066406 1.22324462890625 -0.05
vn 0.705309808254242 0.705309808254242 -0.0712470486760139
v 0.898244689941406 1.23180920410156 -0.05
vn 0.705309808254242 0.705309808254242 -0.0712470486760139
v 0.899472717285156 1.23340954589844 -0.022
vn 0.705309808254242 0.705309808254242 -0.0712470486760139
v 0.8636806640625 1.147 -0.022
vn 0 -0.997458696365356 -0.0712470486760139
v 0.863943969726563 1.149 -0.05
vn 0 -0.997458696365356 -0.0712470486760139
v 0.876056030273437 1.149 -0.05
vn 0 -0.997458696365356 -0.0712470486760139
v 0.8763193359375 1.147 -0.022
vn 0 -0.997458696365356 -0.0712470486760139
v 0.888527282714844 1.23972888183594 -0.022
vn 0.258161306381226 0.963471114635468 -0.0712470486760139
v 0.887755310058594 1.237865234375 -0.05
vn 0.258161306381226 0.963471114635468 -0.0712470486760139
v 0.876056030273437 1.241 -0.05
vn 0.258161306381226 0.963471114635468 -0.0712470486760139
v 0.8763193359375 1.243 -0.022
vn 0.258161306381226 0.963471114635468 -0.0712470486760139
v 0.887755310058594 1.152134765625 -0.05
vn 0.353553384542465 -0.61237245798111 -0.70710676908493
v 0.8838955078125 1.16145336914063 -0.06
vn 0.353553384542465 -0.61237245798111 -0.70710676908493
v 0.8921044921875 1.16619287109375 -0.06
vn 0.353553384542465 -0.61237245798111 -0.70710676908493
v 0.898244689941406 1.15819079589844 -0.05
vn 0.353553384542465 -0.61237245798111 -0.70710676908493
v 0.898244689941406 1.15819079589844 -0.05
vn 0.5 -0.5 -0.70710676908493
v 0.8921044921875 1.16619287109375 -0.06
vn 0.5 -0.5 -0.70710676908493
v 0.898807189941406 1.1728955078125 -0.06
vn 0.5 -0.5 -0.70710676908493
v 0.906809143066406 1.16675537109375 -0.05
vn 0.5 -0.5 -0.70710676908493
v 0.912865173339844 1.17724462890625 -0.05
vn 0.683012723922729 -0.183012709021568 -0.70710676908493
v 0.903546630859375 1.1811044921875 -0.06
vn 0.683012723922729 -0.183012709021568 -0.70710676908493
v 0.906 1.19026049804687 -0.06
vn 0.683012723922729 -0.183012709021568 -0.70710676908493
v 0.916 1.18894396972656 -0.05
vn 0.683012723922729 -0.183012709021568 -0.70710676908493
v 0.912865173339844 1.21275537109375 -0.05
vn 0.61237245798111 0.353553384542465 -0.70710676908493
v 0.903546630859375 1.2088955078125 -0.06
vn 0.61237245798111 0.353553384542465 -0.70710676908493
v 0.898807189941406 1.2171044921875 -0.06
vn 0.61237245798111 0.353553384542465 -0.70710676908493
v 0.906809143066406 1.22324462890625 -0.05
vn 0.61237245798111 0.353553384542465 -0.70710676908493
v 0.916 1.20105603027344 -0.05
vn 0.683012723922729 0.183012709021568 -0.70710676908493
v 0.906 1.19973950195312 -0.06
vn 0.683012723922729 0.183012709021568 -0.70710676908493
v 0.903546630859375 1.2088955078125 -0.06
vn 0.683012723922729 0.183012709021568 -0.70710676908493
v 0.912865173339844 1.21275537109375 -0.05
vn 0.683012723922729 0.183012709021568 -0.70710676908493
v 0.755 1.1410810546875 -0.0147372055053711
vn 0.107481844723225 -0.99420702457428 0
v 0.755 1.1410810546875 0.0147372055053711
vn 0.107481844723225 -0.99420702457428 0
v 0.745 1.14 0.0147372055053711
vn 0.107481844723225 -0.99420702457428 0
v 0.745 1.14 -0.0147372055053711
vn 0.107481844723225 -0.99420702457428 0
v 0.755 1.1410810546875 -0.0147372055053711
vn 1 1.41840173608567E-32 -3.55786031716247E-17
v 0.755 1.14177478027344 -0.016
vn 1 1.41840173608567E-32 -3.55786031716247E-17
v 0.755 1.1565 -0.016
vn 1 1.41840173608567E-32 -3.55786031716247E-17
v 0.755 1.1565 0.016
vn 1 1.41840173608567E-32 -3.55786031716247E-17
v 0.755 1.14177478027344 0.016
vn 1 1.41840173608567E-32 -3.55786031716247E-17
v 0.755 1.1410810546875 0.0147372055053711
vn 1 1.41840173608567E-32 -3.55786031716247E-17
v 0.800028747558594 1.14647119140625 -0.016
vn -0.70710676908493 -0.70710676908493 -2.56742330227458E-16
v 0.8005 1.146 -0.0147372055053711
vn -0.70710676908493 -0.70710676908493 -2.56742330227458E-16
v 0.8005 1.146 0.0147372055053711
vn -0.70710676908493 -0.70710676908493 -2.56742330227458E-16
v 0.800028747558594 1.14647119140625 0.016
vn -0.70710676908493 -0.70710676908493 -2.56742330227458E-16
v 0.79 1.1565 0.016
vn -0.70710676908493 -0.70710676908493 -2.56742330227458E-16
v 0.79 1.1565 -0.016
vn -0.70710676908493 -0.70710676908493 -2.56742330227458E-16
v 0.755 1.14177478027344 -0.016
vn 3.55786031716247E-17 -3.98667068053551E-16 1
v 0.800028747558594 1.14647119140625 -0.016
vn 3.55786031716247E-17 -3.98667068053551E-16 1
v 0.79 1.1565 -0.016
vn 3.55786031716247E-17 -3.98667068053551E-16 1
v 0.755 1.1565 -0.016
vn 3.55786031716247E-17 -3.98667068053551E-16 1
v 0.745 1.14 -0.0147372055053711
vn 2.61641224687243E-16 -0.866025388240814 -0.5
v 0.329 1.14 -0.0147372055053711
vn 2.61641224687243E-16 -0.866025388240814 -0.5
v 0.329 1.15473718261719 -0.0402627944946289
vn 2.61641224687243E-16 -0.866025388240814 -0.5
v 0.745 1.15473718261719 -0.0402627944946289
vn 2.61641224687243E-16 -0.866025388240814 -0.5
v 0.745 1.159626953125 -0.0453730659484863
vn 0.035963524132967 -0.722058594226837 -0.690896570682526
v 0.819 1.16100671386719 -0.0429631614685059
vn 0.035963524132967 -0.722058594226837 -0.690896570682526
v 0.819 1.15611706542969 -0.0378528861999512
vn 0.035963524132967 -0.722058594226837 -0.690896570682526
v 0.745 1.15473718261719 -0.0402627944946289
vn 0.035963524132967 -0.722058594226837 -0.690896570682526
v 0.841289855957031 1.15758422851563 -0.0393862342834473
vn -0.705309808254242 -0.705309808254242 -0.0712470486760139
v 0.838228576660156 1.16100671386719 -0.0429631614685059
vn -0.705309808254242 -0.705309808254242 -0.0712470486760139
v 0.833100463867188 1.16668603515625 -0.0484187431335449
vn -0.705309808254242 -0.705309808254242 -0.0712470486760139
v 0.833190856933594 1.16675537109375 -0.05
vn -0.705309808254242 -0.705309808254242 -0.0712470486760139
v 0.841755310058594 1.15819079589844 -0.05
vn -0.705309808254242 -0.705309808254242 -0.0712470486760139
v 0.832834167480469 1.169373046875 -0.051
vn 0 -0.692763686180115 -0.721164643764496
v 0.832280517578125 1.16833203125 -0.05
vn 0 -0.692763686180115 -0.721164643764496
v 0.833100463867188 1.16668603515625 -0.0484187431335449
vn 0 -0.692763686180115 -0.721164643764496
v 0.838228576660156 1.16100671386719 -0.0429631614685059
vn 0 -0.692763686180115 -0.721164643764496
v 0.819 1.16100671386719 -0.0429631614685059
vn 0 -0.692763686180115 -0.721164643764496
v 0.819 1.169373046875 -0.051
vn 0 -0.692763686180115 -0.721164643764496
v 0.841755310058594 1.15819079589844 -0.05
vn -0.353553384542465 -0.61237245798111 -0.70710676908493
v 0.8478955078125 1.16619287109375 -0.06
vn -0.353553384542465 -0.61237245798111 -0.70710676908493
v 0.8561044921875 1.16145336914063 -0.06
vn -0.353553384542465 -0.61237245798111 -0.70710676908493
v 0.852244689941406 1.152134765625 -0.05
vn -0.353553384542465 -0.61237245798111 -0.70710676908493
v 0.898244689941406 1.23180920410156 -0.05
vn 0.353553384542465 0.61237245798111 -0.70710676908493
v 0.8921044921875 1.22380712890625 -0.06
vn 0.353553384542465 0.61237245798111 -0.70710676908493
v 0.8838955078125 1.22854663085938 -0.06
vn 0.353553384542465 0.61237245798111 -0.70710676908493
v 0.887755310058594 1.237865234375 -0.05
vn 0.353553384542465 0.61237245798111 -0.70710676908493
v 0.876056030273437 1.149 -0.05
vn 0.183012709021568 -0.683012723922729 -0.70710676908493
v 0.874739501953125 1.159 -0.06
vn 0.183012709021568 -0.683012723922729 -0.70710676908493
v 0.8838955078125 1.16145336914063 -0.06
vn 0.183012709021568 -0.683012723922729 -0.70710676908493
v 0.887755310058594 1.152134765625 -0.05
vn 0.183012709021568 -0.683012723922729 -0.70710676908493
v 0.755 1.14177478027344 0.016
vn -3.55786031716247E-17 3.98667068053551E-16 -1
v 0.755 1.1565 0.016
vn -3.55786031716247E-17 3.98667068053551E-16 -1
v 0.79 1.1565 0.016
vn -3.55786031716247E-17 3.98667068053551E-16 -1
v 0.800028747558594 1.14647119140625 0.016
vn -3.55786031716247E-17 3.98667068053551E-16 -1
v 0.819 1.14826782226563 0.0155
vn 0 -0.943520247936249 0.331314891576767
v 0.858948974609375 1.14826782226563 0.0155
vn 0 -0.943520247936249 0.331314891576767
v 0.851472717285156 1.15027111816406 0.0212049140930176
vn 0 -0.943520247936249 0.331314891576767
v 0.850989135742187 1.15055029296875 0.022
vn 0 -0.943520247936249 0.331314891576767
v 0.843611999511719 1.15611706542969 0.0378528861999512
vn 0 -0.943520247936249 0.331314891576767
v 0.819 1.15611706542969 0.0378528861999512
vn 0 -0.943520247936249 0.331314891576767
v 0.745 1.15473718261719 0.0402627944946289
vn -1.93028141358076E-16 -0.866025388240814 0.5
v 0.329 1.15473718261719 0.0402627944946289
vn -1.93028141358076E-16 -0.866025388240814 0.5
v 0.329 1.14 0.0147372055053711
vn -1.93028141358076E-16 -0.866025388240814 0.5
v 0.745 1.14 0.0147372055053711
vn -1.93028141358076E-16 -0.866025388240814 0.5
v 0.745 1.15473718261719 0.0402627944946289
vn 0.035963524132967 -0.722058594226837 0.690896570682526
v 0.819 1.15611706542969 0.0378528861999512
vn 0.035963524132967 -0.722058594226837 0.690896570682526
v 0.819 1.16100671386719 0.0429631614685059
vn 0.035963524132967 -0.722058594226837 0.690896570682526
v 0.745 1.159626953125 0.0453730659484863
vn 0.035963524132967 -0.722058594226837 0.690896570682526
v 0.755 1.24822521972656 -0.016
vn 1 -1.29607099792067E-13 -3.55786031716247E-17
v 0.755 1.2489189453125 -0.0147372055053711
vn 1 -1.29607099792067E-13 -3.55786031716247E-17
v 0.755 1.2489189453125 0.0147372055053711
vn 1 -1.29607099792067E-13 -3.55786031716247E-17
v 0.755 1.24822521972656 0.016
vn 1 -1.29607099792067E-13 -3.55786031716247E-17
v 0.755 1.2335 0.016
vn 1 -1.29607099792067E-13 -3.55786031716247E-17
v 0.755 1.2335 -0.016
vn 1 -1.29607099792067E-13 -3.55786031716247E-17
v 0.858948974609375 1.24173217773438 0.0155
vn 0 0.943520247936249 0.331314891576767
v 0.819 1.24173217773438 0.0155
vn 0 0.943520247936249 0.331314891576767
v 0.819 1.23388293457031 0.0378528861999512
vn 0 0.943520247936249 0.331314891576767
v 0.843611999511719 1.23388293457031 0.0378528861999512
vn 0 0.943520247936249 0.331314891576767
v 0.850989135742187 1.23944970703125 0.022
vn 0 0.943520247936249 0.331314891576767
v 0.851472717285156 1.23972888183594 0.0212049140930176
vn 0 0.943520247936249 0.331314891576767
v 0.800028747558594 1.24352880859375 0.016
vn -3.55786031716247E-17 3.98667068053551E-16 -1
v 0.79 1.2335 0.016
vn -3.55786031716247E-17 3.98667068053551E-16 -1
v 0.755 1.2335 0.016
vn -3.55786031716247E-17 3.98667068053551E-16 -1
v 0.755 1.24822521972656 0.016
vn -3.55786031716247E-17 3.98667068053551E-16 -1
v 0.745 1.230373046875 0.0453730659484863
vn 0.035963524132967 0.722058594226837 0.690896570682526
v 0.819 1.22899328613281 0.0429631614685059
vn 0.035963524132967 0.722058594226837 0.690896570682526
v 0.819 1.23388293457031 0.0378528861999512
vn 0.035963524132967 0.722058594226837 0.690896570682526
v 0.745 1.23526281738281 0.0402627944946289
vn 0.035963524132967 0.722058594226837 0.690896570682526
v 0.755 1.2489189453125 0.0147372055053711
vn 0.107481844723225 0.99420702457428 0
v 0.755 1.2489189453125 -0.0147372055053711
vn 0.107481844723225 0.99420702457428 0
v 0.745 1.25 -0.0147372055053711
vn 0.107481844723225 0.99420702457428 0
v 0.745 1.25 0.0147372055053711
vn 0.107481844723225 0.99420702457428 0
v 0.745 1.25 0.0147372055053711
vn -2.61641224687243E-16 0.866025388240814 0.5
v 0.329 1.25 0.0147372055053711
vn -2.61641224687243E-16 0.866025388240814 0.5
v 0.329 1.23526281738281 0.0402627944946289
vn -2.61641224687243E-16 0.866025388240814 0.5
v 0.745 1.23526281738281 0.0402627944946289
vn -2.61641224687243E-16 0.866025388240814 0.5
v 0.8005 1.244 -0.0147372055053711
vn -0.70710676908493 0.70710676908493 3.07058072527834E-16
v 0.800028747558594 1.24352880859375 -0.016
vn -0.70710676908493 0.70710676908493 3.07058072527834E-16
v 0.79 1.2335 -0.016
vn -0.70710676908493 0.70710676908493 3.07058072527834E-16
v 0.79 1.2335 0.016
vn -0.70710676908493 0.70710676908493 3.07058072527834E-16
v 0.800028747558594 1.24352880859375 0.016
vn -0.70710676908493 0.70710676908493 3.07058072527834E-16
v 0.8005 1.244 0.0147372055053711
vn -0.70710676908493 0.70710676908493 3.07058072527834E-16
v 0.8636806640625 1.147 0.0155
vn -1.75687101585525E-14 -1 -3.98667068053551E-16
v 0.8763193359375 1.147 0.0155
vn -1.75687101585525E-14 -1 -3.98667068053551E-16
v 0.8763193359375 1.147 0.022
vn -1.75687101585525E-14 -1 -3.98667068053551E-16
v 0.8636806640625 1.147 0.022
vn -1.75687101585525E-14 -1 -3.98667068053551E-16
v 0.888527282714844 1.15027111816406 0.0155
vn 0.5 -0.866025388240814 -3.63045123926551E-16
v 0.899472717285156 1.15659045410156 0.0155
vn 0.5 -0.866025388240814 -3.63045123926551E-16
v 0.899472717285156 1.15659045410156 0.022
vn 0.5 -0.866025388240814 -3.63045123926551E-16
v 0.888527282714844 1.15027111816406 0.022
vn 0.5 -0.866025388240814 -3.63045123926551E-16
v 0.908409545898437 1.16552734375 0.0155
vn 0.866025388240814 -0.5 -2.30145522153453E-16
v 0.914728881835937 1.17647265625 0.0155
vn 0.866025388240814 -0.5 -2.30145522153453E-16
v 0.914728881835937 1.17647265625 0.022
vn 0.866025388240814 -0.5 -2.30145522153453E-16
v 0.908409545898437 1.16552734375 0.022
vn 0.866025388240814 -0.5 -2.30145522153453E-16
v 0.918 1.2013193359375 0.0155
vn 0.965925812721252 0.258819043636322 6.88163381492835E-17
v 0.914728881835937 1.21352734375 0.0155
vn 0.965925812721252 0.258819043636322 6.88163381492835E-17
v 0.914728881835937 1.21352734375 0.022
vn 0.965925812721252 0.258819043636322 6.88163381492835E-17
v 0.918 1.2013193359375 0.022
vn 0.965925812721252 0.258819043636322 6.88163381492835E-17
v 0.908409545898437 1.22447265625 0.0155
vn 0.70710676908493 0.70710676908493 2.56742330227458E-16
v 0.899472717285156 1.23340954589844 0.0155
vn 0.70710676908493 0.70710676908493 2.56742330227458E-16
v 0.899472717285156 1.23340954589844 0.022
vn 0.70710676908493 0.70710676908493 2.56742330227458E-16
v 0.908409545898437 1.22447265625 0.022
vn 0.70710676908493 0.70710676908493 2.56742330227458E-16
v 0.8763193359375 1.147 0.0155
vn 0.258819043636322 -0.965925812721252 -3.94291242908476E-16
v 0.888527282714844 1.15027111816406 0.0155
vn 0.258819043636322 -0.965925812721252 -3.94291242908476E-16
v 0.888527282714844 1.15027111816406 0.022
vn 0.258819043636322 -0.965925812721252 -3.94291242908476E-16
v 0.8763193359375 1.147 0.022
vn 0.258819043636322 -0.965925812721252 -3.94291242908476E-16
v 0.8763193359375 1.243 0.0155
vn -1.75687101585525E-14 1 3.98667068053551E-16
v 0.8636806640625 1.243 0.0155
vn -1.75687101585525E-14 1 3.98667068053551E-16
v 0.8636806640625 1.243 0.022
vn -1.75687101585525E-14 1 3.98667068053551E-16
v 0.8763193359375 1.243 0.022
vn -1.75687101585525E-14 1 3.98667068053551E-16
v 0.899472717285156 1.15659045410156 0.0155
vn 0.70710676908493 -0.70710676908493 -3.07058072527834E-16
v 0.908409545898437 1.16552734375 0.0155
vn 0.70710676908493 -0.70710676908493 -3.07058072527834E-16
v 0.908409545898437 1.16552734375 0.022
vn 0.70710676908493 -0.70710676908493 -3.07058072527834E-16
v 0.899472717285156 1.15659045410156 0.022
vn 0.70710676908493 -0.70710676908493 -3.07058072527834E-16
v 0.914728881835937 1.17647265625 0.0155
vn 0.965925812721252 -0.258819043636322 -1.37548925915907E-16
v 0.918 1.1886806640625 0.0155
vn 0.965925812721252 -0.258819043636322 -1.37548925915907E-16
v 0.918 1.1886806640625 0.022
vn 0.965925812721252 -0.258819043636322 -1.37548925915907E-16
v 0.914728881835937 1.17647265625 0.022
vn 0.965925812721252 -0.258819043636322 -1.37548925915907E-16
v 0.918 1.1886806640625 0.0155
vn 1 3.51374203171051E-14 -3.55786031716247E-17
v 0.918 1.2013193359375 0.0155
vn 1 3.51374203171051E-14 -3.55786031716247E-17
v 0.918 1.2013193359375 0.022
vn 1 3.51374203171051E-14 -3.55786031716247E-17
v 0.918 1.1886806640625 0.022
vn 1 3.51374203171051E-14 -3.55786031716247E-17
v 0.858948974609375 1.14826782226563 0.0155
vn -0.258819043636322 -0.965925812721252 -3.75874390824783E-16
v 0.8636806640625 1.147 0.0155
vn -0.258819043636322 -0.965925812721252 -3.75874390824783E-16
v 0.8636806640625 1.147 0.022
vn -0.258819043636322 -0.965925812721252 -3.75874390824783E-16
v 0.851472717285156 1.15027111816406 0.022
vn -0.258819043636322 -0.965925812721252 -3.75874390824783E-16
v 0.851472717285156 1.15027111816406 0.0212049140930176
vn -0.258819043636322 -0.965925812721252 -3.75874390824783E-16
v 0.914728881835937 1.21352734375 0.0155
vn 0.866025388240814 0.5 1.68521559134988E-16
v 0.908409545898437 1.22447265625 0.0155
vn 0.866025388240814 0.5 1.68521559134988E-16
v 0.908409545898437 1.22447265625 0.022
vn 0.866025388240814 0.5 1.68521559134988E-16
v 0.914728881835937 1.21352734375 0.022
vn 0.866025388240814 0.5 1.68521559134988E-16
v 0.899472717285156 1.23340954589844 0.0155
vn 0.5 0.866025388240814 3.27466510828759E-16
v 0.888527282714844 1.23972888183594 0.0155
vn 0.5 0.866025388240814 3.27466510828759E-16
v 0.888527282714844 1.23972888183594 0.022
vn 0.5 0.866025388240814 3.27466510828759E-16
v 0.899472717285156 1.23340954589844 0.022
vn 0.5 0.866025388240814 3.27466510828759E-16
v 0.8636806640625 1.243 0.0155
vn -0.258819043636322 0.965925812721252 3.94291242908476E-16
v 0.858948974609375 1.24173217773438 0.0155
vn -0.258819043636322 0.965925812721252 3.94291242908476E-16
v 0.851472717285156 1.23972888183594 0.0212049140930176
vn -0.258819043636322 0.965925812721252 3.94291242908476E-16
v 0.851472717285156 1.23972888183594 0.022
vn -0.258819043636322 0.965925812721252 3.94291242908476E-16
v 0.8636806640625 1.243 0.022
vn -0.258819043636322 0.965925812721252 3.94291242908476E-16
v 0.888527282714844 1.23972888183594 0.0155
vn 0.258819043636322 0.965925812721252 3.75874390824783E-16
v 0.8763193359375 1.243 0.0155
vn 0.258819043636322 0.965925812721252 3.75874390824783E-16
v 0.8763193359375 1.243 0.022
vn 0.258819043636322 0.965925812721252 3.75874390824783E-16
v 0.888527282714844 1.23972888183594 0.022
vn 0.258819043636322 0.965925812721252 3.75874390824783E-16
v 0.745 1.23526281738281 -0.0402627944946289
vn 0.035963524132967 0.722058594226837 -0.690896570682526
v 0.819 1.23388293457031 -0.0378528861999512
vn 0.035963524132967 0.722058594226837 -0.690896570682526
v 0.819 1.22899328613281 -0.0429631614685059
vn 0.035963524132967 0.722058594226837 -0.690896570682526
v 0.745 1.230373046875 -0.0453730659484863
vn 0.035963524132967 0.722058594226837 -0.690896570682526
v 0.745 1.23526281738281 -0.0402627944946289
vn -3.02535710682884E-16 0.866025388240814 -0.5
v 0.329 1.23526281738281 -0.0402627944946289
vn -3.02535710682884E-16 0.866025388240814 -0.5
v 0.329 1.25 -0.0147372055053711
vn -3.02535710682884E-16 0.866025388240814 -0.5
v 0.745 1.25 -0.0147372055053711
vn -3.02535710682884E-16 0.866025388240814 -0.5
v 0.800028747558594 1.24352880859375 -0.016
vn 3.55786031716247E-17 -3.98667068053551E-16 1
v 0.755 1.24822521972656 -0.016
vn 3.55786031716247E-17 -3.98667068053551E-16 1
v 0.755 1.2335 -0.016
vn 3.55786031716247E-17 -3.98667068053551E-16 1
v 0.79 1.2335 -0.016
vn 3.55786031716247E-17 -3.98667068053551E-16 1
v 0.876056030273437 1.241 -0.05
vn -5.17623104616524E-16 0.70710676908493 -0.70710676908493
v 0.874739501953125 1.231 -0.06
vn -5.17623104616524E-16 0.70710676908493 -0.70710676908493
v 0.865260498046875 1.231 -0.06
vn -5.17623104616524E-16 0.70710676908493 -0.70710676908493
v 0.863943969726563 1.241 -0.05
vn -5.17623104616524E-16 0.70710676908493 -0.70710676908493
v 0.852244689941406 1.152134765625 -0.05
vn -0.183012709021568 -0.683012723922729 -0.70710676908493
v 0.8561044921875 1.16145336914063 -0.06
vn -0.183012709021568 -0.683012723922729 -0.70710676908493
v 0.865260498046875 1.159 -0.06
vn -0.183012709021568 -0.683012723922729 -0.70710676908493
v 0.863943969726563 1.149 -0.05
vn -0.183012709021568 -0.683012723922729 -0.70710676908493
v 0.852244689941406 1.237865234375 -0.05
vn -0.353553384542465 0.61237245798111 -0.70710676908493
v 0.8561044921875 1.22854663085938 -0.06
vn -0.353553384542465 0.61237245798111 -0.70710676908493
v 0.8478955078125 1.22380712890625 -0.06
vn -0.353553384542465 0.61237245798111 -0.70710676908493
v 0.841755310058594 1.23180920410156 -0.05
vn -0.353553384542465 0.61237245798111 -0.70710676908493
v 0.833190856933594 1.22324462890625 -0.05
vn -0.705309808254242 0.705309808254242 -0.0712470486760139
v 0.833100463867188 1.22331396484375 -0.0484187431335449
vn -0.705309808254242 0.705309808254242 -0.0712470486760139
v 0.838228576660156 1.22899328613281 -0.0429631614685059
vn -0.705309808254242 0.705309808254242 -0.0712470486760139
v 0.841289855957031 1.23241577148438 -0.0393862342834473
vn -0.705309808254242 0.705309808254242 -0.0712470486760139
v 0.841755310058594 1.23180920410156 -0.05
vn -0.705309808254242 0.705309808254242 -0.0712470486760139
v 0.832280517578125 1.22166796875 -0.05
vn 0 0.692763686180115 -0.721164643764496
v 0.832834167480469 1.220626953125 -0.051
vn 0 0.692763686180115 -0.721164643764496
v 0.819 1.220626953125 -0.051
vn 0 0.692763686180115 -0.721164643764496
v 0.819 1.22899328613281 -0.0429631614685059
vn 0 0.692763686180115 -0.721164643764496
v 0.838228576660156 1.22899328613281 -0.0429631614685059
vn 0 0.692763686180115 -0.721164643764496
v 0.833100463867188 1.22331396484375 -0.0484187431335449
vn 0 0.692763686180115 -0.721164643764496
v 0.863943969726563 1.241 -0.05
vn -0.183012709021568 0.683012723922729 -0.70710676908493
v 0.865260498046875 1.231 -0.06
vn -0.183012709021568 0.683012723922729 -0.70710676908493
v 0.8561044921875 1.22854663085938 -0.06
vn -0.183012709021568 0.683012723922729 -0.70710676908493
v 0.852244689941406 1.237865234375 -0.05
vn -0.183012709021568 0.683012723922729 -0.70710676908493
v 0.906809143066406 1.16675537109375 -0.05
vn 0.61237245798111 -0.353553384542465 -0.70710676908493
v 0.898807189941406 1.1728955078125 -0.06
vn 0.61237245798111 -0.353553384542465 -0.70710676908493
v 0.903546630859375 1.1811044921875 -0.06
vn 0.61237245798111 -0.353553384542465 -0.70710676908493
v 0.912865173339844 1.17724462890625 -0.05
vn 0.61237245798111 -0.353553384542465 -0.70710676908493
v 0.916 1.18894396972656 -0.05
vn 0.70710676908493 4.05096339290787E-16 -0.70710676908493
v 0.906 1.19026049804687 -0.06
vn 0.70710676908493 4.05096339290787E-16 -0.70710676908493
v 0.906 1.19973950195312 -0.06
vn 0.70710676908493 4.05096339290787E-16 -0.70710676908493
v 0.916 1.20105603027344 -0.05
vn 0.70710676908493 4.05096339290787E-16 -0.70710676908493
v 0.906809143066406 1.22324462890625 -0.05
vn 0.5 0.5 -0.70710676908493
v 0.898807189941406 1.2171044921875 -0.06
vn 0.5 0.5 -0.70710676908493
v 0.8921044921875 1.22380712890625 -0.06
vn 0.5 0.5 -0.70710676908493
v 0.898244689941406 1.23180920410156 -0.05
vn 0.5 0.5 -0.70710676908493
v 0.863943969726563 1.149 -0.05
vn 0 -0.70710676908493 -0.70710676908493
v 0.865260498046875 1.159 -0.06
vn 0 -0.70710676908493 -0.70710676908493
v 0.874739501953125 1.159 -0.06
vn 0 -0.70710676908493 -0.70710676908493
v 0.876056030273437 1.149 -0.05
vn 0 -0.70710676908493 -0.70710676908493
v 0.887755310058594 1.237865234375 -0.05
vn 0.183012709021568 0.683012723922729 -0.70710676908493
v 0.8838955078125 1.22854663085938 -0.06
vn 0.183012709021568 0.683012723922729 -0.70710676908493
v 0.874739501953125 1.231 -0.06
vn 0.183012709021568 0.683012723922729 -0.70710676908493
v 0.876056030273437 1.241 -0.05
vn 0.183012709021568 0.683012723922729 -0.70710676908493
v 0.8838955078125 1.22854663085938 -0.06
vn 3.66014794969845E-16 6.33956250718765E-16 -1
v 0.8921044921875 1.22380712890625 -0.06
vn 3.66014794969845E-16 6.33956250718765E-16 -1
v 0.898807189941406 1.2171044921875 -0.06
vn 3.66014794969845E-16 6.33956250718765E-16 -1
v 0.903546630859375 1.2088955078125 -0.06
vn 3.66014794969845E-16 6.33956250718765E-16 -1
v 0.906 1.19973950195312 -0.06
vn 3.66014794969845E-16 6.33956250718765E-16 -1
v 0.906 1.19026049804687 -0.06
vn 3.66014794969845E-16 6.33956250718765E-16 -1
v 0.903546630859375 1.1811044921875 -0.06
vn 3.66014794969845E-16 6.33956250718765E-16 -1
v 0.898807189941406 1.1728955078125 -0.06
vn 3.66014794969845E-16 6.33956250718765E-16 -1
v 0.8921044921875 1.16619287109375 -0.06
vn 3.66014794969845E-16 6.33956250718765E-16 -1
v 0.8838955078125 1.16145336914063 -0.06
vn 3.66014794969845E-16 6.33956250718765E-16 -1
v 0.874739501953125 1.159 -0.06
vn 3.66014794969845E-16 6.33956250718765E-16 -1
v 0.865260498046875 1.159 -0.06
vn 3.66014794969845E-16 6.33956250718765E-16 -1
v 0.8561044921875 1.16145336914063 -0.06
vn 3.66014794969845E-16 6.33956250718765E-16 -1
v 0.8478955078125 1.16619287109375 -0.06
vn 3.66014794969845E-16 6.33956250718765E-16 -1
v 0.841192810058594 1.1728955078125 -0.06
vn 3.66014794969845E-16 6.33956250718765E-16 -1
v 0.836453369140625 1.1811044921875 -0.06
vn 3.66014794969845E-16 6.33956250718765E-16 -1
v 0.834 1.19026049804687 -0.06
vn 3.66014794969845E-16 6.33956250718765E-16 -1
v 0.834 1.19973950195312 -0.06
vn 3.66014794969845E-16 6.33956250718765E-16 -1
v 0.836453369140625 1.2088955078125 -0.06
vn 3.66014794969845E-16 6.33956250718765E-16 -1
v 0.841192810058594 1.2171044921875 -0.06
vn 3.66014794969845E-16 6.33956250718765E-16 -1
v 0.8478955078125 1.22380712890625 -0.06
vn 3.66014794969845E-16 6.33956250718765E-16 -1
v 0.8561044921875 1.22854663085938 -0.06
vn 3.66014794969845E-16 6.33956250718765E-16 -1
v 0.865260498046875 1.231 -0.06
vn 3.66014794969845E-16 6.33956250718765E-16 -1
v 0.874739501953125 1.231 -0.06
vn 3.66014794969845E-16 6.33956250718765E-16 -1
v 0.329 1.14 0.0147372055053711
vn 3.22658566531686E-16 -1 7.21748304025917E-17
v 0.329 1.14 -0.0147372055053711
vn 3.22658566531686E-16 -1 7.21748304025917E-17
v 0.745 1.14 -0.0147372055053711
vn 3.22658566531686E-16 -1 7.21748304025917E-17
v 0.745 1.14 0.0147372055053711
vn 3.22658566531686E-16 -1 7.21748304025917E-17
v 0.755 1.1565 -0.016
vn -1.41840173608567E-32 -1 -3.98667068053551E-16
v 0.79 1.1565 -0.016
vn -1.41840173608567E-32 -1 -3.98667068053551E-16
v 0.79 1.1565 0.016
vn -1.41840173608567E-32 -1 -3.98667068053551E-16
v 0.755 1.1565 0.016
vn -1.41840173608567E-32 -1 -3.98667068053551E-16
v 0.318 1.1225 -0.0114828720092773
vn 0.817914962768555 -0.54718005657196 -0.177789583802223
v 0.318 1.12959680175781 -0.033324592590332
vn 0.892499268054962 -0.428972899913788 -0.139381751418114
v 0.329 1.15473718261719 -0.0402627944946289
vn 0.857118248939514 -0.446106761693954 -0.25755986571312
v 0.329 1.14 -0.0147372055053711
vn 0.775881707668304 -0.546356737613678 -0.315439224243164
v 0.745 1.15473718261719 -0.0402627944946289
vn 2.08532153015279E-16 -0.722525954246521 -0.691343784332275
v 0.329 1.15473718261719 -0.0402627944946289
vn 2.08532153015279E-16 -0.722525954246521 -0.691343784332275
v 0.329 1.159626953125 -0.0453730659484863
vn 2.08532153015279E-16 -0.722525954246521 -0.691343784332275
v 0.745 1.159626953125 -0.0453730659484863
vn 2.08532153015279E-16 -0.722525954246521 -0.691343784332275
v 0.745 1.159626953125 -0.0453730659484863
vn 0.0374999046325684 -0.499648302793503 -0.865416288375854
v 0.745 1.169373046875 -0.051
vn -7.43228043128749E-14 -0.5 -0.866025388240814
v 0.819 1.169373046875 -0.051
vn -8.73057661864192E-14 -0.692763686180115 -0.721164643764496
v 0.819 1.16100671386719 -0.0429631614685059
vn 0.036378912627697 -0.692305147647858 -0.72068727016449
v 0.833190856933594 1.16675537109375 -0.05
vn -0.863824546337128 -0.498729348182678 -0.0712470486760139
v 0.833100463867188 1.16668603515625 -0.0484187431335449
vn -0.863824546337128 -0.498729348182678 -0.0712470486760139
v 0.832280517578125 1.16833203125 -0.05
vn -0.863824546337128 -0.498729348182678 -0.0712470486760139
v 0.833190856933594 1.16675537109375 -0.05
vn -0.5 -0.5 -0.70710676908493
v 0.841192810058594 1.1728955078125 -0.06
vn -0.5 -0.5 -0.70710676908493
v 0.8478955078125 1.16619287109375 -0.06
vn -0.5 -0.5 -0.70710676908493
v 0.841755310058594 1.15819079589844 -0.05
vn -0.5 -0.5 -0.70710676908493
v 0.745 1.169373046875 -0.051
vn 7.78538951463561E-17 -0.344794064760208 -0.938678324222565
v 0.329 1.169373046875 -0.051
vn 7.78538951463561E-17 -0.344794064760208 -0.938678324222565
v 0.329 1.18026281738281 -0.055
vn 7.78538951463561E-17 -0.344794064760208 -0.938678324222565
v 0.831502502441406 1.18026281738281 -0.055
vn 7.78538951463561E-17 -0.344794064760208 -0.938678324222565
v 0.831360046386719 1.17899487304688 -0.0545342483520508
vn 7.78538951463561E-17 -0.344794064760208 -0.938678324222565
v 0.832834167480469 1.169373046875 -0.051
vn 7.78538951463561E-17 -0.344794064760208 -0.938678324222565
v 0.819 1.169373046875 -0.051
vn 7.78538951463561E-17 -0.344794064760208 -0.938678324222565
v 0.832280517578125 1.16833203125 -0.05
vn -0.61237245798111 -0.353553384542465 -0.70710676908493
v 0.832834167480469 1.169373046875 -0.051
vn -0.61237245798111 -0.353553384542465 -0.70710676908493
v 0.831360046386719 1.17899487304688 -0.0545342483520508
vn -0.61237245798111 -0.353553384542465 -0.70710676908493
v 0.836453369140625 1.1811044921875 -0.06
vn -0.61237245798111 -0.353553384542465 -0.70710676908493
v 0.841192810058594 1.1728955078125 -0.06
vn -0.61237245798111 -0.353553384542465 -0.70710676908493
v 0.833190856933594 1.16675537109375 -0.05
vn -0.61237245798111 -0.353553384542465 -0.70710676908493
v 0.841755310058594 1.15819079589844 0.05
vn -0.498729348182678 -0.863824546337128 0.0712470486760139
v 0.841289855957031 1.15758422851563 0.0393862342834473
vn -0.498729348182678 -0.863824546337128 0.0712470486760139
v 0.843611999511719 1.15611706542969 0.0378528861999512
vn -0.498729348182678 -0.863824546337128 0.0712470486760139
v 0.850989135742187 1.15055029296875 0.022
vn -0.498729348182678 -0.863824546337128 0.0712470486760139
v 0.851472717285156 1.15027111816406 0.022
vn -0.498729348182678 -0.863824546337128 0.0712470486760139
v 0.852244689941406 1.152134765625 0.05
vn -0.498729348182678 -0.863824546337128 0.0712470486760139
v 0.850989135742187 1.15055029296875 0.022
vn -0.5 -0.866025388240814 -3.27466510828759E-16
v 0.851472717285156 1.15027111816406 0.0212049140930176
vn -0.5 -0.866025388240814 -3.27466510828759E-16
v 0.851472717285156 1.15027111816406 0.022
vn -0.5 -0.866025388240814 -3.27466510828759E-16
v 0.843611999511719 1.15611706542969 0.0378528861999512
vn 0 -0.722525954246521 0.691343784332275
v 0.841289855957031 1.15758422851563 0.0393862342834473
vn 0 -0.722525954246521 0.691343784332275
v 0.838228576660156 1.16100671386719 0.0429631614685059
vn 0 -0.722525954246521 0.691343784332275
v 0.819 1.16100671386719 0.0429631614685059
vn 0 -0.722525954246521 0.691343784332275
v 0.819 1.15611706542969 0.0378528861999512
vn 0 -0.722525954246521 0.691343784332275
v 0.745 1.159626953125 0.0453730659484863
vn 2.57726238405033E-16 -0.722525954246521 0.691343784332275
v 0.329 1.159626953125 0.0453730659484863
vn 2.57726238405033E-16 -0.722525954246521 0.691343784332275
v 0.329 1.15473718261719 0.0402627944946289
vn 2.57726238405033E-16 -0.722525954246521 0.691343784332275
v 0.745 1.15473718261719 0.0402627944946289
vn 2.57726238405033E-16 -0.722525954246521 0.691343784332275
v 0.318 1.12959680175781 0.033324592590332
vn 0.892499268054962 -0.428972899913788 0.139381751418114
v 0.318 1.1225 0.0114828720092773
vn 0.817914962768555 -0.54718005657196 0.177789583802223
v 0.329 1.14 0.0147372055053711
vn 0.775881707668304 -0.546356737613678 0.315439224243164
v 0.329 1.15473718261719 0.0402627944946289
vn 0.857118248939514 -0.446106761693954 0.25755986571312
v 0.745 1.169373046875 0.051
vn -9.62484757692506E-14 -0.5 0.866025388240814
v 0.745 1.159626953125 0.0453730659484863
vn 0.0374999046325684 -0.499648302793503 0.865416288375854
v 0.819 1.16100671386719 0.0429631614685059
vn 0.036378912627697 -0.692305147647858 0.72068727016449
v 0.819 1.169373046875 0.051
vn -1.03940964721935E-13 -0.692763686180115 0.721164643764496
v 0.79 1.2335 -0.016
vn 1.26882635257883E-13 1 3.98667068053551E-16
v 0.755 1.2335 -0.016
vn 1.26882635257883E-13 1 3.98667068053551E-16
v 0.755 1.2335 0.016
vn 1.26882635257883E-13 1 3.98667068053551E-16
v 0.79 1.2335 0.016
vn 1.26882635257883E-13 1 3.98667068053551E-16
v 0.841289855957031 1.23241577148438 0.0393862342834473
vn 0 0.722525954246521 0.691343784332275
v 0.843611999511719 1.23388293457031 0.0378528861999512
vn 0 0.722525954246521 0.691343784332275
v 0.819 1.23388293457031 0.0378528861999512
vn 0 0.722525954246521 0.691343784332275
v 0.819 1.22899328613281 0.0429631614685059
vn 0 0.722525954246521 0.691343784332275
v 0.838228576660156 1.22899328613281 0.0429631614685059
vn 0 0.722525954246521 0.691343784332275
v 0.851472717285156 1.23972888183594 0.0212049140930176
vn -0.5 0.866025388240814 3.63045123926551E-16
v 0.850989135742187 1.23944970703125 0.022
vn -0.5 0.866025388240814 3.63045123926551E-16
v 0.851472717285156 1.23972888183594 0.022
vn -0.5 0.866025388240814 3.63045123926551E-16
v 0.851472717285156 1.23972888183594 0.022
vn -0.498729348182678 0.863824546337128 0.0712470486760139
v 0.850989135742187 1.23944970703125 0.022
vn -0.498729348182678 0.863824546337128 0.0712470486760139
v 0.843611999511719 1.23388293457031 0.0378528861999512
vn -0.498729348182678 0.863824546337128 0.0712470486760139
v 0.841289855957031 1.23241577148438 0.0393862342834473
vn -0.498729348182678 0.863824546337128 0.0712470486760139
v 0.841755310058594 1.23180920410156 0.05
vn -0.498729348182678 0.863824546337128 0.0712470486760139
v 0.852244689941406 1.237865234375 0.05
vn -0.498729348182678 0.863824546337128 0.0712470486760139
v 0.745 1.23526281738281 0.0402627944946289
vn -2.08532153015279E-16 0.722525954246521 0.691343784332275
v 0.329 1.23526281738281 0.0402627944946289
vn -2.08532153015279E-16 0.722525954246521 0.691343784332275
v 0.329 1.230373046875 0.0453730659484863
vn -2.08532153015279E-16 0.722525954246521 0.691343784332275
v 0.745 1.230373046875 0.0453730659484863
vn -2.08532153015279E-16 0.722525954246521 0.691343784332275
v 0.745 1.230373046875 0.0453730659484863
vn 0.0374999046325684 0.499648302793503 0.865416288375854
v 0.745 1.220626953125 0.051
vn -1.31554033820452E-14 0.5 0.866025388240814
v 0.819 1.220626953125 0.051
vn -1.03462838340132E-14 0.692763686180115 0.721164643764496
v 0.819 1.22899328613281 0.0429631614685059
vn 0.036378912627697 0.692305147647858 0.72068727016449
v 0.329 1.25 -0.0147372055053711
vn -3.22658566531686E-16 1 -7.21748304025917E-17
v 0.329 1.25 0.0147372055053711
vn -3.22658566531686E-16 1 -7.21748304025917E-17
v 0.745 1.25 0.0147372055053711
vn -3.22658566531686E-16 1 -7.21748304025917E-17
v 0.745 1.25 -0.0147372055053711
vn -3.22658566531686E-16 1 -7.21748304025917E-17
v 0.318 1.2675 0.0114828720092773
vn 0.817914962768555 0.54718005657196 0.177789583802223
v 0.318 1.26040319824219 0.033324592590332
vn 0.892499268054962 0.428972899913788 0.139381751418114
v 0.329 1.23526281738281 0.0402627944946289
vn 0.857118248939514 0.446106761693954 0.25755986571312
v 0.329 1.25 0.0147372055053711
vn 0.775881707668304 0.546356737613678 0.315439224243164
v 0.863943969726563 1.149 0.05
vn 5.06974117068137E-18 -0.997458696365356 0.0712470486760139
v 0.8636806640625 1.147 0.022
vn 5.06974117068137E-18 -0.997458696365356 0.0712470486760139
v 0.8763193359375 1.147 0.022
vn 5.06974117068137E-18 -0.997458696365356 0.0712470486760139
v 0.876056030273437 1.149 0.05
vn 5.06974117068137E-18 -0.997458696365356 0.0712470486760139
v 0.887755310058594 1.152134765625 0.05
vn 0.498729348182678 -0.863824546337128 0.0712470486760139
v 0.888527282714844 1.15027111816406 0.022
vn 0.498729348182678 -0.863824546337128 0.0712470486760139
v 0.899472717285156 1.15659045410156 0.022
vn 0.498729348182678 -0.863824546337128 0.0712470486760139
v 0.898244689941406 1.15819079589844 0.05
vn 0.498729348182678 -0.863824546337128 0.0712470486760139
v 0.906809143066406 1.16675537109375 0.05
vn 0.863824546337128 -0.498729348182678 0.0712470486760139
v 0.908409545898437 1.16552734375 0.022
vn 0.863824546337128 -0.498729348182678 0.0712470486760139
v 0.914728881835937 1.17647265625 0.022
vn 0.863824546337128 -0.498729348182678 0.0712470486760139
v 0.912865173339844 1.17724462890625 0.05
vn 0.863824546337128 -0.498729348182678 0.0712470486760139
v 0.916 1.20105603027344 0.05
vn 0.963471114635468 0.258161306381226 0.0712470486760139
v 0.918 1.2013193359375 0.022
vn 0.963471114635468 0.258161306381226 0.0712470486760139
v 0.914728881835937 1.21352734375 0.022
vn 0.963471114635468 0.258161306381226 0.0712470486760139
v 0.912865173339844 1.21275537109375 0.05
vn 0.963471114635468 0.258161306381226 0.0712470486760139
v 0.906809143066406 1.22324462890625 0.05
vn 0.705309808254242 0.705309808254242 0.0712470486760139
v 0.908409545898437 1.22447265625 0.022
vn 0.705309808254242 0.705309808254242 0.0712470486760139
v 0.899472717285156 1.23340954589844 0.022
vn 0.705309808254242 0.705309808254242 0.0712470486760139
v 0.898244689941406 1.23180920410156 0.05
vn 0.705309808254242 0.705309808254242 0.0712470486760139
v 0.876056030273437 1.149 0.05
vn 0.258161306381226 -0.963471114635468 0.0712470486760139
v 0.8763193359375 1.147 0.022
vn 0.258161306381226 -0.963471114635468 0.0712470486760139
v 0.888527282714844 1.15027111816406 0.022
vn 0.258161306381226 -0.963471114635468 0.0712470486760139
v 0.887755310058594 1.152134765625 0.05
vn 0.258161306381226 -0.963471114635468 0.0712470486760139
v 0.876056030273437 1.241 0.05
vn 3.50531947489619E-14 0.997458696365356 0.0712470486760139
v 0.8763193359375 1.243 0.022
vn 3.50531947489619E-14 0.997458696365356 0.0712470486760139
v 0.8636806640625 1.243 0.022
vn 3.50531947489619E-14 0.997458696365356 0.0712470486760139
v 0.863943969726563 1.241 0.05
vn 3.50531947489619E-14 0.997458696365356 0.0712470486760139
v 0.898244689941406 1.15819079589844 0.05
vn 0.705309808254242 -0.705309808254242 0.0712470486760139
v 0.899472717285156 1.15659045410156 0.022
vn 0.705309808254242 -0.705309808254242 0.0712470486760139
v 0.908409545898437 1.16552734375 0.022
vn 0.705309808254242 -0.705309808254242 0.0712470486760139
v 0.906809143066406 1.16675537109375 0.05
vn 0.705309808254242 -0.705309808254242 0.0712470486760139
v 0.912865173339844 1.17724462890625 0.05
vn 0.963471114635468 -0.258161306381226 0.0712470486760139
v 0.914728881835937 1.17647265625 0.022
vn 0.963471114635468 -0.258161306381226 0.0712470486760139
v 0.918 1.1886806640625 0.022
vn 0.963471114635468 -0.258161306381226 0.0712470486760139
v 0.916 1.18894396972656 0.05
vn 0.963471114635468 -0.258161306381226 0.0712470486760139
v 0.916 1.18894396972656 0.05
vn 0.997458696365356 -1.59907875953567E-17 0.0712470486760139
v 0.918 1.1886806640625 0.022
vn 0.997458696365356 -1.59907875953567E-17 0.0712470486760139
v 0.918 1.2013193359375 0.022
vn 0.997458696365356 -1.59907875953567E-17 0.0712470486760139
v 0.916 1.20105603027344 0.05
vn 0.997458696365356 -1.59907875953567E-17 0.0712470486760139
v 0.852244689941406 1.152134765625 0.05
vn -0.258161306381226 -0.963471114635468 0.0712470486760139
v 0.851472717285156 1.15027111816406 0.022
vn -0.258161306381226 -0.963471114635468 0.0712470486760139
v 0.8636806640625 1.147 0.022
vn -0.258161306381226 -0.963471114635468 0.0712470486760139
v 0.863943969726563 1.149 0.05
vn -0.258161306381226 -0.963471114635468 0.0712470486760139
v 0.912865173339844 1.21275537109375 0.05
vn 0.863824546337128 0.498729348182678 0.0712470486760139
v 0.914728881835937 1.21352734375 0.022
vn 0.863824546337128 0.498729348182678 0.0712470486760139
v 0.908409545898437 1.22447265625 0.022
vn 0.863824546337128 0.498729348182678 0.0712470486760139
v 0.906809143066406 1.22324462890625 0.05
vn 0.863824546337128 0.498729348182678 0.0712470486760139
v 0.898244689941406 1.23180920410156 0.05
vn 0.498729348182678 0.863824546337128 0.0712470486760139
v 0.899472717285156 1.23340954589844 0.022
vn 0.498729348182678 0.863824546337128 0.0712470486760139
v 0.888527282714844 1.23972888183594 0.022
vn 0.498729348182678 0.863824546337128 0.0712470486760139
v 0.887755310058594 1.237865234375 0.05
vn 0.498729348182678 0.863824546337128 0.0712470486760139
v 0.863943969726563 1.241 0.05
vn -0.258161306381226 0.963471114635468 0.0712470486760139
v 0.8636806640625 1.243 0.022
vn -0.258161306381226 0.963471114635468 0.0712470486760139
v 0.851472717285156 1.23972888183594 0.022
vn -0.258161306381226 0.963471114635468 0.0712470486760139
v 0.852244689941406 1.237865234375 0.05
vn -0.258161306381226 0.963471114635468 0.0712470486760139
v 0.887755310058594 1.237865234375 0.05
vn 0.258161306381226 0.963471114635468 0.0712470486760139
v 0.888527282714844 1.23972888183594 0.022
vn 0.258161306381226 0.963471114635468 0.0712470486760139
v 0.8763193359375 1.243 0.022
vn 0.258161306381226 0.963471114635468 0.0712470486760139
v 0.876056030273437 1.241 0.05
vn 0.258161306381226 0.963471114635468 0.0712470486760139
v 0.745 1.230373046875 -0.0453730659484863
vn -2.57726238405033E-16 0.722525954246521 -0.691343784332275
v 0.329 1.230373046875 -0.0453730659484863
vn -2.57726238405033E-16 0.722525954246521 -0.691343784332275
v 0.329 1.23526281738281 -0.0402627944946289
vn -2.57726238405033E-16 0.722525954246521 -0.691343784332275
v 0.745 1.23526281738281 -0.0402627944946289
vn -2.57726238405033E-16 0.722525954246521 -0.691343784332275
v 0.745 1.220626953125 -0.051
vn 7.30855761093473E-16 0.5 -0.866025388240814
v 0.745 1.230373046875 -0.0453730659484863
vn 0.0374999046325684 0.499648302793503 -0.865416288375854
v 0.819 1.22899328613281 -0.0429631614685059
vn 0.036378912627697 0.692305147647858 -0.72068727016449
v 0.819 1.220626953125 -0.051
vn 6.08604925184358E-16 0.692763686180115 -0.721164643764496
v 0.318 1.26040319824219 -0.033324592590332
vn 0.892499268054962 0.428972899913788 -0.139381751418114
v 0.318 1.2675 -0.0114828720092773
vn 0.817914962768555 0.54718005657196 -0.177789583802223
v 0.329 1.25 -0.0147372055053711
vn 0.775881707668304 0.546356737613678 -0.315439224243164
v 0.329 1.23526281738281 -0.0402627944946289
vn 0.857118248939514 0.446106761693954 -0.25755986571312
v 0.841755310058594 1.23180920410156 -0.05
vn -0.5 0.5 -0.70710676908493
v 0.8478955078125 1.22380712890625 -0.06
vn -0.5 0.5 -0.70710676908493
v 0.841192810058594 1.2171044921875 -0.06
vn -0.5 0.5 -0.70710676908493
v 0.833190856933594 1.22324462890625 -0.05
vn -0.5 0.5 -0.70710676908493
v 0.833190856933594 1.22324462890625 -0.05
vn -0.863824546337128 0.498729348182678 -0.0712470486760139
v 0.832280517578125 1.22166796875 -0.05
vn -0.863824546337128 0.498729348182678 -0.0712470486760139
v 0.833100463867188 1.22331396484375 -0.0484187431335449
vn -0.863824546337128 0.498729348182678 -0.0712470486760139
v 0.831502502441406 1.20973718261719 -0.055
vn -1.4464763111416E-16 0.344794064760208 -0.938678324222565
v 0.329 1.20973718261719 -0.055
vn -1.4464763111416E-16 0.344794064760208 -0.938678324222565
v 0.329 1.220626953125 -0.051
vn -1.4464763111416E-16 0.344794064760208 -0.938678324222565
v 0.745 1.220626953125 -0.051
vn -1.4464763111416E-16 0.344794064760208 -0.938678324222565
v 0.819 1.220626953125 -0.051
vn -1.4464763111416E-16 0.344794064760208 -0.938678324222565
v 0.832834167480469 1.220626953125 -0.051
vn -1.4464763111416E-16 0.344794064760208 -0.938678324222565
v 0.831360046386719 1.21100512695313 -0.0545342483520508
vn -1.4464763111416E-16 0.344794064760208 -0.938678324222565
v 0.836453369140625 1.2088955078125 -0.06
vn -0.61237245798111 0.353553384542465 -0.70710676908493
v 0.831360046386719 1.21100512695313 -0.0545342483520508
vn -0.61237245798111 0.353553384542465 -0.70710676908493
v 0.832834167480469 1.220626953125 -0.051
vn -0.61237245798111 0.353553384542465 -0.70710676908493
v 0.832280517578125 1.22166796875 -0.05
vn -0.61237245798111 0.353553384542465 -0.70710676908493
v 0.833190856933594 1.22324462890625 -0.05
vn -0.61237245798111 0.353553384542465 -0.70710676908493
v 0.841192810058594 1.2171044921875 -0.06
vn -0.61237245798111 0.353553384542465 -0.70710676908493
v 0.829 1.18960229492187 -0.055
vn -0.70710676908493 6.67733826131139E-14 -0.70710676908493
v 0.829 1.20039770507812 -0.055
vn -0.70710676908493 6.67733826131139E-14 -0.70710676908493
v 0.834 1.19973950195312 -0.06
vn -0.70710676908493 6.67733826131139E-14 -0.70710676908493
v 0.834 1.19026049804687 -0.06
vn -0.70710676908493 6.67733826131139E-14 -0.70710676908493
v 0.831360046386719 1.17899487304688 -0.0545342483520508
vn -0.683012723922729 -0.183012709021568 -0.70710676908493
v 0.831502502441406 1.18026281738281 -0.055
vn -0.683012723922729 -0.183012709021568 -0.70710676908493
v 0.829 1.18960229492187 -0.055
vn -0.683012723922729 -0.183012709021568 -0.70710676908493
v 0.834 1.19026049804687 -0.06
vn -0.683012723922729 -0.183012709021568 -0.70710676908493
v 0.836453369140625 1.1811044921875 -0.06
vn -0.683012723922729 -0.183012709021568 -0.70710676908493
v 0.834 1.19973950195312 -0.06
vn -0.683012723922729 0.183012709021568 -0.70710676908493
v 0.829 1.20039770507812 -0.055
vn -0.683012723922729 0.183012709021568 -0.70710676908493
v 0.831502502441406 1.20973718261719 -0.055
vn -0.683012723922729 0.183012709021568 -0.70710676908493
v 0.831360046386719 1.21100512695313 -0.0545342483520508
vn -0.683012723922729 0.183012709021568 -0.70710676908493
v 0.836453369140625 1.2088955078125 -0.06
vn -0.683012723922729 0.183012709021568 -0.70710676908493
v 0.318 1.1225 -0.0114828720092773
vn 0.846636533737183 -0.532171547412872 3.20727873513033E-14
v 0.329 1.14 -0.0147372055053711
vn 0.846636533737183 -0.532171547412872 3.20727873513033E-14
v 0.329 1.14 0.0147372055053711
vn 0.846636533737183 -0.532171547412872 3.20727873513033E-14
v 0.318 1.1225 0.0114828720092773
vn 0.846636533737183 -0.532171547412872 3.20727873513033E-14
v 0.318 1.1225 -0.0114828720092773
vn -1.49651425211321E-28 -0.95105654001236 -0.30901700258255
v 0.311 1.1225 -0.0114828720092773
vn -1.49651425211321E-28 -0.95105654001236 -0.30901700258255
v 0.311 1.12959680175781 -0.033324592590332
vn -1.49651425211321E-28 -0.95105654001236 -0.30901700258255
v 0.318 1.12959680175781 -0.033324592590332
vn -1.49651425211321E-28 -0.95105654001236 -0.30901700258255
v 0.318 1.12959680175781 -0.033324592590332
vn 0.82828289270401 -0.453300386667252 -0.329342007637024
v 0.318 1.143095703125 -0.0519042701721191
vn 0.842633485794067 -0.435645550489426 -0.316515028476715
v 0.329 1.159626953125 -0.0453730659484863
vn 0.831420719623566 -0.401466757059097 -0.384140580892563
v 0.329 1.15473718261719 -0.0402627944946289
vn 0.772181510925293 -0.4590944647789 -0.439281225204468
v 0.745 1.159626953125 -0.0453730659484863
vn 1.30517308374055E-16 -0.5 -0.866025388240814
v 0.329 1.159626953125 -0.0453730659484863
vn 1.30517308374055E-16 -0.5 -0.866025388240814
v 0.329 1.169373046875 -0.051
vn 1.30517308374055E-16 -0.5 -0.866025388240814
v 0.745 1.169373046875 -0.051
vn 1.30517308374055E-16 -0.5 -0.866025388240814
v 0.329 1.18026281738281 -0.055
vn -3.55786031716247E-17 4.2624053158552E-16 -1
v 0.329 1.20973718261719 -0.055
vn -3.55786031716247E-17 4.2624053158552E-16 -1
v 0.831502502441406 1.20973718261719 -0.055
vn -3.55786031716247E-17 4.2624053158552E-16 -1
v 0.829 1.20039770507812 -0.055
vn -3.55786031716247E-17 4.2624053158552E-16 -1
v 0.829 1.18960229492187 -0.055
vn -3.55786031716247E-17 4.2624053158552E-16 -1
v 0.831502502441406 1.18026281738281 -0.055
vn -3.55786031716247E-17 4.2624053158552E-16 -1
v 0.318 1.16167541503906 -0.0654031982421875
vn 0.825307846069336 -0.174496650695801 -0.537045478820801
v 0.318 1.18351708984375 -0.0725
vn 0.817914962768555 -0.177789583802223 -0.54718005657196
v 0.329 1.18026281738281 -0.055
vn 0.812023460865021 -0.201230362057686 -0.547835946083069
v 0.329 1.169373046875 -0.051
vn 0.826887786388397 -0.193900793790817 -0.527881741523743
v 0.833190856933594 1.16675537109375 0.05
vn -0.705309808254242 -0.705309808254242 0.0712470486760139
v 0.833100463867188 1.16668603515625 0.0484187431335449
vn -0.705309808254242 -0.705309808254242 0.0712470486760139
v 0.838228576660156 1.16100671386719 0.0429631614685059
vn -0.705309808254242 -0.705309808254242 0.0712470486760139
v 0.841289855957031 1.15758422851563 0.0393862342834473
vn -0.705309808254242 -0.705309808254242 0.0712470486760139
v 0.841755310058594 1.15819079589844 0.05
vn -0.705309808254242 -0.705309808254242 0.0712470486760139
v 0.8478955078125 1.16619287109375 0.06
vn -0.353553384542465 -0.61237245798111 0.70710676908493
v 0.841755310058594 1.15819079589844 0.05
vn -0.353553384542465 -0.61237245798111 0.70710676908493
v 0.852244689941406 1.152134765625 0.05
vn -0.353553384542465 -0.61237245798111 0.70710676908493
v 0.8561044921875 1.16145336914063 0.06
vn -0.353553384542465 -0.61237245798111 0.70710676908493
v 0.832280517578125 1.16833203125 0.05
vn 0 -0.692763686180115 0.721164643764496
v 0.832834167480469 1.169373046875 0.051
vn 0 -0.692763686180115 0.721164643764496
v 0.819 1.169373046875 0.051
vn 0 -0.692763686180115 0.721164643764496
v 0.819 1.16100671386719 0.0429631614685059
vn 0 -0.692763686180115 0.721164643764496
v 0.838228576660156 1.16100671386719 0.0429631614685059
vn 0 -0.692763686180115 0.721164643764496
v 0.833100463867188 1.16668603515625 0.0484187431335449
vn 0 -0.692763686180115 0.721164643764496
v 0.745 1.169373046875 0.051
vn 1.92141258157631E-16 -0.5 0.866025388240814
v 0.329 1.169373046875 0.051
vn 1.92141258157631E-16 -0.5 0.866025388240814
v 0.329 1.159626953125 0.0453730659484863
vn 1.92141258157631E-16 -0.5 0.866025388240814
v 0.745 1.159626953125 0.0453730659484863
vn 1.92141258157631E-16 -0.5 0.866025388240814
v 0.318 1.143095703125 0.0519042701721191
vn 0.842633485794067 -0.435645550489426 0.316515028476715
v 0.318 1.12959680175781 0.033324592590332
vn 0.82828289270401 -0.453300386667252 0.329342007637024
v 0.329 1.15473718261719 0.0402627944946289
vn 0.772181510925293 -0.4590944647789 0.439281225204468
v 0.329 1.159626953125 0.0453730659484863
vn 0.831420719623566 -0.401466757059097 0.384140580892563
v 0.318 1.12959680175781 0.033324592590332
vn 3.75424864344151E-29 -0.95105654001236 0.30901700258255
v 0.311 1.12959680175781 0.033324592590332
vn 3.75424864344151E-29 -0.95105654001236 0.30901700258255
v 0.311 1.1225 0.0114828720092773
vn 3.75424864344151E-29 -0.95105654001236 0.30901700258255
v 0.318 1.1225 0.0114828720092773
vn 3.75424864344151E-29 -0.95105654001236 0.30901700258255
v 0.831502502441406 1.18026281738281 0.055
vn 1.4464763111416E-16 -0.344794064760208 0.938678324222565
v 0.329 1.18026281738281 0.055
vn 1.4464763111416E-16 -0.344794064760208 0.938678324222565
v 0.329 1.169373046875 0.051
vn 1.4464763111416E-16 -0.344794064760208 0.938678324222565
v 0.745 1.169373046875 0.051
vn 1.4464763111416E-16 -0.344794064760208 0.938678324222565
v 0.819 1.169373046875 0.051
vn 1.4464763111416E-16 -0.344794064760208 0.938678324222565
v 0.832834167480469 1.169373046875 0.051
vn 1.4464763111416E-16 -0.344794064760208 0.938678324222565
v 0.831360046386719 1.17899487304688 0.0545342483520508
vn 1.4464763111416E-16 -0.344794064760208 0.938678324222565
v 0.841755310058594 1.23180920410156 0.05
vn -0.705309808254242 0.705309808254242 0.0712470486760139
v 0.841289855957031 1.23241577148438 0.0393862342834473
vn -0.705309808254242 0.705309808254242 0.0712470486760139
v 0.838228576660156 1.22899328613281 0.0429631614685059
vn -0.705309808254242 0.705309808254242 0.0712470486760139
v 0.833100463867188 1.22331396484375 0.0484187431335449
vn -0.705309808254242 0.705309808254242 0.0712470486760139
v 0.833190856933594 1.22324462890625 0.05
vn -0.705309808254242 0.705309808254242 0.0712470486760139
v 0.832834167480469 1.220626953125 0.051
vn 0 0.692763686180115 0.721164643764496
v 0.832280517578125 1.22166796875 0.05
vn 0 0.692763686180115 0.721164643764496
v 0.833100463867188 1.22331396484375 0.0484187431335449
vn 0 0.692763686180115 0.721164643764496
v 0.838228576660156 1.22899328613281 0.0429631614685059
vn 0 0.692763686180115 0.721164643764496
v 0.819 1.22899328613281 0.0429631614685059
vn 0 0.692763686180115 0.721164643764496
v 0.819 1.220626953125 0.051
vn 0 0.692763686180115 0.721164643764496
v 0.8561044921875 1.22854663085938 0.06
vn -0.353553384542465 0.61237245798111 0.70710676908493
v 0.852244689941406 1.237865234375 0.05
vn -0.353553384542465 0.61237245798111 0.70710676908493
v 0.841755310058594 1.23180920410156 0.05
vn -0.353553384542465 0.61237245798111 0.70710676908493
v 0.8478955078125 1.22380712890625 0.06
vn -0.353553384542465 0.61237245798111 0.70710676908493
v 0.318 1.26040319824219 0.033324592590332
vn 0.82828289270401 0.453300386667252 0.329342007637024
v 0.318 1.246904296875 0.0519042701721191
vn 0.842633485794067 0.435645550489426 0.316515028476715
v 0.329 1.230373046875 0.0453730659484863
vn 0.831420719623566 0.401466757059097 0.384140580892563
v 0.329 1.23526281738281 0.0402627944946289
vn 0.772181510925293 0.4590944647789 0.439281225204468
v 0.745 1.230373046875 0.0453730659484863
vn -1.30517308374055E-16 0.5 0.866025388240814
v 0.329 1.230373046875 0.0453730659484863
vn -1.30517308374055E-16 0.5 0.866025388240814
v 0.329 1.220626953125 0.051
vn -1.30517308374055E-16 0.5 0.866025388240814
v 0.745 1.220626953125 0.051
vn -1.30517308374055E-16 0.5 0.866025388240814
v 0.745 1.220626953125 0.051
vn -7.78538951463561E-17 0.344794064760208 0.938678324222565
v 0.329 1.220626953125 0.051
vn -7.78538951463561E-17 0.344794064760208 0.938678324222565
v 0.329 1.20973718261719 0.055
vn -7.78538951463561E-17 0.344794064760208 0.938678324222565
v 0.831502502441406 1.20973718261719 0.055
vn -7.78538951463561E-17 0.344794064760208 0.938678324222565
v 0.831360046386719 1.21100512695313 0.0545342483520508
vn -7.78538951463561E-17 0.344794064760208 0.938678324222565
v 0.832834167480469 1.220626953125 0.051
vn -7.78538951463561E-17 0.344794064760208 0.938678324222565
v 0.819 1.220626953125 0.051
vn -7.78538951463561E-17 0.344794064760208 0.938678324222565
v 0.318 1.2675 0.0114828720092773
vn 0.846636533737183 0.532171547412872 -3.20727873513033E-14
v 0.329 1.25 0.0147372055053711
vn 0.846636533737183 0.532171547412872 -3.20727873513033E-14
v 0.329 1.25 -0.0147372055053711
vn 0.846636533737183 0.532171547412872 -3.20727873513033E-14
v 0.318 1.2675 -0.0114828720092773
vn 0.846636533737183 0.532171547412872 -3.20727873513033E-14
v 0.318 1.2675 0.0114828720092773
vn 1.49651425211321E-28 0.95105654001236 0.30901700258255
v 0.311 1.2675 0.0114828720092773
vn 1.49651425211321E-28 0.95105654001236 0.30901700258255
v 0.311 1.26040319824219 0.033324592590332
vn 1.49651425211321E-28 0.95105654001236 0.30901700258255
v 0.318 1.26040319824219 0.033324592590332
vn 1.49651425211321E-28 0.95105654001236 0.30901700258255
v 0.865260498046875 1.159 0.06
vn 5.0315745609098E-17 -0.70710676908493 0.70710676908493
v 0.863943969726563 1.149 0.05
vn 5.0315745609098E-17 -0.70710676908493 0.70710676908493
v 0.876056030273437 1.149 0.05
vn 5.0315745609098E-17 -0.70710676908493 0.70710676908493
v 0.874739501953125 1.159 0.06
vn 5.0315745609098E-17 -0.70710676908493 0.70710676908493
v 0.8838955078125 1.16145336914063 0.06
vn 0.353553384542465 -0.61237245798111 0.70710676908493
v 0.887755310058594 1.152134765625 0.05
vn 0.353553384542465 -0.61237245798111 0.70710676908493
v 0.898244689941406 1.15819079589844 0.05
vn 0.353553384542465 -0.61237245798111 0.70710676908493
v 0.8921044921875 1.16619287109375 0.06
vn 0.353553384542465 -0.61237245798111 0.70710676908493
v 0.898807189941406 1.1728955078125 0.06
vn 0.61237245798111 -0.353553384542465 0.70710676908493
v 0.906809143066406 1.16675537109375 0.05
vn 0.61237245798111 -0.353553384542465 0.70710676908493
v 0.912865173339844 1.17724462890625 0.05
vn 0.61237245798111 -0.353553384542465 0.70710676908493
v 0.903546630859375 1.1811044921875 0.06
vn 0.61237245798111 -0.353553384542465 0.70710676908493
v 0.906 1.19973950195312 0.06
vn 0.683012723922729 0.183012709021568 0.70710676908493
v 0.916 1.20105603027344 0.05
vn 0.683012723922729 0.183012709021568 0.70710676908493
v 0.912865173339844 1.21275537109375 0.05
vn 0.683012723922729 0.183012709021568 0.70710676908493
v 0.903546630859375 1.2088955078125 0.06
vn 0.683012723922729 0.183012709021568 0.70710676908493
v 0.898807189941406 1.2171044921875 0.06
vn 0.5 0.5 0.70710676908493
v 0.906809143066406 1.22324462890625 0.05
vn 0.5 0.5 0.70710676908493
v 0.898244689941406 1.23180920410156 0.05
vn 0.5 0.5 0.70710676908493
v 0.8921044921875 1.22380712890625 0.06
vn 0.5 0.5 0.70710676908493
v 0.874739501953125 1.159 0.06
vn 0.183012709021568 -0.683012723922729 0.70710676908493
v 0.876056030273437 1.149 0.05
vn 0.183012709021568 -0.683012723922729 0.70710676908493
v 0.887755310058594 1.152134765625 0.05
vn 0.183012709021568 -0.683012723922729 0.70710676908493
v 0.8838955078125 1.16145336914063 0.06
vn 0.183012709021568 -0.683012723922729 0.70710676908493
v 0.874739501953125 1.231 0.06
vn -4.67307335846369E-16 0.70710676908493 0.70710676908493
v 0.876056030273437 1.241 0.05
vn -4.67307335846369E-16 0.70710676908493 0.70710676908493
v 0.863943969726563 1.241 0.05
vn -4.67307335846369E-16 0.70710676908493 0.70710676908493
v 0.865260498046875 1.231 0.06
vn -4.67307335846369E-16 0.70710676908493 0.70710676908493
v 0.8921044921875 1.16619287109375 0.06
vn 0.5 -0.5 0.70710676908493
v 0.898244689941406 1.15819079589844 0.05
vn 0.5 -0.5 0.70710676908493
v 0.906809143066406 1.16675537109375 0.05
vn 0.5 -0.5 0.70710676908493
v 0.898807189941406 1.1728955078125 0.06
vn 0.5 -0.5 0.70710676908493
v 0.903546630859375 1.1811044921875 0.06
vn 0.683012723922729 -0.183012709021568 0.70710676908493
v 0.912865173339844 1.17724462890625 0.05
vn 0.683012723922729 -0.183012709021568 0.70710676908493
v 0.916 1.18894396972656 0.05
vn 0.683012723922729 -0.183012709021568 0.70710676908493
v 0.906 1.19026049804687 0.06
vn 0.683012723922729 -0.183012709021568 0.70710676908493
v 0.906 1.19026049804687 0.06
vn 0.70710676908493 -1.58704036994726E-16 0.70710676908493
v 0.916 1.18894396972656 0.05
vn 0.70710676908493 -1.58704036994726E-16 0.70710676908493
v 0.916 1.20105603027344 0.05
vn 0.70710676908493 -1.58704036994726E-16 0.70710676908493
v 0.906 1.19973950195312 0.06
vn 0.70710676908493 -1.58704036994726E-16 0.70710676908493
v 0.8561044921875 1.16145336914063 0.06
vn -0.183012709021568 -0.683012723922729 0.70710676908493
v 0.852244689941406 1.152134765625 0.05
vn -0.183012709021568 -0.683012723922729 0.70710676908493
v 0.863943969726563 1.149 0.05
vn -0.183012709021568 -0.683012723922729 0.70710676908493
v 0.865260498046875 1.159 0.06
vn -0.183012709021568 -0.683012723922729 0.70710676908493
v 0.903546630859375 1.2088955078125 0.06
vn 0.61237245798111 0.353553384542465 0.70710676908493
v 0.912865173339844 1.21275537109375 0.05
vn 0.61237245798111 0.353553384542465 0.70710676908493
v 0.906809143066406 1.22324462890625 0.05
vn 0.61237245798111 0.353553384542465 0.70710676908493
v 0.898807189941406 1.2171044921875 0.06
vn 0.61237245798111 0.353553384542465 0.70710676908493
v 0.8921044921875 1.22380712890625 0.06
vn 0.353553384542465 0.61237245798111 0.70710676908493
v 0.898244689941406 1.23180920410156 0.05
vn 0.353553384542465 0.61237245798111 0.70710676908493
v 0.887755310058594 1.237865234375 0.05
vn 0.353553384542465 0.61237245798111 0.70710676908493
v 0.8838955078125 1.22854663085938 0.06
vn 0.353553384542465 0.61237245798111 0.70710676908493
v 0.865260498046875 1.231 0.06
vn -0.183012709021568 0.683012723922729 0.70710676908493
v 0.863943969726563 1.241 0.05
vn -0.183012709021568 0.683012723922729 0.70710676908493
v 0.852244689941406 1.237865234375 0.05
vn -0.183012709021568 0.683012723922729 0.70710676908493
v 0.8561044921875 1.22854663085938 0.06
vn -0.183012709021568 0.683012723922729 0.70710676908493
v 0.8838955078125 1.22854663085938 0.06
vn 0.183012709021568 0.683012723922729 0.70710676908493
v 0.887755310058594 1.237865234375 0.05
vn 0.183012709021568 0.683012723922729 0.70710676908493
v 0.876056030273437 1.241 0.05
vn 0.183012709021568 0.683012723922729 0.70710676908493
v 0.874739501953125 1.231 0.06
vn 0.183012709021568 0.683012723922729 0.70710676908493
v 0.318 1.246904296875 -0.0519042701721191
vn 0.842633485794067 0.435645550489426 -0.316515028476715
v 0.318 1.26040319824219 -0.033324592590332
vn 0.82828289270401 0.453300386667252 -0.329342007637024
v 0.329 1.23526281738281 -0.0402627944946289
vn 0.772181510925293 0.4590944647789 -0.439281225204468
v 0.329 1.230373046875 -0.0453730659484863
vn 0.831420719623566 0.401466757059097 -0.384140580892563
v 0.745 1.220626953125 -0.051
vn -1.92141258157631E-16 0.5 -0.866025388240814
v 0.329 1.220626953125 -0.051
vn -1.92141258157631E-16 0.5 -0.866025388240814
v 0.329 1.230373046875 -0.0453730659484863
vn -1.92141258157631E-16 0.5 -0.866025388240814
v 0.745 1.230373046875 -0.0453730659484863
vn -1.92141258157631E-16 0.5 -0.866025388240814
v 0.318 1.26040319824219 -0.033324592590332
vn -3.75424864344151E-29 0.95105654001236 -0.30901700258255
v 0.311 1.26040319824219 -0.033324592590332
vn -3.75424864344151E-29 0.95105654001236 -0.30901700258255
v 0.311 1.2675 -0.0114828720092773
vn -3.75424864344151E-29 0.95105654001236 -0.30901700258255
v 0.318 1.2675 -0.0114828720092773
vn -3.75424864344151E-29 0.95105654001236 -0.30901700258255
v 0.318 1.20648291015625 -0.0725
vn 0.817914962768555 0.177789583802223 -0.54718005657196
v 0.318 1.22832458496094 -0.0654031982421875
vn 0.825307846069336 0.174496650695801 -0.537045478820801
v 0.329 1.220626953125 -0.051
vn 0.826887786388397 0.193900793790817 -0.527881741523743
v 0.329 1.20973718261719 -0.055
vn 0.812023460865021 0.201230362057686 -0.547835946083069
v 0.311 1.1225 0.0114828720092773
vn -5.89391558471786E-29 -1 -9.66851348060873E-15
v 0.311 1.1225 -0.0114828720092773
vn -5.89391558471786E-29 -1 -9.66851348060873E-15
v 0.318 1.1225 -0.0114828720092773
vn -5.89391558471786E-29 -1 -9.66851348060873E-15
v 0.318 1.1225 0.0114828720092773
vn -5.89391558471786E-29 -1 -9.66851348060873E-15
v 0.311 1.12959680175781 -0.033324592590332
vn -1 5.89391558471786E-29 3.02886091232422E-28
v 0.311 1.1225 -0.0114828720092773
vn -1 5.89391558471786E-29 3.02886091232422E-28
v 0.311 1.1225 0.0114828720092773
vn -1 5.89391558471786E-29 3.02886091232422E-28
v 0.311 1.12959680175781 0.033324592590332
vn -1 5.89391558471786E-29 3.02886091232422E-28
v 0.311 1.143095703125 0.0519042701721191
vn -1 5.89391558471786E-29 3.02886091232422E-28
v 0.311 1.16167541503906 0.0654031982421875
vn -1 5.89391558471786E-29 3.02886091232422E-28
v 0.311 1.18351708984375 0.0725
vn -1 5.89391558471786E-29 3.02886091232422E-28
v 0.311 1.20648291015625 0.0725
vn -1 5.89391558471786E-29 3.02886091232422E-28
v 0.311 1.22832458496094 0.0654031982421875
vn -1 5.89391558471786E-29 3.02886091232422E-28
v 0.311 1.246904296875 0.0519042701721191
vn -1 5.89391558471786E-29 3.02886091232422E-28
v 0.311 1.26040319824219 0.033324592590332
vn -1 5.89391558471786E-29 3.02886091232422E-28
v 0.311 1.2675 0.0114828720092773
vn -1 5.89391558471786E-29 3.02886091232422E-28
v 0.311 1.2675 -0.0114828720092773
vn -1 5.89391558471786E-29 3.02886091232422E-28
v 0.311 1.26040319824219 -0.033324592590332
vn -1 5.89391558471786E-29 3.02886091232422E-28
v 0.311 1.246904296875 -0.0519042701721191
vn -1 5.89391558471786E-29 3.02886091232422E-28
v 0.311 1.22832458496094 -0.0654031982421875
vn -1 5.89391558471786E-29 3.02886091232422E-28
v 0.311 1.20648291015625 -0.0725
vn -1 5.89391558471786E-29 3.02886091232422E-28
v 0.311 1.18351708984375 -0.0725
vn -1 5.89391558471786E-29 3.02886091232422E-28
v 0.311 1.16167541503906 -0.0654031982421875
vn -1 5.89391558471786E-29 3.02886091232422E-28
v 0.311 1.143095703125 -0.0519042701721191
vn -1 5.89391558471786E-29 3.02886091232422E-28
v 0.311 1.17086840820313 -0.0473609352111816
vn -1 5.89391558471786E-29 3.02886091232422E-28
v 0.311 1.18668481445313 -0.0525
vn -1 5.89391558471786E-29 3.02886091232422E-28
v 0.311 1.20331518554688 -0.0525
vn -1 5.89391558471786E-29 3.02886091232422E-28
v 0.311 1.21913159179688 -0.0473609352111816
vn -1 5.89391558471786E-29 3.02886091232422E-28
v 0.311 1.23258581542969 -0.0375858497619629
vn -1 5.89391558471786E-29 3.02886091232422E-28
v 0.311 1.24236096191406 -0.0241316013336182
vn -1 5.89391558471786E-29 3.02886091232422E-28
v 0.311 1.2475 -0.00831518268585205
vn -1 5.89391558471786E-29 3.02886091232422E-28
v 0.311 1.2475 0.00831518268585205
vn -1 5.89391558471786E-29 3.02886091232422E-28
v 0.311 1.24236096191406 0.0241316013336182
vn -1 5.89391558471786E-29 3.02886091232422E-28
v 0.311 1.23258581542969 0.0375858497619629
vn -1 5.89391558471786E-29 3.02886091232422E-28
v 0.311 1.21913159179688 0.0473609352111816
vn -1 5.89391558471786E-29 3.02886091232422E-28
v 0.311 1.20331518554688 0.0525
vn -1 5.89391558471786E-29 3.02886091232422E-28
v 0.311 1.18668481445313 0.0525
vn -1 5.89391558471786E-29 3.02886091232422E-28
v 0.311 1.17086840820313 0.0473609352111816
vn -1 5.89391558471786E-29 3.02886091232422E-28
v 0.311 1.15741418457031 0.0375858497619629
vn -1 5.89391558471786E-29 3.02886091232422E-28
v 0.311 1.14763903808594 0.0241316013336182
vn -1 5.89391558471786E-29 3.02886091232422E-28
v 0.311 1.1425 0.00831518268585205
vn -1 5.89391558471786E-29 3.02886091232422E-28
v 0.311 1.1425 -0.00831518268585205
vn -1 5.89391558471786E-29 3.02886091232422E-28
v 0.311 1.14763903808594 -0.0241316013336182
vn -1 5.89391558471786E-29 3.02886091232422E-28
v 0.311 1.15741418457031 -0.0375858497619629
vn -1 5.89391558471786E-29 3.02886091232422E-28
v 0.318 1.12959680175781 -0.033324592590332
vn -2.25714752436306E-28 -0.80901700258255 -0.587785243988037
v 0.311 1.12959680175781 -0.033324592590332
vn -2.25714752436306E-28 -0.80901700258255 -0.587785243988037
v 0.311 1.143095703125 -0.0519042701721191
vn -2.25714752436306E-28 -0.80901700258255 -0.587785243988037
v 0.318 1.143095703125 -0.0519042701721191
vn -2.25714752436306E-28 -0.80901700258255 -0.587785243988037
v 0.318 1.143095703125 -0.0519042701721191
vn 0.806417226791382 -0.347585022449493 -0.478409767150879
v 0.318 1.16167541503906 -0.0654031982421875
vn 0.826935052871704 -0.330510139465332 -0.454908192157745
v 0.329 1.169373046875 -0.051
vn 0.829262971878052 -0.279429316520691 -0.483985751867294
v 0.329 1.159626953125 -0.0453730659484863
vn 0.784632861614227 -0.30998033285141 -0.536901712417603
v 0.318 1.20648291015625 -0.0725
vn 0.846636533737183 -2.11730521895541E-14 -0.532171547412872
v 0.329 1.20973718261719 -0.055
vn 0.846636533737183 -2.11730521895541E-14 -0.532171547412872
v 0.329 1.18026281738281 -0.055
vn 0.846636533737183 -2.11730521895541E-14 -0.532171547412872
v 0.318 1.18351708984375 -0.0725
vn 0.846636533737183 -2.11730521895541E-14 -0.532171547412872
v 0.318 1.16167541503906 -0.0654031982421875
vn -3.06275005710815E-28 -0.30901700258255 -0.95105654001236
v 0.311 1.16167541503906 -0.0654031982421875
vn -3.06275005710815E-28 -0.30901700258255 -0.95105654001236
v 0.311 1.18351708984375 -0.0725
vn -3.06275005710815E-28 -0.30901700258255 -0.95105654001236
v 0.318 1.18351708984375 -0.0725
vn -3.06275005710815E-28 -0.30901700258255 -0.95105654001236
v 0.833190856933594 1.16675537109375 0.05
vn -0.863824546337128 -0.498729348182678 0.0712470486760139
v 0.832280517578125 1.16833203125 0.05
vn -0.863824546337128 -0.498729348182678 0.0712470486760139
v 0.833100463867188 1.16668603515625 0.0484187431335449
vn -0.863824546337128 -0.498729348182678 0.0712470486760139
v 0.841192810058594 1.1728955078125 0.06
vn -0.5 -0.5 0.70710676908493
v 0.833190856933594 1.16675537109375 0.05
vn -0.5 -0.5 0.70710676908493
v 0.841755310058594 1.15819079589844 0.05
vn -0.5 -0.5 0.70710676908493
v 0.8478955078125 1.16619287109375 0.06
vn -0.5 -0.5 0.70710676908493
v 0.8921044921875 1.22380712890625 0.06
vn 4.37172021165429E-16 -1.63377898623227E-16 1
v 0.8838955078125 1.22854663085938 0.06
vn 4.37172021165429E-16 -1.63377898623227E-16 1
v 0.874739501953125 1.231 0.06
vn 4.37172021165429E-16 -1.63377898623227E-16 1
v 0.865260498046875 1.231 0.06
vn 4.37172021165429E-16 -1.63377898623227E-16 1
v 0.8561044921875 1.22854663085938 0.06
vn 4.37172021165429E-16 -1.63377898623227E-16 1
v 0.8478955078125 1.22380712890625 0.06
vn 4.37172021165429E-16 -1.63377898623227E-16 1
v 0.841192810058594 1.2171044921875 0.06
vn 4.37172021165429E-16 -1.63377898623227E-16 1
v 0.836453369140625 1.2088955078125 0.06
vn 4.37172021165429E-16 -1.63377898623227E-16 1
v 0.834 1.19973950195312 0.06
vn 4.37172021165429E-16 -1.63377898623227E-16 1
v 0.834 1.19026049804687 0.06
vn 4.37172021165429E-16 -1.63377898623227E-16 1
v 0.836453369140625 1.1811044921875 0.06
vn 4.37172021165429E-16 -1.63377898623227E-16 1
v 0.841192810058594 1.1728955078125 0.06
vn 4.37172021165429E-16 -1.63377898623227E-16 1
v 0.8478955078125 1.16619287109375 0.06
vn 4.37172021165429E-16 -1.63377898623227E-16 1
v 0.8561044921875 1.16145336914063 0.06
vn 4.37172021165429E-16 -1.63377898623227E-16 1
v 0.865260498046875 1.159 0.06
vn 4.37172021165429E-16 -1.63377898623227E-16 1
v 0.874739501953125 1.159 0.06
vn 4.37172021165429E-16 -1.63377898623227E-16 1
v 0.8838955078125 1.16145336914063 0.06
vn 4.37172021165429E-16 -1.63377898623227E-16 1
v 0.8921044921875 1.16619287109375 0.06
vn 4.37172021165429E-16 -1.63377898623227E-16 1
v 0.898807189941406 1.1728955078125 0.06
vn 4.37172021165429E-16 -1.63377898623227E-16 1
v 0.903546630859375 1.1811044921875 0.06
vn 4.37172021165429E-16 -1.63377898623227E-16 1
v 0.906 1.19026049804687 0.06
vn 4.37172021165429E-16 -1.63377898623227E-16 1
v 0.906 1.19973950195312 0.06
vn 4.37172021165429E-16 -1.63377898623227E-16 1
v 0.903546630859375 1.2088955078125 0.06
vn 4.37172021165429E-16 -1.63377898623227E-16 1
v 0.898807189941406 1.2171044921875 0.06
vn 4.37172021165429E-16 -1.63377898623227E-16 1
v 0.836453369140625 1.1811044921875 0.06
vn -0.61237245798111 -0.353553384542465 0.70710676908493
v 0.831360046386719 1.17899487304688 0.0545342483520508
vn -0.61237245798111 -0.353553384542465 0.70710676908493
v 0.832834167480469 1.169373046875 0.051
vn -0.61237245798111 -0.353553384542465 0.70710676908493
v 0.832280517578125 1.16833203125 0.05
vn -0.61237245798111 -0.353553384542465 0.70710676908493
v 0.833190856933594 1.16675537109375 0.05
vn -0.61237245798111 -0.353553384542465 0.70710676908493
v 0.841192810058594 1.1728955078125 0.06
vn -0.61237245798111 -0.353553384542465 0.70710676908493
v 0.318 1.16167541503906 0.0654031982421875
vn 0.826935052871704 -0.330510139465332 0.454908192157745
v 0.318 1.143095703125 0.0519042701721191
vn 0.806417226791382 -0.347585022449493 0.478409767150879
v 0.329 1.159626953125 0.0453730659484863
vn 0.784632861614227 -0.30998033285141 0.536901712417603
v 0.329 1.169373046875 0.051
vn 0.829262971878052 -0.279429316520691 0.483985751867294
v 0.318 1.143095703125 0.0519042701721191
vn 1.30349201603813E-28 -0.80901700258255 0.587785243988037
v 0.311 1.143095703125 0.0519042701721191
vn 1.30349201603813E-28 -0.80901700258255 0.587785243988037
v 0.311 1.12959680175781 0.033324592590332
vn 1.30349201603813E-28 -0.80901700258255 0.587785243988037
v 0.318 1.12959680175781 0.033324592590332
vn 1.30349201603813E-28 -0.80901700258255 0.587785243988037
v 0.834 1.19026049804687 0.06
vn -0.683012723922729 -0.183012709021568 0.70710676908493
v 0.829 1.18960229492187 0.055
vn -0.683012723922729 -0.183012709021568 0.70710676908493
v 0.831502502441406 1.18026281738281 0.055
vn -0.683012723922729 -0.183012709021568 0.70710676908493
v 0.831360046386719 1.17899487304688 0.0545342483520508
vn -0.683012723922729 -0.183012709021568 0.70710676908493
v 0.836453369140625 1.1811044921875 0.06
vn -0.683012723922729 -0.183012709021568 0.70710676908493
v 0.329 1.20973718261719 0.055
vn 3.55786031716247E-17 -4.2624053158552E-16 1
v 0.329 1.18026281738281 0.055
vn 3.55786031716247E-17 -4.2624053158552E-16 1
v 0.831502502441406 1.18026281738281 0.055
vn 3.55786031716247E-17 -4.2624053158552E-16 1
v 0.829 1.18960229492187 0.055
vn 3.55786031716247E-17 -4.2624053158552E-16 1
v 0.829 1.20039770507812 0.055
vn 3.55786031716247E-17 -4.2624053158552E-16 1
v 0.831502502441406 1.20973718261719 0.055
vn 3.55786031716247E-17 -4.2624053158552E-16 1
v 0.318 1.18351708984375 0.0725
vn 0.817914962768555 -0.177789583802223 0.54718005657196
v 0.318 1.16167541503906 0.0654031982421875
vn 0.825307846069336 -0.174496650695801 0.537045478820801
v 0.329 1.169373046875 0.051
vn 0.826887786388397 -0.193900793790817 0.527881741523743
v 0.329 1.18026281738281 0.055
vn 0.812023460865021 -0.201230362057686 0.547835946083069
v 0.8478955078125 1.22380712890625 0.06
vn -0.5 0.5 0.70710676908493
v 0.841755310058594 1.23180920410156 0.05
vn -0.5 0.5 0.70710676908493
v 0.833190856933594 1.22324462890625 0.05
vn -0.5 0.5 0.70710676908493
v 0.841192810058594 1.2171044921875 0.06
vn -0.5 0.5 0.70710676908493
v 0.833190856933594 1.22324462890625 0.05
vn -0.863824546337128 0.498729348182678 0.0712470486760139
v 0.833100463867188 1.22331396484375 0.0484187431335449
vn -0.863824546337128 0.498729348182678 0.0712470486760139
v 0.832280517578125 1.22166796875 0.05
vn -0.863824546337128 0.498729348182678 0.0712470486760139
v 0.832280517578125 1.22166796875 0.05
vn -0.61237245798111 0.353553384542465 0.70710676908493
v 0.832834167480469 1.220626953125 0.051
vn -0.61237245798111 0.353553384542465 0.70710676908493
v 0.831360046386719 1.21100512695313 0.0545342483520508
vn -0.61237245798111 0.353553384542465 0.70710676908493
v 0.836453369140625 1.2088955078125 0.06
vn -0.61237245798111 0.353553384542465 0.70710676908493
v 0.841192810058594 1.2171044921875 0.06
vn -0.61237245798111 0.353553384542465 0.70710676908493
v 0.833190856933594 1.22324462890625 0.05
vn -0.61237245798111 0.353553384542465 0.70710676908493
v 0.318 1.246904296875 0.0519042701721191
vn 0.806417226791382 0.347585022449493 0.478409767150879
v 0.318 1.22832458496094 0.0654031982421875
vn 0.826935052871704 0.330510139465332 0.454908192157745
v 0.329 1.220626953125 0.051
vn 0.829262971878052 0.279429316520691 0.483985751867294
v 0.329 1.230373046875 0.0453730659484863
vn 0.784632861614227 0.30998033285141 0.536901712417603
v 0.318 1.26040319824219 0.033324592590332
vn 2.25714752436306E-28 0.80901700258255 0.587785243988037
v 0.311 1.26040319824219 0.033324592590332
vn 2.25714752436306E-28 0.80901700258255 0.587785243988037
v 0.311 1.246904296875 0.0519042701721191
vn 2.25714752436306E-28 0.80901700258255 0.587785243988037
v 0.318 1.246904296875 0.0519042701721191
vn 2.25714752436306E-28 0.80901700258255 0.587785243988037
v 0.318 1.22832458496094 0.0654031982421875
vn 0.825307846069336 0.174496650695801 0.537045478820801
v 0.318 1.20648291015625 0.0725
vn 0.817914962768555 0.177789583802223 0.54718005657196
v 0.329 1.20973718261719 0.055
vn 0.812023460865021 0.201230362057686 0.547835946083069
v 0.329 1.220626953125 0.051
vn 0.826887786388397 0.193900793790817 0.527881741523743
v 0.831360046386719 1.21100512695313 0.0545342483520508
vn -0.683012723922729 0.183012709021568 0.70710676908493
v 0.831502502441406 1.20973718261719 0.055
vn -0.683012723922729 0.183012709021568 0.70710676908493
v 0.829 1.20039770507812 0.055
vn -0.683012723922729 0.183012709021568 0.70710676908493
v 0.834 1.19973950195312 0.06
vn -0.683012723922729 0.183012709021568 0.70710676908493
v 0.836453369140625 1.2088955078125 0.06
vn -0.683012723922729 0.183012709021568 0.70710676908493
v 0.318 1.2675 -0.0114828720092773
vn 5.89391558471786E-29 1 1.93370269612175E-14
v 0.311 1.2675 -0.0114828720092773
vn 5.89391558471786E-29 1 1.93370269612175E-14
v 0.311 1.2675 0.0114828720092773
vn 5.89391558471786E-29 1 1.93370269612175E-14
v 0.318 1.2675 0.0114828720092773
vn 5.89391558471786E-29 1 1.93370269612175E-14
v 0.318 1.22832458496094 -0.0654031982421875
vn 0.826935052871704 0.330510139465332 -0.454908192157745
v 0.318 1.246904296875 -0.0519042701721191
vn 0.806417226791382 0.347585022449493 -0.478409767150879
v 0.329 1.230373046875 -0.0453730659484863
vn 0.784632861614227 0.30998033285141 -0.536901712417603
v 0.329 1.220626953125 -0.051
vn 0.829262971878052 0.279429316520691 -0.483985751867294
v 0.318 1.246904296875 -0.0519042701721191
vn -1.30349201603813E-28 0.80901700258255 -0.587785243988037
v 0.311 1.246904296875 -0.0519042701721191
vn -1.30349201603813E-28 0.80901700258255 -0.587785243988037
v 0.311 1.26040319824219 -0.033324592590332
vn -1.30349201603813E-28 0.80901700258255 -0.587785243988037
v 0.318 1.26040319824219 -0.033324592590332
vn -1.30349201603813E-28 0.80901700258255 -0.587785243988037
v 0.318 1.20648291015625 -0.0725
vn -2.69848592669907E-28 0.30901700258255 -0.95105654001236
v 0.311 1.20648291015625 -0.0725
vn -2.69848592669907E-28 0.30901700258255 -0.95105654001236
v 0.311 1.22832458496094 -0.0654031982421875
vn -2.69848592669907E-28 0.30901700258255 -0.95105654001236
v 0.318 1.22832458496094 -0.0654031982421875
vn -2.69848592669907E-28 0.30901700258255 -0.95105654001236
v 0.311 1.17086840820313 0.0473609352111816
vn 2.10396435289385E-28 -0.587785243988037 0.80901700258255
v 0.086 1.17086840820313 0.0473609352111816
vn 2.10396435289385E-28 -0.587785243988037 0.80901700258255
v 0.086 1.15741418457031 0.0375858497619629
vn 2.10396435289385E-28 -0.587785243988037 0.80901700258255
v 0.311 1.15741418457031 0.0375858497619629
vn 2.10396435289385E-28 -0.587785243988037 0.80901700258255
v 0.311 1.1425 -0.00831518268585205
vn -1.49651425211321E-28 -0.95105654001236 -0.30901700258255
v 0.086 1.1425 -0.00831518268585205
vn -1.49651425211321E-28 -0.95105654001236 -0.30901700258255
v 0.086 1.14763903808594 -0.0241316013336182
vn -1.49651425211321E-28 -0.95105654001236 -0.30901700258255
v 0.311 1.14763903808594 -0.0241316013336182
vn -1.49651425211321E-28 -0.95105654001236 -0.30901700258255
v 0.311 1.14763903808594 0.0241316013336182
vn 3.75424864344151E-29 -0.95105654001236 0.30901700258255
v 0.086 1.14763903808594 0.0241316013336182
vn 3.75424864344151E-29 -0.95105654001236 0.30901700258255
v 0.086 1.1425 0.00831518268585205
vn 3.75424864344151E-29 -0.95105654001236 0.30901700258255
v 0.311 1.1425 0.00831518268585205
vn 3.75424864344151E-29 -0.95105654001236 0.30901700258255
v 0.311 1.15741418457031 -0.0375858497619629
vn -2.79683570598039E-28 -0.587785243988037 -0.80901700258255
v 0.086 1.15741418457031 -0.0375858497619629
vn -2.79683570598039E-28 -0.587785243988037 -0.80901700258255
v 0.086 1.17086840820313 -0.0473609352111816
vn -2.79683570598039E-28 -0.587785243988037 -0.80901700258255
v 0.311 1.17086840820313 -0.0473609352111816
vn -2.79683570598039E-28 -0.587785243988037 -0.80901700258255
v 0.311 1.18668481445313 -0.0525
vn -3.02886091232422E-28 4.17242415883543E-15 -1
v 0.086 1.18668481445313 -0.0525
vn -3.02886091232422E-28 4.17242415883543E-15 -1
v 0.086 1.20331518554688 -0.0525
vn -3.02886091232422E-28 4.17242415883543E-15 -1
v 0.311 1.20331518554688 -0.0525
vn -3.02886091232422E-28 4.17242415883543E-15 -1
v 0.318 1.246904296875 0.0519042701721191
vn 2.79683570598039E-28 0.587785243988037 0.80901700258255
v 0.311 1.246904296875 0.0519042701721191
vn 2.79683570598039E-28 0.587785243988037 0.80901700258255
v 0.311 1.22832458496094 0.0654031982421875
vn 2.79683570598039E-28 0.587785243988037 0.80901700258255
v 0.318 1.22832458496094 0.0654031982421875
vn 2.79683570598039E-28 0.587785243988037 0.80901700258255
v 0.311 1.21913159179688 0.0473609352111816
vn 3.06275005710815E-28 0.30901700258255 0.95105654001236
v 0.086 1.21913159179688 0.0473609352111816
vn 3.06275005710815E-28 0.30901700258255 0.95105654001236
v 0.086 1.20331518554688 0.0525
vn 3.06275005710815E-28 0.30901700258255 0.95105654001236
v 0.311 1.20331518554688 0.0525
vn 3.06275005710815E-28 0.30901700258255 0.95105654001236
v 0.311 1.24236096191406 0.0241316013336182
vn 2.25714752436306E-28 0.80901700258255 0.587785243988037
v 0.086 1.24236096191406 0.0241316013336182
vn 2.25714752436306E-28 0.80901700258255 0.587785243988037
v 0.086 1.23258581542969 0.0375858497619629
vn 2.25714752436306E-28 0.80901700258255 0.587785243988037
v 0.311 1.23258581542969 0.0375858497619629
vn 2.25714752436306E-28 0.80901700258255 0.587785243988037
v 0.311 1.18668481445313 0.0525
vn 2.69848592669907E-28 -0.30901700258255 0.95105654001236
v 0.086 1.18668481445313 0.0525
vn 2.69848592669907E-28 -0.30901700258255 0.95105654001236
v 0.086 1.17086840820313 0.0473609352111816
vn 2.69848592669907E-28 -0.30901700258255 0.95105654001236
v 0.311 1.17086840820313 0.0473609352111816
vn 2.69848592669907E-28 -0.30901700258255 0.95105654001236
v 0.311 1.1425 0.00831518268585205
vn -5.89391558471786E-29 -1 0
v 0.086 1.1425 0.00831518268585205
vn -5.89391558471786E-29 -1 0
v 0.086 1.1425 -0.00831518268585205
vn -5.89391558471786E-29 -1 0
v 0.311 1.1425 -0.00831518268585205
vn -5.89391558471786E-29 -1 0
v 0.311 1.15741418457031 0.0375858497619629
vn 1.30349201603813E-28 -0.80901700258255 0.587785243988037
v 0.086 1.15741418457031 0.0375858497619629
vn 1.30349201603813E-28 -0.80901700258255 0.587785243988037
v 0.086 1.14763903808594 0.0241316013336182
vn 1.30349201603813E-28 -0.80901700258255 0.587785243988037
v 0.311 1.14763903808594 0.0241316013336182
vn 1.30349201603813E-28 -0.80901700258255 0.587785243988037
v 0.311 1.24236096191406 -0.0241316013336182
vn -3.75424864344151E-29 0.95105654001236 -0.30901700258255
v 0.086 1.24236096191406 -0.0241316013336182
vn -3.75424864344151E-29 0.95105654001236 -0.30901700258255
v 0.086 1.2475 -0.00831518268585205
vn -3.75424864344151E-29 0.95105654001236 -0.30901700258255
v 0.311 1.2475 -0.00831518268585205
vn -3.75424864344151E-29 0.95105654001236 -0.30901700258255
v 0.311 1.21913159179688 -0.0473609352111816
vn -2.10396435289385E-28 0.587785243988037 -0.80901700258255
v 0.086 1.21913159179688 -0.0473609352111816
vn -2.10396435289385E-28 0.587785243988037 -0.80901700258255
v 0.086 1.23258581542969 -0.0375858497619629
vn -2.10396435289385E-28 0.587785243988037 -0.80901700258255
v 0.311 1.23258581542969 -0.0375858497619629
vn -2.10396435289385E-28 0.587785243988037 -0.80901700258255
v 0.318 1.22832458496094 0.0654031982421875
vn 3.06275005710815E-28 0.30901700258255 0.95105654001236
v 0.311 1.22832458496094 0.0654031982421875
vn 3.06275005710815E-28 0.30901700258255 0.95105654001236
v 0.311 1.20648291015625 0.0725
vn 3.06275005710815E-28 0.30901700258255 0.95105654001236
v 0.318 1.20648291015625 0.0725
vn 3.06275005710815E-28 0.30901700258255 0.95105654001236
v 0.311 1.23258581542969 0.0375858497619629
vn 2.79683570598039E-28 0.587785243988037 0.80901700258255
v 0.086 1.23258581542969 0.0375858497619629
vn 2.79683570598039E-28 0.587785243988037 0.80901700258255
v 0.086 1.21913159179688 0.0473609352111816
vn 2.79683570598039E-28 0.587785243988037 0.80901700258255
v 0.311 1.21913159179688 0.0473609352111816
vn 2.79683570598039E-28 0.587785243988037 0.80901700258255
v 0.311 1.2475 0.00831518268585205
vn 1.49651425211321E-28 0.95105654001236 0.30901700258255
v 0.086 1.2475 0.00831518268585205
vn 1.49651425211321E-28 0.95105654001236 0.30901700258255
v 0.086 1.24236096191406 0.0241316013336182
vn 1.49651425211321E-28 0.95105654001236 0.30901700258255
v 0.311 1.24236096191406 0.0241316013336182
vn 1.49651425211321E-28 0.95105654001236 0.30901700258255
v 0.311 1.20331518554688 0.0525
vn 3.02886091232422E-28 5.25725432154803E-14 1
v 0.086 1.20331518554688 0.0525
vn 3.02886091232422E-28 5.25725432154803E-14 1
v 0.086 1.18668481445313 0.0525
vn 3.02886091232422E-28 5.25725432154803E-14 1
v 0.311 1.18668481445313 0.0525
vn 3.02886091232422E-28 5.25725432154803E-14 1
v 0.318 1.143095703125 -0.0519042701721191
vn -2.79683570598039E-28 -0.587785243988037 -0.80901700258255
v 0.311 1.143095703125 -0.0519042701721191
vn -2.79683570598039E-28 -0.587785243988037 -0.80901700258255
v 0.311 1.16167541503906 -0.0654031982421875
vn -2.79683570598039E-28 -0.587785243988037 -0.80901700258255
v 0.318 1.16167541503906 -0.0654031982421875
vn -2.79683570598039E-28 -0.587785243988037 -0.80901700258255
v 0.318 1.18351708984375 -0.0725
vn -3.02886091232422E-28 -1.4502771067946E-14 -1
v 0.311 1.18351708984375 -0.0725
vn -3.02886091232422E-28 -1.4502771067946E-14 -1
v 0.311 1.20648291015625 -0.0725
vn -3.02886091232422E-28 -1.4502771067946E-14 -1
v 0.318 1.20648291015625 -0.0725
vn -3.02886091232422E-28 -1.4502771067946E-14 -1
v 0.318 1.22832458496094 -0.0654031982421875
vn -2.10396435289385E-28 0.587785243988037 -0.80901700258255
v 0.311 1.22832458496094 -0.0654031982421875
vn -2.10396435289385E-28 0.587785243988037 -0.80901700258255
v 0.311 1.246904296875 -0.0519042701721191
vn -2.10396435289385E-28 0.587785243988037 -0.80901700258255
v 0.318 1.246904296875 -0.0519042701721191
vn -2.10396435289385E-28 0.587785243988037 -0.80901700258255
v 0.311 1.23258581542969 -0.0375858497619629
vn -1.30349201603813E-28 0.80901700258255 -0.587785243988037
v 0.086 1.23258581542969 -0.0375858497619629
vn -1.30349201603813E-28 0.80901700258255 -0.587785243988037
v 0.086 1.24236096191406 -0.0241316013336182
vn -1.30349201603813E-28 0.80901700258255 -0.587785243988037
v 0.311 1.24236096191406 -0.0241316013336182
vn -1.30349201603813E-28 0.80901700258255 -0.587785243988037
v 0.311 1.20331518554688 -0.0525
vn -2.69848592669907E-28 0.30901700258255 -0.95105654001236
v 0.086 1.20331518554688 -0.0525
vn -2.69848592669907E-28 0.30901700258255 -0.95105654001236
v 0.086 1.21913159179688 -0.0473609352111816
vn -2.69848592669907E-28 0.30901700258255 -0.95105654001236
v 0.311 1.21913159179688 -0.0473609352111816
vn -2.69848592669907E-28 0.30901700258255 -0.95105654001236
v 0.318 1.18351708984375 0.0725
vn 2.69848592669907E-28 -0.30901700258255 0.95105654001236
v 0.311 1.18351708984375 0.0725
vn 2.69848592669907E-28 -0.30901700258255 0.95105654001236
v 0.311 1.16167541503906 0.0654031982421875
vn 2.69848592669907E-28 -0.30901700258255 0.95105654001236
v 0.318 1.16167541503906 0.0654031982421875
vn 2.69848592669907E-28 -0.30901700258255 0.95105654001236
v 0.311 1.2475 -0.00831518268585205
vn 5.89391558471786E-29 1 0
v 0.086 1.2475 -0.00831518268585205
vn 5.89391558471786E-29 1 0
v 0.086 1.2475 0.00831518268585205
vn 5.89391558471786E-29 1 0
v 0.311 1.2475 0.00831518268585205
vn 5.89391558471786E-29 1 0
v 0.311 1.14763903808594 -0.0241316013336182
vn -2.25714752436306E-28 -0.80901700258255 -0.587785243988037
v 0.086 1.14763903808594 -0.0241316013336182
vn -2.25714752436306E-28 -0.80901700258255 -0.587785243988037
v 0.086 1.15741418457031 -0.0375858497619629
vn -2.25714752436306E-28 -0.80901700258255 -0.587785243988037
v 0.311 1.15741418457031 -0.0375858497619629
vn -2.25714752436306E-28 -0.80901700258255 -0.587785243988037
v 0.318 1.20648291015625 0.0725
vn 3.02886091232422E-28 -4.2299745418872E-15 1
v 0.311 1.20648291015625 0.0725
vn 3.02886091232422E-28 -4.2299745418872E-15 1
v 0.311 1.18351708984375 0.0725
vn 3.02886091232422E-28 -4.2299745418872E-15 1
v 0.318 1.18351708984375 0.0725
vn 3.02886091232422E-28 -4.2299745418872E-15 1
v 0.318 1.16167541503906 0.0654031982421875
vn 2.10396435289385E-28 -0.587785243988037 0.80901700258255
v 0.311 1.16167541503906 0.0654031982421875
vn 2.10396435289385E-28 -0.587785243988037 0.80901700258255
v 0.311 1.143095703125 0.0519042701721191
vn 2.10396435289385E-28 -0.587785243988037 0.80901700258255
v 0.318 1.143095703125 0.0519042701721191
vn 2.10396435289385E-28 -0.587785243988037 0.80901700258255
v 0.311 1.17086840820313 -0.0473609352111816
vn -3.06275005710815E-28 -0.30901700258255 -0.95105654001236
v 0.086 1.17086840820313 -0.0473609352111816
vn -3.06275005710815E-28 -0.30901700258255 -0.95105654001236
v 0.086 1.18668481445313 -0.0525
vn -3.06275005710815E-28 -0.30901700258255 -0.95105654001236
v 0.311 1.18668481445313 -0.0525
vn -3.06275005710815E-28 -0.30901700258255 -0.95105654001236
v 0.829 1.20039770507812 0.055
vn -0.70710676908493 6.62095771546307E-14 0.70710676908493
v 0.829 1.18960229492187 0.055
vn -0.70710676908493 6.62095771546307E-14 0.70710676908493
v 0.834 1.19026049804687 0.06
vn -0.70710676908493 6.62095771546307E-14 0.70710676908493
v 0.834 1.19973950195312 0.06
vn -0.70710676908493 6.62095771546307E-14 0.70710676908493
v 0.318 1.18351708984375 0.0725
vn 0.846636533737183 2.06719153107065E-14 0.532171547412872
v 0.329 1.18026281738281 0.055
vn 0.846636533737183 2.06719153107065E-14 0.532171547412872
v 0.329 1.20973718261719 0.055
vn 0.846636533737183 2.06719153107065E-14 0.532171547412872
v 0.318 1.20648291015625 0.0725
vn 0.846636533737183 2.06719153107065E-14 0.532171547412872
v 0.086 1.1070439453125 0.0448158302307129
vn 1 -5.89391558471786E-29 -9.46097581444177E-28
v 0.086 1.0975 0.0154424829483032
vn 1 -5.89391558471786E-29 -9.46097581444177E-28
v 0.086 1.0975 -0.0154424829483032
vn 1 -5.89391558471786E-29 -9.46097581444177E-28
v 0.086 1.1070439453125 -0.0448158302307129
vn 1 -5.89391558471786E-29 -9.46097581444177E-28
v 0.086 1.12519775390625 -0.0698022918701172
vn 1 -5.89391558471786E-29 -9.46097581444177E-28
v 0.086 1.15018420410156 -0.0879560241699219
vn 1 -5.89391558471786E-29 -9.46097581444177E-28
v 0.086 1.17955749511719 -0.0975
vn 1 -5.89391558471786E-29 -9.46097581444177E-28
v 0.086 1.21044250488281 -0.0975
vn 1 -5.89391558471786E-29 -9.46097581444177E-28
v 0.086 1.23981579589844 -0.0879560241699219
vn 1 -5.89391558471786E-29 -9.46097581444177E-28
v 0.086 1.26480224609375 -0.0698022918701172
vn 1 -5.89391558471786E-29 -9.46097581444177E-28
v 0.086 1.2829560546875 -0.0448158302307129
vn 1 -5.89391558471786E-29 -9.46097581444177E-28
v 0.086 1.2925 -0.0154424829483032
vn 1 -5.89391558471786E-29 -9.46097581444177E-28
v 0.086 1.2925 0.0154424829483032
vn 1 -5.89391558471786E-29 -9.46097581444177E-28
v 0.086 1.2829560546875 0.0448158302307129
vn 1 -5.89391558471786E-29 -9.46097581444177E-28
v 0.086 1.26480224609375 0.0698022918701172
vn 1 -5.89391558471786E-29 -9.46097581444177E-28
v 0.086 1.23981579589844 0.0879560241699219
vn 1 -5.89391558471786E-29 -9.46097581444177E-28
v 0.086 1.21044250488281 0.0975
vn 1 -5.89391558471786E-29 -9.46097581444177E-28
v 0.086 1.17955749511719 0.0975
vn 1 -5.89391558471786E-29 -9.46097581444177E-28
v 0.086 1.15018420410156 0.0879560241699219
vn 1 -5.89391558471786E-29 -9.46097581444177E-28
v 0.086 1.12519775390625 0.0698022918701172
vn 1 -5.89391558471786E-29 -9.46097581444177E-28
v 0.086 1.20331518554688 -0.0525
vn 1 -5.89391558471786E-29 -9.46097581444177E-28
v 0.086 1.18668481445313 -0.0525
vn 1 -5.89391558471786E-29 -9.46097581444177E-28
v 0.086 1.17086840820313 -0.0473609352111816
vn 1 -5.89391558471786E-29 -9.46097581444177E-28
v 0.086 1.15741418457031 -0.0375858497619629
vn 1 -5.89391558471786E-29 -9.46097581444177E-28
v 0.086 1.14763903808594 -0.0241316013336182
vn 1 -5.89391558471786E-29 -9.46097581444177E-28
v 0.086 1.1425 -0.00831518268585205
vn 1 -5.89391558471786E-29 -9.46097581444177E-28
v 0.086 1.1425 0.00831518268585205
vn 1 -5.89391558471786E-29 -9.46097581444177E-28
v 0.086 1.14763903808594 0.0241316013336182
vn 1 -5.89391558471786E-29 -9.46097581444177E-28
v 0.086 1.15741418457031 0.0375858497619629
vn 1 -5.89391558471786E-29 -9.46097581444177E-28
v 0.086 1.17086840820313 0.0473609352111816
vn 1 -5.89391558471786E-29 -9.46097581444177E-28
v 0.086 1.18668481445313 0.0525
vn 1 -5.89391558471786E-29 -9.46097581444177E-28
v 0.086 1.20331518554688 0.0525
vn 1 -5.89391558471786E-29 -9.46097581444177E-28
v 0.086 1.21913159179688 0.0473609352111816
vn 1 -5.89391558471786E-29 -9.46097581444177E-28
v 0.086 1.23258581542969 0.0375858497619629
vn 1 -5.89391558471786E-29 -9.46097581444177E-28
v 0.086 1.24236096191406 0.0241316013336182
vn 1 -5.89391558471786E-29 -9.46097581444177E-28
v 0.086 1.2475 0.00831518268585205
vn 1 -5.89391558471786E-29 -9.46097581444177E-28
v 0.086 1.2475 -0.00831518268585205
vn 1 -5.89391558471786E-29 -9.46097581444177E-28
v 0.086 1.24236096191406 -0.0241316013336182
vn 1 -5.89391558471786E-29 -9.46097581444177E-28
v 0.086 1.23258581542969 -0.0375858497619629
vn 1 -5.89391558471786E-29 -9.46097581444177E-28
v 0.086 1.21913159179688 -0.0473609352111816
vn 1 -5.89391558471786E-29 -9.46097581444177E-28
v 0.062 1.2925 -0.0154424829483032
vn -3.75424864344151E-29 0.95105654001236 -0.30901700258255
v 0.086 1.2925 -0.0154424829483032
vn -3.75424864344151E-29 0.95105654001236 -0.30901700258255
v 0.086 1.2829560546875 -0.0448158302307129
vn -3.75424864344151E-29 0.95105654001236 -0.30901700258255
v 0.062 1.2829560546875 -0.0448158302307129
vn -3.75424864344151E-29 0.95105654001236 -0.30901700258255
v 0.062 1.1070439453125 -0.0448158302307129
vn -1.49651425211321E-28 -0.95105654001236 -0.30901700258255
v 0.086 1.1070439453125 -0.0448158302307129
vn -1.49651425211321E-28 -0.95105654001236 -0.30901700258255
v 0.086 1.0975 -0.0154424829483032
vn -1.49651425211321E-28 -0.95105654001236 -0.30901700258255
v 0.062 1.0975 -0.0154424829483032
vn -1.49651425211321E-28 -0.95105654001236 -0.30901700258255
v 0.062 1.2829560546875 -0.0448158302307129
vn -1.30349201603813E-28 0.80901700258255 -0.587785243988037
v 0.086 1.2829560546875 -0.0448158302307129
vn -1.30349201603813E-28 0.80901700258255 -0.587785243988037
v 0.086 1.26480224609375 -0.0698022918701172
vn -1.30349201603813E-28 0.80901700258255 -0.587785243988037
v 0.062 1.26480224609375 -0.0698022918701172
vn -1.30349201603813E-28 0.80901700258255 -0.587785243988037
v 0.086 1.0975 -0.0154424829483032
vn -5.89391558471786E-29 -1 -7.18940728618948E-15
v 0.086 1.0975 0.0154424829483032
vn -5.89391558471786E-29 -1 -7.18940728618948E-15
v 0.062 1.0975 0.0154424829483032
vn -5.89391558471786E-29 -1 -7.18940728618948E-15
v 0.062 1.0975 -0.0154424829483032
vn -5.89391558471786E-29 -1 -7.18940728618948E-15
v 0.062 1.15018420410156 0.0879560241699219
vn 2.69848592669907E-28 -0.30901700258255 0.95105654001236
v 0.086 1.15018420410156 0.0879560241699219
vn 2.69848592669907E-28 -0.30901700258255 0.95105654001236
v 0.086 1.17955749511719 0.0975
vn 2.69848592669907E-28 -0.30901700258255 0.95105654001236
v 0.062 1.17955749511719 0.0975
vn 2.69848592669907E-28 -0.30901700258255 0.95105654001236
v 0.062 1.26480224609375 -0.0698022918701172
vn -2.10396435289385E-28 0.587785243988037 -0.80901700258255
v 0.086 1.26480224609375 -0.0698022918701172
vn -2.10396435289385E-28 0.587785243988037 -0.80901700258255
v 0.086 1.23981579589844 -0.0879560241699219
vn -2.10396435289385E-28 0.587785243988037 -0.80901700258255
v 0.062 1.23981579589844 -0.0879560241699219
vn -2.10396435289385E-28 0.587785243988037 -0.80901700258255
v 0.062 1.17955749511719 0.0975
vn 3.02886091232422E-28 0 1
v 0.086 1.17955749511719 0.0975
vn 3.02886091232422E-28 0 1
v 0.086 1.21044250488281 0.0975
vn 3.02886091232422E-28 0 1
v 0.062 1.21044250488281 0.0975
vn 3.02886091232422E-28 0 1
v 0.062 1.17955749511719 -0.0975
vn -3.06275005710815E-28 -0.30901700258255 -0.95105654001236
v 0.086 1.17955749511719 -0.0975
vn -3.06275005710815E-28 -0.30901700258255 -0.95105654001236
v 0.086 1.15018420410156 -0.0879560241699219
vn -3.06275005710815E-28 -0.30901700258255 -0.95105654001236
v 0.062 1.15018420410156 -0.0879560241699219
vn -3.06275005710815E-28 -0.30901700258255 -0.95105654001236
v 0.062 1.15018420410156 -0.0879560241699219
vn -2.79683570598039E-28 -0.587785243988037 -0.80901700258255
v 0.086 1.15018420410156 -0.0879560241699219
vn -2.79683570598039E-28 -0.587785243988037 -0.80901700258255
v 0.086 1.12519775390625 -0.0698022918701172
vn -2.79683570598039E-28 -0.587785243988037 -0.80901700258255
v 0.062 1.12519775390625 -0.0698022918701172
vn -2.79683570598039E-28 -0.587785243988037 -0.80901700258255
v 0.062 1.2829560546875 0.0448158302307129
vn 1.49651425211321E-28 0.95105654001236 0.30901700258255
v 0.086 1.2829560546875 0.0448158302307129
vn 1.49651425211321E-28 0.95105654001236 0.30901700258255
v 0.086 1.2925 0.0154424829483032
vn 1.49651425211321E-28 0.95105654001236 0.30901700258255
v 0.062 1.2925 0.0154424829483032
vn 1.49651425211321E-28 0.95105654001236 0.30901700258255
v 0.062 1.12519775390625 -0.0698022918701172
vn -2.25714752436306E-28 -0.80901700258255 -0.587785243988037
v 0.086 1.12519775390625 -0.0698022918701172
vn -2.25714752436306E-28 -0.80901700258255 -0.587785243988037
v 0.086 1.1070439453125 -0.0448158302307129
vn -2.25714752436306E-28 -0.80901700258255 -0.587785243988037
v 0.062 1.1070439453125 -0.0448158302307129
vn -2.25714752436306E-28 -0.80901700258255 -0.587785243988037
v 0.062 1.12519775390625 0.0698022918701172
vn 2.10396435289385E-28 -0.587785243988037 0.80901700258255
v 0.086 1.12519775390625 0.0698022918701172
vn 2.10396435289385E-28 -0.587785243988037 0.80901700258255
v 0.086 1.15018420410156 0.0879560241699219
vn 2.10396435289385E-28 -0.587785243988037 0.80901700258255
v 0.062 1.15018420410156 0.0879560241699219
vn 2.10396435289385E-28 -0.587785243988037 0.80901700258255
v 0.062 1.2925 0.0154424829483032
vn 5.89391558471786E-29 1 0
v 0.086 1.2925 0.0154424829483032
vn 5.89391558471786E-29 1 0
v 0.086 1.2925 -0.0154424829483032
vn 5.89391558471786E-29 1 0
v 0.062 1.2925 -0.0154424829483032
vn 5.89391558471786E-29 1 0
v 0.062 1.0975 0.0154424829483032
vn 3.75424864344151E-29 -0.95105654001236 0.30901700258255
v 0.086 1.0975 0.0154424829483032
vn 3.75424864344151E-29 -0.95105654001236 0.30901700258255
v 0.086 1.1070439453125 0.0448158302307129
vn 3.75424864344151E-29 -0.95105654001236 0.30901700258255
v 0.062 1.1070439453125 0.0448158302307129
vn 3.75424864344151E-29 -0.95105654001236 0.30901700258255
v 0.062 1.1070439453125 0.0448158302307129
vn 1.30349201603813E-28 -0.80901700258255 0.587785243988037
v 0.086 1.1070439453125 0.0448158302307129
vn 1.30349201603813E-28 -0.80901700258255 0.587785243988037
v 0.086 1.12519775390625 0.0698022918701172
vn 1.30349201603813E-28 -0.80901700258255 0.587785243988037
v 0.062 1.12519775390625 0.0698022918701172
vn 1.30349201603813E-28 -0.80901700258255 0.587785243988037
v 0.062 1.21044250488281 0.0975
vn 3.06275005710815E-28 0.30901700258255 0.95105654001236
v 0.086 1.21044250488281 0.0975
vn 3.06275005710815E-28 0.30901700258255 0.95105654001236
v 0.086 1.23981579589844 0.0879560241699219
vn 3.06275005710815E-28 0.30901700258255 0.95105654001236
v 0.062 1.23981579589844 0.0879560241699219
vn 3.06275005710815E-28 0.30901700258255 0.95105654001236
v 0.062 1.23981579589844 -0.0879560241699219
vn -2.69848592669907E-28 0.30901700258255 -0.95105654001236
v 0.086 1.23981579589844 -0.0879560241699219
vn -2.69848592669907E-28 0.30901700258255 -0.95105654001236
v 0.086 1.21044250488281 -0.0975
vn -2.69848592669907E-28 0.30901700258255 -0.95105654001236
v 0.062 1.21044250488281 -0.0975
vn -2.69848592669907E-28 0.30901700258255 -0.95105654001236
v 0.062 1.23981579589844 0.0879560241699219
vn 2.79683570598039E-28 0.587785243988037 0.80901700258255
v 0.086 1.23981579589844 0.0879560241699219
vn 2.79683570598039E-28 0.587785243988037 0.80901700258255
v 0.086 1.26480224609375 0.0698022918701172
vn 2.79683570598039E-28 0.587785243988037 0.80901700258255
v 0.062 1.26480224609375 0.0698022918701172
vn 2.79683570598039E-28 0.587785243988037 0.80901700258255
v 0.062 1.21044250488281 -0.0975
vn -3.02886091232422E-28 0 -1
v 0.086 1.21044250488281 -0.0975
vn -3.02886091232422E-28 0 -1
v 0.086 1.17955749511719 -0.0975
vn -3.02886091232422E-28 0 -1
v 0.062 1.17955749511719 -0.0975
vn -3.02886091232422E-28 0 -1
v 0.062 1.26480224609375 0.0698022918701172
vn 2.25714752436306E-28 0.80901700258255 0.587785243988037
v 0.086 1.26480224609375 0.0698022918701172
vn 2.25714752436306E-28 0.80901700258255 0.587785243988037
v 0.086 1.2829560546875 0.0448158302307129
vn 2.25714752436306E-28 0.80901700258255 0.587785243988037
v 0.062 1.2829560546875 0.0448158302307129
vn 2.25714752436306E-28 0.80901700258255 0.587785243988037
v 0.062 1.25764306640625 0.0626430854797363
vn -1 5.89391558471786E-29 9.46097581444177E-28
v 0.062 1.23521936035156 0.0789348907470703
vn -1 5.89391558471786E-29 9.46097581444177E-28
v 0.062 1.20885864257812 0.0875
vn -1 5.89391558471786E-29 9.46097581444177E-28
v 0.062 1.18114135742187 0.0875
vn -1 5.89391558471786E-29 9.46097581444177E-28
v 0.062 1.15478063964844 0.0789348907470703
vn -1 5.89391558471786E-29 9.46097581444177E-28
v 0.062 1.13235693359375 0.0626430854797363
vn -1 5.89391558471786E-29 9.46097581444177E-28
v 0.062 1.11606506347656 0.0402193336486816
vn -1 5.89391558471786E-29 9.46097581444177E-28
v 0.062 1.1075 0.0138586387634277
vn -1 5.89391558471786E-29 9.46097581444177E-28
v 0.062 1.1075 -0.0138586387634277
vn -1 5.89391558471786E-29 9.46097581444177E-28
v 0.062 1.11606506347656 -0.0402193336486816
vn -1 5.89391558471786E-29 9.46097581444177E-28
v 0.062 1.13235693359375 -0.0626430854797363
vn -1 5.89391558471786E-29 9.46097581444177E-28
v 0.062 1.15478063964844 -0.0789348907470703
vn -1 5.89391558471786E-29 9.46097581444177E-28
v 0.062 1.18114135742187 -0.0875
vn -1 5.89391558471786E-29 9.46097581444177E-28
v 0.062 1.20885864257812 -0.0875
vn -1 5.89391558471786E-29 9.46097581444177E-28
v 0.062 1.23521936035156 -0.0789348907470703
vn -1 5.89391558471786E-29 9.46097581444177E-28
v 0.062 1.25764306640625 -0.0626430854797363
vn -1 5.89391558471786E-29 9.46097581444177E-28
v 0.062 1.27393493652344 -0.0402193336486816
vn -1 5.89391558471786E-29 9.46097581444177E-28
v 0.062 1.2825 -0.0138586387634277
vn -1 5.89391558471786E-29 9.46097581444177E-28
v 0.062 1.2825 0.0138586387634277
vn -1 5.89391558471786E-29 9.46097581444177E-28
v 0.062 1.27393493652344 0.0402193336486816
vn -1 5.89391558471786E-29 9.46097581444177E-28
v 0.062 1.21044250488281 -0.0975
vn -1 5.89391558471786E-29 9.46097581444177E-28
v 0.062 1.17955749511719 -0.0975
vn -1 5.89391558471786E-29 9.46097581444177E-28
v 0.062 1.15018420410156 -0.0879560241699219
vn -1 5.89391558471786E-29 9.46097581444177E-28
v 0.062 1.12519775390625 -0.0698022918701172
vn -1 5.89391558471786E-29 9.46097581444177E-28
v 0.062 1.1070439453125 -0.0448158302307129
vn -1 5.89391558471786E-29 9.46097581444177E-28
v 0.062 1.0975 -0.0154424829483032
vn -1 5.89391558471786E-29 9.46097581444177E-28
v 0.062 1.0975 0.0154424829483032
vn -1 5.89391558471786E-29 9.46097581444177E-28
v 0.062 1.1070439453125 0.0448158302307129
vn -1 5.89391558471786E-29 9.46097581444177E-28
v 0.062 1.12519775390625 0.0698022918701172
vn -1 5.89391558471786E-29 9.46097581444177E-28
v 0.062 1.15018420410156 0.0879560241699219
vn -1 5.89391558471786E-29 9.46097581444177E-28
v 0.062 1.17955749511719 0.0975
vn -1 5.89391558471786E-29 9.46097581444177E-28
v 0.062 1.21044250488281 0.0975
vn -1 5.89391558471786E-29 9.46097581444177E-28
v 0.062 1.23981579589844 0.0879560241699219
vn -1 5.89391558471786E-29 9.46097581444177E-28
v 0.062 1.26480224609375 0.0698022918701172
vn -1 5.89391558471786E-29 9.46097581444177E-28
v 0.062 1.2829560546875 0.0448158302307129
vn -1 5.89391558471786E-29 9.46097581444177E-28
v 0.062 1.2925 0.0154424829483032
vn -1 5.89391558471786E-29 9.46097581444177E-28
v 0.062 1.2925 -0.0154424829483032
vn -1 5.89391558471786E-29 9.46097581444177E-28
v 0.062 1.2829560546875 -0.0448158302307129
vn -1 5.89391558471786E-29 9.46097581444177E-28
v 0.062 1.26480224609375 -0.0698022918701172
vn -1 5.89391558471786E-29 9.46097581444177E-28
v 0.062 1.23981579589844 -0.0879560241699219
vn -1 5.89391558471786E-29 9.46097581444177E-28
v 0.062 1.20885864257812 0.0875
vn 3.06275005710815E-28 0.30901700258255 0.95105654001236
v 0.062 1.23521936035156 0.0789348907470703
vn 3.06275005710815E-28 0.30901700258255 0.95105654001236
v 0.054 1.23521936035156 0.0789348907470703
vn 3.06275005710815E-28 0.30901700258255 0.95105654001236
v 0.054 1.20885864257812 0.0875
vn 3.06275005710815E-28 0.30901700258255 0.95105654001236
v 0.062 1.15478063964844 0.0789348907470703
vn 2.69848592669907E-28 -0.30901700258255 0.95105654001236
v 0.062 1.18114135742187 0.0875
vn 2.69848592669907E-28 -0.30901700258255 0.95105654001236
v 0.054 1.18114135742187 0.0875
vn 2.69848592669907E-28 -0.30901700258255 0.95105654001236
v 0.054 1.15478063964844 0.0789348907470703
vn 2.69848592669907E-28 -0.30901700258255 0.95105654001236
v 0.062 1.1075 -0.0138586387634277
vn -5.89391558471786E-29 -1 0
v 0.062 1.1075 0.0138586387634277
vn -5.89391558471786E-29 -1 0
v 0.054 1.1075 0.0138586387634277
vn -5.89391558471786E-29 -1 0
v 0.054 1.1075 -0.0138586387634277
vn -5.89391558471786E-29 -1 0
v 0.062 1.11606506347656 0.0402193336486816
vn 1.30349201603813E-28 -0.80901700258255 0.587785243988037
v 0.062 1.13235693359375 0.0626430854797363
vn 1.30349201603813E-28 -0.80901700258255 0.587785243988037
v 0.054 1.13235693359375 0.0626430854797363
vn 1.30349201603813E-28 -0.80901700258255 0.587785243988037
v 0.054 1.11606506347656 0.0402193336486816
vn 1.30349201603813E-28 -0.80901700258255 0.587785243988037
v 0.062 1.2825 -0.0138586387634277
vn -3.75424864344151E-29 0.95105654001236 -0.30901700258255
v 0.062 1.27393493652344 -0.0402193336486816
vn -3.75424864344151E-29 0.95105654001236 -0.30901700258255
v 0.054 1.27393493652344 -0.0402193336486816
vn -3.75424864344151E-29 0.95105654001236 -0.30901700258255
v 0.054 1.2825 -0.0138586387634277
vn -3.75424864344151E-29 0.95105654001236 -0.30901700258255
v 0.062 1.13235693359375 -0.0626430854797363
vn -2.25714752436306E-28 -0.80901700258255 -0.587785243988037
v 0.062 1.11606506347656 -0.0402193336486816
vn -2.25714752436306E-28 -0.80901700258255 -0.587785243988037
v 0.054 1.11606506347656 -0.0402193336486816
vn -2.25714752436306E-28 -0.80901700258255 -0.587785243988037
v 0.054 1.13235693359375 -0.0626430854797363
vn -2.25714752436306E-28 -0.80901700258255 -0.587785243988037
v 0.062 1.27393493652344 0.0402193336486816
vn 1.49651425211321E-28 0.95105654001236 0.30901700258255
v 0.062 1.2825 0.0138586387634277
vn 1.49651425211321E-28 0.95105654001236 0.30901700258255
v 0.054 1.2825 0.0138586387634277
vn 1.49651425211321E-28 0.95105654001236 0.30901700258255
v 0.054 1.27393493652344 0.0402193336486816
vn 1.49651425211321E-28 0.95105654001236 0.30901700258255
v 0.062 1.23521936035156 0.0789348907470703
vn 2.79683570598039E-28 0.587785243988037 0.80901700258255
v 0.062 1.25764306640625 0.0626430854797363
vn 2.79683570598039E-28 0.587785243988037 0.80901700258255
v 0.054 1.25764306640625 0.0626430854797363
vn 2.79683570598039E-28 0.587785243988037 0.80901700258255
v 0.054 1.23521936035156 0.0789348907470703
vn 2.79683570598039E-28 0.587785243988037 0.80901700258255
v 0.062 1.13235693359375 0.0626430854797363
vn 2.10396435289385E-28 -0.587785243988037 0.80901700258255
v 0.062 1.15478063964844 0.0789348907470703
vn 2.10396435289385E-28 -0.587785243988037 0.80901700258255
v 0.054 1.15478063964844 0.0789348907470703
vn 2.10396435289385E-28 -0.587785243988037 0.80901700258255
v 0.054 1.13235693359375 0.0626430854797363
vn 2.10396435289385E-28 -0.587785243988037 0.80901700258255
v 0.062 1.18114135742187 0.0875
vn 3.02886091232422E-28 -2.50345436824632E-15 1
v 0.062 1.20885864257812 0.0875
vn 3.02886091232422E-28 -2.50345436824632E-15 1
v 0.054 1.20885864257812 0.0875
vn 3.02886091232422E-28 -2.50345436824632E-15 1
v 0.054 1.18114135742187 0.0875
vn 3.02886091232422E-28 -2.50345436824632E-15 1
v 0.062 1.27393493652344 -0.0402193336486816
vn -1.30349201603813E-28 0.80901700258255 -0.587785243988037
v 0.062 1.25764306640625 -0.0626430854797363
vn -1.30349201603813E-28 0.80901700258255 -0.587785243988037
v 0.054 1.25764306640625 -0.0626430854797363
vn -1.30349201603813E-28 0.80901700258255 -0.587785243988037
v 0.054 1.27393493652344 -0.0402193336486816
vn -1.30349201603813E-28 0.80901700258255 -0.587785243988037
v 0.062 1.23521936035156 -0.0789348907470703
vn -2.69848592669907E-28 0.30901700258255 -0.95105654001236
v 0.062 1.20885864257812 -0.0875
vn -2.69848592669907E-28 0.30901700258255 -0.95105654001236
v 0.054 1.20885864257812 -0.0875
vn -2.69848592669907E-28 0.30901700258255 -0.95105654001236
v 0.054 1.23521936035156 -0.0789348907470703
vn -2.69848592669907E-28 0.30901700258255 -0.95105654001236
v 0.062 1.25764306640625 0.0626430854797363
vn 2.25714752436306E-28 0.80901700258255 0.587785243988037
v 0.062 1.27393493652344 0.0402193336486816
vn 2.25714752436306E-28 0.80901700258255 0.587785243988037
v 0.054 1.27393493652344 0.0402193336486816
vn 2.25714752436306E-28 0.80901700258255 0.587785243988037
v 0.054 1.25764306640625 0.0626430854797363
vn 2.25714752436306E-28 0.80901700258255 0.587785243988037
v 0.062 1.2825 0.0138586387634277
vn 5.89391558471786E-29 1 0
v 0.062 1.2825 -0.0138586387634277
vn 5.89391558471786E-29 1 0
v 0.054 1.2825 -0.0138586387634277
vn 5.89391558471786E-29 1 0
v 0.054 1.2825 0.0138586387634277
vn 5.89391558471786E-29 1 0
v 0.062 1.25764306640625 -0.0626430854797363
vn -2.10396435289385E-28 0.587785243988037 -0.80901700258255
v 0.062 1.23521936035156 -0.0789348907470703
vn -2.10396435289385E-28 0.587785243988037 -0.80901700258255
v 0.054 1.23521936035156 -0.0789348907470703
vn -2.10396435289385E-28 0.587785243988037 -0.80901700258255
v 0.054 1.25764306640625 -0.0626430854797363
vn -2.10396435289385E-28 0.587785243988037 -0.80901700258255
v 0.062 1.20885864257812 -0.0875
vn -3.02886091232422E-28 -2.50345436824632E-15 -1
v 0.062 1.18114135742187 -0.0875
vn -3.02886091232422E-28 -2.50345436824632E-15 -1
v 0.054 1.18114135742187 -0.0875
vn -3.02886091232422E-28 -2.50345436824632E-15 -1
v 0.054 1.20885864257812 -0.0875
vn -3.02886091232422E-28 -2.50345436824632E-15 -1
v 0.062 1.18114135742187 -0.0875
vn -3.06275005710815E-28 -0.30901700258255 -0.95105654001236
v 0.062 1.15478063964844 -0.0789348907470703
vn -3.06275005710815E-28 -0.30901700258255 -0.95105654001236
v 0.054 1.15478063964844 -0.0789348907470703
vn -3.06275005710815E-28 -0.30901700258255 -0.95105654001236
v 0.054 1.18114135742187 -0.0875
vn -3.06275005710815E-28 -0.30901700258255 -0.95105654001236
v 0.062 1.11606506347656 -0.0402193336486816
vn -1.49651425211321E-28 -0.95105654001236 -0.30901700258255
v 0.062 1.1075 -0.0138586387634277
vn -1.49651425211321E-28 -0.95105654001236 -0.30901700258255
v 0.054 1.1075 -0.0138586387634277
vn -1.49651425211321E-28 -0.95105654001236 -0.30901700258255
v 0.054 1.11606506347656 -0.0402193336486816
vn -1.49651425211321E-28 -0.95105654001236 -0.30901700258255
v 0.062 1.1075 0.0138586387634277
vn 3.75424864344151E-29 -0.95105654001236 0.30901700258255
v 0.062 1.11606506347656 0.0402193336486816
vn 3.75424864344151E-29 -0.95105654001236 0.30901700258255
v 0.054 1.11606506347656 0.0402193336486816
vn 3.75424864344151E-29 -0.95105654001236 0.30901700258255
v 0.054 1.1075 0.0138586387634277
vn 3.75424864344151E-29 -0.95105654001236 0.30901700258255
v 0.062 1.15478063964844 -0.0789348907470703
vn -2.79683570598039E-28 -0.587785243988037 -0.80901700258255
v 0.062 1.13235693359375 -0.0626430854797363
vn -2.79683570598039E-28 -0.587785243988037 -0.80901700258255
v 0.054 1.13235693359375 -0.0626430854797363
vn -2.79683570598039E-28 -0.587785243988037 -0.80901700258255
v 0.054 1.15478063964844 -0.0789348907470703
vn -2.79683570598039E-28 -0.587785243988037 -0.80901700258255
v 0.054 1.17534252929688 0.0247705764770508
vn -1 5.89391558471786E-29 9.46097581444177E-28
v 0.054 1.1189609375 0.00424936866760254
vn -1 5.89391558471786E-29 9.46097581444177E-28
v 0.054 1.11477722167969 -0.00472262096405029
vn -1 5.89391558471786E-29 9.46097581444177E-28
v 0.054 1.13529846191406 -0.0611041793823242
vn -1 5.89391558471786E-29 9.46097581444177E-28
v 0.054 1.14427038574219 -0.0652878875732422
vn -1 5.89391558471786E-29 9.46097581444177E-28
v 0.054 1.20065197753906 -0.0447666778564453
vn -1 5.89391558471786E-29 9.46097581444177E-28
v 0.054 1.20483569335938 -0.0357946891784668
vn -1 5.89391558471786E-29 9.46097581444177E-28
v 0.054 1.184314453125 0.0205868701934814
vn -1 5.89391558471786E-29 9.46097581444177E-28
v 0.054 1.27393493652344 0.0402193336486816
vn -1 5.89391558471786E-29 9.46097581444177E-28
v 0.054 1.2825 0.0138586387634277
vn -1 5.89391558471786E-29 9.46097581444177E-28
v 0.054 1.2825 -0.0138586387634277
vn -1 5.89391558471786E-29 9.46097581444177E-28
v 0.054 1.27393493652344 -0.0402193336486816
vn -1 5.89391558471786E-29 9.46097581444177E-28
v 0.054 1.25764306640625 -0.0626430854797363
vn -1 5.89391558471786E-29 9.46097581444177E-28
v 0.054 1.23521936035156 -0.0789348907470703
vn -1 5.89391558471786E-29 9.46097581444177E-28
v 0.054 1.20885864257812 -0.0875
vn -1 5.89391558471786E-29 9.46097581444177E-28
v 0.054 1.18114135742187 -0.0875
vn -1 5.89391558471786E-29 9.46097581444177E-28
v 0.054 1.15478063964844 -0.0789348907470703
vn -1 5.89391558471786E-29 9.46097581444177E-28
v 0.054 1.13235693359375 -0.0626430854797363
vn -1 5.89391558471786E-29 9.46097581444177E-28
v 0.054 1.11606506347656 -0.0402193336486816
vn -1 5.89391558471786E-29 9.46097581444177E-28
v 0.054 1.1075 -0.0138586387634277
vn -1 5.89391558471786E-29 9.46097581444177E-28
v 0.054 1.1075 0.0138586387634277
vn -1 5.89391558471786E-29 9.46097581444177E-28
v 0.054 1.11606506347656 0.0402193336486816
vn -1 5.89391558471786E-29 9.46097581444177E-28
v 0.054 1.13235693359375 0.0626430854797363
vn -1 5.89391558471786E-29 9.46097581444177E-28
v 0.054 1.15478063964844 0.0789348907470703
vn -1 5.89391558471786E-29 9.46097581444177E-28
v 0.054 1.18114135742187 0.0875
vn -1 5.89391558471786E-29 9.46097581444177E-28
v 0.054 1.20885864257812 0.0875
vn -1 5.89391558471786E-29 9.46097581444177E-28
v 0.054 1.23521936035156 0.0789348907470703
vn -1 5.89391558471786E-29 9.46097581444177E-28
v 0.054 1.25764306640625 0.0626430854797363
vn -1 5.89391558471786E-29 9.46097581444177E-28
v 0.054 1.24572961425781 0.0652878875732422
vn -1 5.89391558471786E-29 9.46097581444177E-28
v 0.054 1.18934802246094 0.0447666778564453
vn -1 5.89391558471786E-29 9.46097581444177E-28
v 0.054 1.18516430664063 0.0357946891784668
vn -1 5.89391558471786E-29 9.46097581444177E-28
v 0.054 1.205685546875 -0.0205868701934814
vn -1 5.89391558471786E-29 9.46097581444177E-28
v 0.054 1.21465747070313 -0.0247705764770508
vn -1 5.89391558471786E-29 9.46097581444177E-28
v 0.054 1.2710390625 -0.00424936866760254
vn -1 5.89391558471786E-29 9.46097581444177E-28
v 0.054 1.27522277832031 0.00472262096405029
vn -1 5.89391558471786E-29 9.46097581444177E-28
v 0.054 1.25470153808594 0.0611041793823242
vn -1 5.89391558471786E-29 9.46097581444177E-28
v -0.108 1.21465747070313 -0.0247705764770508
vn -6.58199606669711E-28 0.342020153999329 -0.939692616462708
v -0.108 1.2710390625 -0.00424936866760254
vn -6.58199606669711E-28 0.342020153999329 -0.939692616462708
v 0.054 1.2710390625 -0.00424936866760254
vn -6.58199606669711E-28 0.342020153999329 -0.939692616462708
v 0.054 1.21465747070313 -0.0247705764770508
vn -6.58199606669711E-28 0.342020153999329 -0.939692616462708
v -0.108 1.18516430664063 0.0357946891784668
vn -9.5781561330131E-28 -0.939692616462708 -0.342020153999329
v -0.108 1.205685546875 -0.0205868701934814
vn -9.5781561330131E-28 -0.939692616462708 -0.342020153999329
v 0.054 1.205685546875 -0.0205868701934814
vn -9.5781561330131E-28 -0.939692616462708 -0.342020153999329
v 0.054 1.18516430664063 0.0357946891784668
vn -9.5781561330131E-28 -0.939692616462708 -0.342020153999329
v -0.108 1.184314453125 0.0205868701934814
vn 1.14269535460926E-27 0.422618269920349 0.906307816505432
v -0.108 1.17534252929688 0.0247705764770508
vn 1.14269535460926E-27 0.422618269920349 0.906307816505432
v 0.054 1.17534252929688 0.0247705764770508
vn 1.14269535460926E-27 0.422618269920349 0.906307816505432
v 0.054 1.184314453125 0.0205868701934814
vn 1.14269535460926E-27 0.422618269920349 0.906307816505432
v -0.108 1.13529846191406 -0.0611041793823242
vn -1.14269535460926E-27 -0.422618269920349 -0.906307816505432
v -0.108 1.14427038574219 -0.0652878875732422
vn -1.14269535460926E-27 -0.422618269920349 -0.906307816505432
v 0.054 1.14427038574219 -0.0652878875732422
vn -1.14269535460926E-27 -0.422618269920349 -0.906307816505432
v 0.054 1.13529846191406 -0.0611041793823242
vn -1.14269535460926E-27 -0.422618269920349 -0.906307816505432
v -0.108 1.1189609375 0.00424936866760254
vn -2.11860503158984E-28 -0.906307816505432 0.422618269920349
v -0.108 1.11477722167969 -0.00472262096405029
vn -2.11860503158984E-28 -0.906307816505432 0.422618269920349
v 0.054 1.11477722167969 -0.00472262096405029
vn -2.11860503158984E-28 -0.906307816505432 0.422618269920349
v 0.054 1.1189609375 0.00424936866760254
vn -2.11860503158984E-28 -0.906307816505432 0.422618269920349
v -0.108 1.25470153808594 0.0611041793823242
vn 1.14269535460926E-27 0.422618269920349 0.906307816505432
v -0.108 1.24572961425781 0.0652878875732422
vn 1.14269535460926E-27 0.422618269920349 0.906307816505432
v 0.054 1.24572961425781 0.0652878875732422
vn 1.14269535460926E-27 0.422618269920349 0.906307816505432
v 0.054 1.25470153808594 0.0611041793823242
vn 1.14269535460926E-27 0.422618269920349 0.906307816505432
v -0.108 1.24572961425781 0.0652878875732422
vn 6.58199606669711E-28 -0.342020153999329 0.939692616462708
v -0.108 1.18934802246094 0.0447666778564453
vn 6.58199606669711E-28 -0.342020153999329 0.939692616462708
v 0.054 1.18934802246094 0.0447666778564453
vn 6.58199606669711E-28 -0.342020153999329 0.939692616462708
v 0.054 1.24572961425781 0.0652878875732422
vn 6.58199606669711E-28 -0.342020153999329 0.939692616462708
v -0.108 1.20483569335938 -0.0357946891784668
vn 9.5781561330131E-28 0.939692616462708 0.342020153999329
v -0.108 1.184314453125 0.0205868701934814
vn 9.5781561330131E-28 0.939692616462708 0.342020153999329
v 0.054 1.184314453125 0.0205868701934814
vn 9.5781561330131E-28 0.939692616462708 0.342020153999329
v 0.054 1.20483569335938 -0.0357946891784668
vn 9.5781561330131E-28 0.939692616462708 0.342020153999329
v -0.108 1.14427038574219 -0.0652878875732422
vn -6.58199606669711E-28 0.342020153999329 -0.939692616462708
v -0.108 1.20065197753906 -0.0447666778564453
vn -6.58199606669711E-28 0.342020153999329 -0.939692616462708
v 0.054 1.20065197753906 -0.0447666778564453
vn -6.58199606669711E-28 0.342020153999329 -0.939692616462708
v 0.054 1.14427038574219 -0.0652878875732422
vn -6.58199606669711E-28 0.342020153999329 -0.939692616462708
v -0.108 1.11477722167969 -0.00472262096405029
vn -9.5781561330131E-28 -0.939692616462708 -0.342020153999329
v -0.108 1.13529846191406 -0.0611041793823242
vn -9.5781561330131E-28 -0.939692616462708 -0.342020153999329
v 0.054 1.13529846191406 -0.0611041793823242
vn -9.5781561330131E-28 -0.939692616462708 -0.342020153999329
v 0.054 1.11477722167969 -0.00472262096405029
vn -9.5781561330131E-28 -0.939692616462708 -0.342020153999329
v -0.108 1.2710390625 -0.00424936866760254
vn 2.11860503158984E-28 0.906307816505432 -0.422618269920349
v -0.108 1.27522277832031 0.00472262096405029
vn 2.11860503158984E-28 0.906307816505432 -0.422618269920349
v 0.054 1.27522277832031 0.00472262096405029
vn 2.11860503158984E-28 0.906307816505432 -0.422618269920349
v 0.054 1.2710390625 -0.00424936866760254
vn 2.11860503158984E-28 0.906307816505432 -0.422618269920349
v -0.108 1.17534252929688 0.0247705764770508
vn 6.58199606669711E-28 -0.342020153999329 0.939692616462708
v -0.108 1.1189609375 0.00424936866760254
vn 6.58199606669711E-28 -0.342020153999329 0.939692616462708
v 0.054 1.1189609375 0.00424936866760254
vn 6.58199606669711E-28 -0.342020153999329 0.939692616462708
v 0.054 1.17534252929688 0.0247705764770508
vn 6.58199606669711E-28 -0.342020153999329 0.939692616462708
v -0.108 1.205685546875 -0.0205868701934814
vn -1.14269535460926E-27 -0.422618269920349 -0.906307816505432
v -0.108 1.21465747070313 -0.0247705764770508
vn -1.14269535460926E-27 -0.422618269920349 -0.906307816505432
v 0.054 1.21465747070313 -0.0247705764770508
vn -1.14269535460926E-27 -0.422618269920349 -0.906307816505432
v 0.054 1.205685546875 -0.0205868701934814
vn -1.14269535460926E-27 -0.422618269920349 -0.906307816505432
v -0.108 1.18934802246094 0.0447666778564453
vn -2.11860503158984E-28 -0.906307816505432 0.422618269920349
v -0.108 1.18516430664063 0.0357946891784668
vn -2.11860503158984E-28 -0.906307816505432 0.422618269920349
v 0.054 1.18516430664063 0.0357946891784668
vn -2.11860503158984E-28 -0.906307816505432 0.422618269920349
v 0.054 1.18934802246094 0.0447666778564453
vn -2.11860503158984E-28 -0.906307816505432 0.422618269920349
v -0.108 1.20065197753906 -0.0447666778564453
vn 2.11860503158984E-28 0.906307816505432 -0.422618269920349
v -0.108 1.20483569335938 -0.0357946891784668
vn 2.11860503158984E-28 0.906307816505432 -0.422618269920349
v 0.054 1.20483569335938 -0.0357946891784668
vn 2.11860503158984E-28 0.906307816505432 -0.422618269920349
v 0.054 1.20065197753906 -0.0447666778564453
vn 2.11860503158984E-28 0.906307816505432 -0.422618269920349
v -0.108 1.27522277832031 0.00472262096405029
vn 9.5781561330131E-28 0.939692616462708 0.342020153999329
v -0.108 1.25470153808594 0.0611041793823242
vn 9.5781561330131E-28 0.939692616462708 0.342020153999329
v 0.054 1.25470153808594 0.0611041793823242
vn 9.5781561330131E-28 0.939692616462708 0.342020153999329
v 0.054 1.27522277832031 0.00472262096405029
vn 9.5781561330131E-28 0.939692616462708 0.342020153999329
v -0.108 1.205685546875 -0.0205868701934814
vn 1 -5.89391558471786E-29 -9.46097581444177E-28
v -0.108 1.18516430664063 0.0357946891784668
vn 1 -5.89391558471786E-29 -9.46097581444177E-28
v -0.108 1.18934802246094 0.0447666778564453
vn 1 -5.89391558471786E-29 -9.46097581444177E-28
v -0.108 1.24572961425781 0.0652878875732422
vn 1 -5.89391558471786E-29 -9.46097581444177E-28
v -0.108 1.25470153808594 0.0611041793823242
vn 1 -5.89391558471786E-29 -9.46097581444177E-28
v -0.108 1.27522277832031 0.00472262096405029
vn 1 -5.89391558471786E-29 -9.46097581444177E-28
v -0.108 1.2710390625 -0.00424936866760254
vn 1 -5.89391558471786E-29 -9.46097581444177E-28
v -0.108 1.21465747070313 -0.0247705764770508
vn 1 -5.89391558471786E-29 -9.46097581444177E-28
v -0.108 1.28322119140625 -0.007019455909729
vn 1 -5.89391558471786E-29 -9.46097581444177E-28
v -0.108 1.2580693359375 0.0620846977233887
vn 1 -5.89391558471786E-29 -9.46097581444177E-28
v -0.108 1.25052160644531 0.0697521438598633
vn 1 -5.89391558471786E-29 -9.46097581444177E-28
v -0.108 1.23219152832031 0.0810234298706055
vn 1 -5.89391558471786E-29 -9.46097581444177E-28
v -0.108 1.22194323730469 0.084298957824707
vn 1 -5.89391558471786E-29 -9.46097581444177E-28
v -0.108 1.12017395019531 0.0472580070495605
vn 1 -5.89391558471786E-29 -9.46097581444177E-28
v -0.108 1.1144287109375 0.0381612854003906
vn 1 -5.89391558471786E-29 -9.46097581444177E-28
v -0.108 1.10763220214844 0.0177446517944336
vn 1 -5.89391558471786E-29 -9.46097581444177E-28
v -0.108 1.10677880859375 0.007019455909729
vn 1 -5.89391558471786E-29 -9.46097581444177E-28
v -0.108 1.1319306640625 -0.0620846977233887
vn 1 -5.89391558471786E-29 -9.46097581444177E-28
v -0.108 1.13947839355469 -0.0697521438598633
vn 1 -5.89391558471786E-29 -9.46097581444177E-28
v -0.108 1.15780847167969 -0.0810234298706055
vn 1 -5.89391558471786E-29 -9.46097581444177E-28
v -0.108 1.16805676269531 -0.084298957824707
vn 1 -5.89391558471786E-29 -9.46097581444177E-28
v -0.108 1.26982604980469 -0.0472580070495605
vn 1 -5.89391558471786E-29 -9.46097581444177E-28
v -0.108 1.2755712890625 -0.0381612854003906
vn 1 -5.89391558471786E-29 -9.46097581444177E-28
v -0.108 1.28236779785156 -0.0177446517944336
vn 1 -5.89391558471786E-29 -9.46097581444177E-28
v -0.108 1.13529846191406 -0.0611041793823242
vn 1 -5.89391558471786E-29 -9.46097581444177E-28
v -0.108 1.11477722167969 -0.00472262096405029
vn 1 -5.89391558471786E-29 -9.46097581444177E-28
v -0.108 1.1189609375 0.00424936866760254
vn 1 -5.89391558471786E-29 -9.46097581444177E-28
v -0.108 1.17534252929688 0.0247705764770508
vn 1 -5.89391558471786E-29 -9.46097581444177E-28
v -0.108 1.184314453125 0.0205868701934814
vn 1 -5.89391558471786E-29 -9.46097581444177E-28
v -0.108 1.20483569335938 -0.0357946891784668
vn 1 -5.89391558471786E-29 -9.46097581444177E-28
v -0.108 1.20065197753906 -0.0447666778564453
vn 1 -5.89391558471786E-29 -9.46097581444177E-28
v -0.108 1.14427038574219 -0.0652878875732422
vn 1 -5.89391558471786E-29 -9.46097581444177E-28
v -0.142 1.1319306640625 -0.0620846977233887
vn -2.54484125426693E-28 -0.712647795677185 -0.701521992683411
v -0.142 1.13947839355469 -0.0697521438598633
vn -2.54484125426693E-28 -0.712647795677185 -0.701521992683411
v -0.108 1.13947839355469 -0.0697521438598633
vn -2.54484125426693E-28 -0.712647795677185 -0.701521992683411
v -0.108 1.1319306640625 -0.0620846977233887
vn -2.54484125426693E-28 -0.712647795677185 -0.701521992683411
v -0.142 1.10763220214844 0.0177446517944336
vn -3.47297891305246E-29 -0.996849536895752 0.0793158859014511
v -0.142 1.10677880859375 0.007019455909729
vn -3.47297891305246E-29 -0.996849536895752 0.0793158859014511
v -0.108 1.10677880859375 0.007019455909729
vn -3.47297891305246E-29 -0.996849536895752 0.0793158859014511
v -0.108 1.10763220214844 0.0177446517944336
vn -3.47297891305246E-29 -0.996849536895752 0.0793158859014511
v -0.142 1.12017395019531 0.0472580070495605
vn 1.11905220527772E-28 -0.845491588115692 0.533988773822784
v -0.142 1.1144287109375 0.0381612854003906
vn 1.11905220527772E-28 -0.845491588115692 0.533988773822784
v -0.108 1.1144287109375 0.0381612854003906
vn 1.11905220527772E-28 -0.845491588115692 0.533988773822784
v -0.108 1.12017395019531 0.0472580070495605
vn 1.11905220527772E-28 -0.845491588115692 0.533988773822784
v -0.142 1.23219152832031 0.0810234298706055
vn 3.06451878302082E-28 0.304442763328552 0.9525306224823
v -0.142 1.22194323730469 0.084298957824707
vn 3.06451878302082E-28 0.304442763328552 0.9525306224823
v -0.108 1.22194323730469 0.084298957824707
vn 3.06451878302082E-28 0.304442763328552 0.9525306224823
v -0.108 1.23219152832031 0.0810234298706055
vn 3.06451878302082E-28 0.304442763328552 0.9525306224823
v -0.108 1.28236779785156 -0.0177446517944336
vn -3.97454523735058E-29 0.948808193206787 -0.315852731466293
v -0.108 1.2755712890625 -0.0381612854003906
vn -3.97454523735058E-29 0.948808193206787 -0.315852731466293
v -0.142 1.2755712890625 -0.0381612854003906
vn -3.97454523735058E-29 0.948808193206787 -0.315852731466293
v -0.142 1.28236779785156 -0.0177446517944336
vn -3.97454523735058E-29 0.948808193206787 -0.315852731466293
v -0.142 1.2580693359375 0.0620846977233887
vn 2.54484125426693E-28 0.712647795677185 0.701521992683411
v -0.142 1.25052160644531 0.0697521438598633
vn 2.54484125426693E-28 0.712647795677185 0.701521992683411
v -0.108 1.25052160644531 0.0697521438598633
vn 2.54484125426693E-28 0.712647795677185 0.701521992683411
v -0.108 1.2580693359375 0.0620846977233887
vn 2.54484125426693E-28 0.712647795677185 0.701521992683411
v -0.108 1.26982604980469 -0.0472580070495605
vn -6.58199606669711E-28 0.342020153999329 -0.939692616462708
v -0.108 1.16805676269531 -0.084298957824707
vn -6.58199606669711E-28 0.342020153999329 -0.939692616462708
v -0.142 1.16805676269531 -0.084298957824707
vn -6.58199606669711E-28 0.342020153999329 -0.939692616462708
v -0.142 1.26982604980469 -0.0472580070495605
vn -6.58199606669711E-28 0.342020153999329 -0.939692616462708
v -0.108 1.15780847167969 -0.0810234298706055
vn -2.88882823125653E-28 -0.523803055286407 -0.851839423179626
v -0.108 1.13947839355469 -0.0697521438598633
vn -2.88882823125653E-28 -0.523803055286407 -0.851839423179626
v -0.142 1.13947839355469 -0.0697521438598633
vn -2.88882823125653E-28 -0.523803055286407 -0.851839423179626
v -0.142 1.15780847167969 -0.0810234298706055
vn -2.88882823125653E-28 -0.523803055286407 -0.851839423179626
v -0.108 1.1319306640625 -0.0620846977233887
vn -9.5781561330131E-28 -0.939692616462708 -0.342020153999329
v -0.108 1.10677880859375 0.007019455909729
vn -9.5781561330131E-28 -0.939692616462708 -0.342020153999329
v -0.142 1.10677880859375 0.007019455909729
vn -9.5781561330131E-28 -0.939692616462708 -0.342020153999329
v -0.142 1.1319306640625 -0.0620846977233887
vn -9.5781561330131E-28 -0.939692616462708 -0.342020153999329
v -0.108 1.10763220214844 0.0177446517944336
vn 3.97454523735058E-29 -0.948808193206787 0.315852731466293
v -0.108 1.1144287109375 0.0381612854003906
vn 3.97454523735058E-29 -0.948808193206787 0.315852731466293
v -0.142 1.1144287109375 0.0381612854003906
vn 3.97454523735058E-29 -0.948808193206787 0.315852731466293
v -0.142 1.10763220214844 0.0177446517944336
vn 3.97454523735058E-29 -0.948808193206787 0.315852731466293
v -0.142 1.26982604980469 -0.0472580070495605
vn -1.11905220527772E-28 0.845491588115692 -0.533988773822784
v -0.142 1.2755712890625 -0.0381612854003906
vn -1.11905220527772E-28 0.845491588115692 -0.533988773822784
v -0.108 1.2755712890625 -0.0381612854003906
vn -1.11905220527772E-28 0.845491588115692 -0.533988773822784
v -0.108 1.26982604980469 -0.0472580070495605
vn -1.11905220527772E-28 0.845491588115692 -0.533988773822784
v -0.142 1.15780847167969 -0.0810234298706055
vn -3.06451878302082E-28 -0.304442763328552 -0.9525306224823
v -0.142 1.16805676269531 -0.084298957824707
vn -3.06451878302082E-28 -0.304442763328552 -0.9525306224823
v -0.108 1.16805676269531 -0.084298957824707
vn -3.06451878302082E-28 -0.304442763328552 -0.9525306224823
v -0.108 1.15780847167969 -0.0810234298706055
vn -3.06451878302082E-28 -0.304442763328552 -0.9525306224823
v -0.142 1.28236779785156 -0.0177446517944336
vn 3.47297891305246E-29 0.996849536895752 -0.0793158859014511
v -0.142 1.28322119140625 -0.007019455909729
vn 3.47297891305246E-29 0.996849536895752 -0.0793158859014511
v -0.108 1.28322119140625 -0.007019455909729
vn 3.47297891305246E-29 0.996849536895752 -0.0793158859014511
v -0.108 1.28236779785156 -0.0177446517944336
vn 3.47297891305246E-29 0.996849536895752 -0.0793158859014511
v -0.108 1.12017395019531 0.0472580070495605
vn 6.58199606669711E-28 -0.342020153999329 0.939692616462708
v -0.108 1.22194323730469 0.084298957824707
vn 6.58199606669711E-28 -0.342020153999329 0.939692616462708
v -0.142 1.22194323730469 0.084298957824707
vn 6.58199606669711E-28 -0.342020153999329 0.939692616462708
v -0.142 1.12017395019531 0.0472580070495605
vn 6.58199606669711E-28 -0.342020153999329 0.939692616462708
v -0.108 1.23219152832031 0.0810234298706055
vn 2.88882823125653E-28 0.523803055286407 0.851839423179626
v -0.108 1.25052160644531 0.0697521438598633
vn 2.88882823125653E-28 0.523803055286407 0.851839423179626
v -0.142 1.25052160644531 0.0697521438598633
vn 2.88882823125653E-28 0.523803055286407 0.851839423179626
v -0.142 1.23219152832031 0.0810234298706055
vn 2.88882823125653E-28 0.523803055286407 0.851839423179626
v -0.108 1.2580693359375 0.0620846977233887
vn 9.5781561330131E-28 0.939692616462708 0.342020153999329
v -0.108 1.28322119140625 -0.007019455909729
vn 9.5781561330131E-28 0.939692616462708 0.342020153999329
v -0.142 1.28322119140625 -0.007019455909729
vn 9.5781561330131E-28 0.939692616462708 0.342020153999329
v -0.142 1.2580693359375 0.0620846977233887
vn 9.5781561330131E-28 0.939692616462708 0.342020153999329
v -0.142 1.12017395019531 0.0472580070495605
vn -1 5.89391558471786E-29 9.46097581444177E-28
v -0.142 1.22194323730469 0.084298957824707
vn -1 5.89391558471786E-29 9.46097581444177E-28
v -0.142 1.23219152832031 0.0810234298706055
vn -1 5.89391558471786E-29 9.46097581444177E-28
v -0.142 1.25052160644531 0.0697521438598633
vn -1 5.89391558471786E-29 9.46097581444177E-28
v -0.142 1.2580693359375 0.0620846977233887
vn -1 5.89391558471786E-29 9.46097581444177E-28
v -0.142 1.28322119140625 -0.007019455909729
vn -1 5.89391558471786E-29 9.46097581444177E-28
v -0.142 1.28236779785156 -0.0177446517944336
vn -1 5.89391558471786E-29 9.46097581444177E-28
v -0.142 1.2755712890625 -0.0381612854003906
vn -1 5.89391558471786E-29 9.46097581444177E-28
v -0.142 1.26982604980469 -0.0472580070495605
vn -1 5.89391558471786E-29 9.46097581444177E-28
v -0.142 1.16805676269531 -0.084298957824707
vn -1 5.89391558471786E-29 9.46097581444177E-28
v -0.142 1.15780847167969 -0.0810234298706055
vn -1 5.89391558471786E-29 9.46097581444177E-28
v -0.142 1.13947839355469 -0.0697521438598633
vn -1 5.89391558471786E-29 9.46097581444177E-28
v -0.142 1.1319306640625 -0.0620846977233887
vn -1 5.89391558471786E-29 9.46097581444177E-28
v -0.142 1.10677880859375 0.007019455909729
vn -1 5.89391558471786E-29 9.46097581444177E-28
v -0.142 1.10763220214844 0.0177446517944336
vn -1 5.89391558471786E-29 9.46097581444177E-28
v -0.142 1.1144287109375 0.0381612854003906
vn -1 5.89391558471786E-29 9.46097581444177E-28
usemtl Mat0
f 2//2 3//3 1//1
f 1//1 3//3 4//4
f 12//12 4//4 11//11
f 12//12 1//1 4//4
f 12//12 13//13 1//1
f 1//1 13//13 14//14
f 15//15 1//1 14//14
f 15//15 16//16 1//1
f 1//1 16//16 17//17
f 18//18 1//1 17//17
f 5//5 6//6 4//4
f 4//4 6//6 7//7
f 8//8 4//4 7//7
f 8//8 9//9 4//4
f 4//4 9//9 10//10
f 11//11 4//4 10//10
f 19//19 20//20 22//22
f 22//22 20//20 21//21
f 23//23 24//24 26//26
f 26//26 24//24 25//25
f 27//27 28//28 30//30
f 30//30 28//28 29//29
f 31//31 32//32 34//34
f 34//34 32//32 33//33
f 35//35 36//36 38//38
f 38//38 36//36 37//37
f 39//39 40//40 44//44
f 44//44 40//40 43//43
f 43//43 40//40 42//42
f 42//42 40//40 41//41
f 45//45 46//46 48//48
f 48//48 46//46 47//47
f 49//49 50//50 52//52
f 52//52 50//50 51//51
f 54//54 55//55 53//53
f 53//53 55//55 60//60
f 60//60 55//55 56//56
f 59//59 56//56 58//58
f 59//59 60//60 56//56
f 56//56 57//57 58//58
f 61//61 62//62 64//64
f 64//64 62//62 63//63
f 65//65 66//66 69//69
f 69//69 66//66 68//68
f 68//68 66//66 67//67
f 71//71 72//72 70//70
f 70//70 72//72 73//73
f 74//74 70//70 73//73
f 74//74 75//75 70//70
f 77//77 78//78 76//76
f 76//76 78//78 79//79
f 80//80 76//76 79//79
f 81//81 82//82 84//84
f 84//84 82//82 83//83
f 85//85 86//86 88//88
f 88//88 86//86 87//87
f 89//89 90//90 92//92
f 92//92 90//90 91//91
f 93//93 94//94 96//96
f 96//96 94//94 95//95
f 97//97 98//98 100//100
f 100//100 98//98 99//99
f 102//102 103//103 101//101
f 101//101 103//103 104//104
f 106//106 107//107 105//105
f 105//105 107//107 108//108
f 110//110 111//111 109//109
f 109//109 111//111 112//112
f 114//114 115//115 113//113
f 113//113 115//115 116//116
f 118//118 119//119 117//117
f 117//117 119//119 120//120
f 122//122 123//123 121//121
f 121//121 123//123 124//124
f 129//129 124//124 125//125
f 126//126 129//129 125//125
f 126//126 128//128 129//129
f 126//126 127//127 128//128
f 129//129 121//121 124//124
f 131//131 132//132 130//130
f 130//130 132//132 134//134
f 134//134 132//132 133//133
f 136//136 137//137 135//135
f 135//135 137//137 140//140
f 140//140 137//137 139//139
f 139//139 137//137 138//138
f 141//141 142//142 143//143
f 145//145 146//146 144//144
f 144//144 146//146 147//147
f 149//149 150//150 148//148
f 148//148 150//150 151//151
f 153//153 154//154 152//152
f 152//152 154//154 155//155
f 156//156 157//157 164//164
f 164//164 157//157 163//163
f 163//163 157//157 158//158
f 162//162 158//158 161//161
f 162//162 163//163 158//158
f 158//158 159//159 161//161
f 161//161 159//159 160//160
f 173//173 165//165 172//172
f 172//172 165//165 166//166
f 171//171 166//166 170//170
f 171//171 172//172 166//166
f 166//166 167//167 170//170
f 170//170 167//167 169//169
f 169//169 167//167 168//168
f 191//191 174//174 190//190
f 190//190 174//174 175//175
f 183//183 175//175 182//182
f 183//183 190//190 175//175
f 183//183 184//184 190//190
f 190//190 184//184 185//185
f 186//186 190//190 185//185
f 186//186 187//187 190//190
f 190//190 187//187 188//188
f 189//189 190//190 188//188
f 176//176 177//177 175//175
f 175//175 177//177 178//178
f 179//179 175//175 178//178
f 179//179 180//180 175//175
f 175//175 180//180 181//181
f 182//182 175//175 181//181
f 193//193 195//195 192//192
f 193//193 194//194 195//195
f 195//195 196//196 192//192
f 192//192 196//196 197//197
f 200//200 197//197 198//198
f 199//199 200//200 198//198
f 200//200 192//192 197//197
f 202//202 203//203 201//201
f 201//201 203//203 204//204
f 205//205 206//206 208//208
f 208//208 206//206 207//207
f 210//210 211//211 209//209
f 209//209 211//211 212//212
f 213//213 214//214 215//215
f 216//216 217//217 221//221
f 221//221 217//217 220//220
f 220//220 217//217 219//219
f 219//219 217//217 218//218
f 222//222 223//223 226//226
f 226//226 223//223 224//224
f 225//225 226//226 224//224
f 228//228 229//229 227//227
f 227//227 229//229 230//230
f 232//232 233//233 231//231
f 231//231 233//233 234//234
f 236//236 237//237 235//235
f 235//235 237//237 238//238
f 240//240 241//241 239//239
f 239//239 241//241 242//242
f 244//244 245//245 243//243
f 243//243 245//245 246//246
f 248//248 249//249 247//247
f 247//247 249//249 250//250
f 252//252 253//253 251//251
f 251//251 253//253 254//254
f 256//256 257//257 255//255
f 255//255 257//257 258//258
f 259//259 260//260 262//262
f 262//262 260//260 261//261
f 264//264 265//265 263//263
f 263//263 265//265 266//266
f 268//268 269//269 267//267
f 267//267 269//269 270//270
f 272//272 273//273 271//271
f 271//271 273//273 274//274
f 276//276 277//277 275//275
f 275//275 277//277 278//278
f 280//280 278//278 279//279
f 280//280 275//275 278//278
f 281//281 282//282 286//286
f 286//286 282//282 285//285
f 285//285 282//282 283//283
f 284//284 285//285 283//283
f 288//288 289//289 287//287
f 287//287 289//289 290//290
f 292//292 293//293 291//291
f 291//291 293//293 294//294
f 295//295 296//296 298//298
f 298//298 296//296 297//297
f 299//299 300//300 303//303
f 303//303 300//300 301//301
f 302//302 303//303 301//301
f 304//304 305//305 309//309
f 309//309 305//305 306//306
f 308//308 306//306 307//307
f 308//308 309//309 306//306
f 310//310 311//311 313//313
f 313//313 311//311 312//312
f 314//314 315//315 317//317
f 317//317 315//315 316//316
f 319//319 320//320 318//318
f 318//318 320//320 321//321
f 323//323 324//324 322//322
f 322//322 324//324 325//325
f 327//327 328//328 326//326
f 326//326 328//328 329//329
f 330//330 326//326 329//329
f 330//330 331//331 326//326
f 333//333 334//334 332//332
f 332//332 334//334 335//335
f 337//337 338//338 336//336
f 336//336 338//338 339//339
f 340//340 341//341 345//345
f 345//345 341//341 344//344
f 344//344 341//341 342//342
f 343//343 344//344 342//342
f 346//346 347//347 351//351
f 351//351 347//347 350//350
f 350//350 347//347 349//349
f 349//349 347//347 348//348
f 352//352 353//353 355//355
f 355//355 353//353 354//354
f 356//356 357//357 359//359
f 359//359 357//357 358//358
f 361//361 362//362 360//360
f 360//360 362//362 363//363
f 365//365 366//366 364//364
f 364//364 366//366 367//367
f 369//369 370//370 368//368
f 368//368 370//370 371//371
f 373//373 371//371 372//372
f 373//373 368//368 371//371
f 374//374 375//375 377//377
f 377//377 375//375 376//376
f 378//378 379//379 381//381
f 381//381 379//379 380//380
f 382//382 383//383 385//385
f 385//385 383//383 384//384
f 386//386 387//387 389//389
f 389//389 387//387 388//388
f 390//390 391//391 393//393
f 393//393 391//391 392//392
f 394//394 395//395 397//397
f 397//397 395//395 396//396
f 398//398 399//399 401//401
f 401//401 399//399 400//400
f 402//402 403//403 405//405
f 405//405 403//403 404//404
f 406//406 407//407 409//409
f 409//409 407//407 408//408
f 410//410 411//411 413//413
f 413//413 411//411 412//412
f 415//415 416//416 414//414
f 414//414 416//416 417//417
f 418//418 414//414 417//417
f 419//419 420//420 422//422
f 422//422 420//420 421//421
f 423//423 424//424 426//426
f 426//426 424//424 425//425
f 427//427 428//428 431//431
f 431//431 428//428 430//430
f 430//430 428//428 429//429
f 432//432 433//433 435//435
f 435//435 433//433 434//434
f 437//437 438//438 436//436
f 436//436 438//438 439//439
f 441//441 442//442 440//440
f 440//440 442//442 443//443
f 444//444 445//445 447//447
f 447//447 445//445 446//446
f 448//448 449//449 451//451
f 451//451 449//449 450//450
f 452//452 453//453 455//455
f 455//455 453//453 454//454
f 457//457 458//458 456//456
f 456//456 458//458 459//459
f 460//460 461//461 464//464
f 464//464 461//461 462//462
f 463//463 464//464 462//462
f 466//466 467//467 465//465
f 465//465 467//467 470//470
f 470//470 467//467 468//468
f 469//469 470//470 468//468
f 472//472 473//473 471//471
f 471//471 473//473 474//474
f 475//475 476//476 478//478
f 478//478 476//476 477//477
f 480//480 481//481 479//479
f 479//479 481//481 482//482
f 484//484 485//485 483//483
f 483//483 485//485 486//486
f 488//488 489//489 487//487
f 487//487 489//489 490//490
f 491//491 492//492 494//494
f 494//494 492//492 493//493
f 499//499 500//500 498//498
f 498//498 500//500 501//501
f 497//497 501//501 502//502
f 496//496 502//502 503//503
f 495//495 503//503 504//504
f 518//518 504//504 505//505
f 517//517 505//505 506//506
f 516//516 506//506 507//507
f 515//515 507//507 508//508
f 514//514 508//508 509//509
f 513//513 509//509 510//510
f 512//512 510//510 511//511
f 512//512 513//513 510//510
f 496//496 497//497 502//502
f 497//497 498//498 501//501
f 513//513 514//514 509//509
f 514//514 515//515 508//508
f 515//515 516//516 507//507
f 516//516 517//517 506//506
f 517//517 518//518 505//505
f 518//518 495//495 504//504
f 503//503 495//495 496//496
f 519//519 520//520 522//522
f 522//522 520//520 521//521
f 524//524 525//525 523//523
f 523//523 525//525 526//526
f 527//527 528//528 530//530
f 530//530 528//528 529//529
f 532//532 533//533 531//531
f 531//531 533//533 534//534
f 536//536 537//537 535//535
f 535//535 537//537 538//538
f 539//539 540//540 541//541
f 543//543 544//544 542//542
f 542//542 544//544 545//545
f 547//547 548//548 546//546
f 546//546 548//548 549//549
f 552//552 549//549 550//550
f 551//551 552//552 550//550
f 552//552 546//546 549//549
f 553//553 554//554 558//558
f 558//558 554//554 557//557
f 557//557 554//554 555//555
f 556//556 557//557 555//555
f 560//560 561//561 559//559
f 559//559 561//561 564//564
f 564//564 561//561 563//563
f 563//563 561//561 562//562
f 565//565 566//566 567//567
f 568//568 569//569 572//572
f 572//572 569//569 570//570
f 571//571 572//572 570//570
f 574//574 575//575 573//573
f 573//573 575//575 576//576
f 578//578 579//579 577//577
f 577//577 579//579 580//580
f 581//581 582//582 584//584
f 584//584 582//582 583//583
f 585//585 586//586 588//588
f 588//588 586//586 587//587
f 590//590 591//591 589//589
f 589//589 591//591 593//593
f 593//593 591//591 592//592
f 594//594 595//595 596//596
f 598//598 599//599 597//597
f 597//597 599//599 602//602
f 602//602 599//599 601//601
f 601//601 599//599 600//600
f 604//604 605//605 603//603
f 603//603 605//605 606//606
f 608//608 609//609 607//607
f 607//607 609//609 610//610
f 611//611 612//612 614//614
f 614//614 612//612 613//613
f 615//615 616//616 618//618
f 618//618 616//616 617//617
f 620//620 621//621 619//619
f 619//619 621//621 622//622
f 624//624 625//625 623//623
f 623//623 625//625 626//626
f 628//628 629//629 627//627
f 627//627 629//629 630//630
f 632//632 633//633 631//631
f 631//631 633//633 634//634
f 636//636 637//637 635//635
f 635//635 637//637 638//638
f 640//640 641//641 639//639
f 639//639 641//641 642//642
f 643//643 644//644 646//646
f 646//646 644//644 645//645
f 648//648 649//649 647//647
f 647//647 649//649 650//650
f 652//652 653//653 651//651
f 651//651 653//653 654//654
f 656//656 657//657 655//655
f 655//655 657//657 658//658
f 660//660 661//661 659//659
f 659//659 661//661 662//662
f 664//664 665//665 663//663
f 663//663 665//665 666//666
f 668//668 669//669 667//667
f 667//667 669//669 670//670
f 672//672 673//673 671//671
f 671//671 673//673 674//674
f 676//676 677//677 675//675
f 675//675 677//677 678//678
f 680//680 681//681 679//679
f 679//679 681//681 682//682
f 683//683 684//684 686//686
f 686//686 684//684 685//685
f 688//688 689//689 687//687
f 687//687 689//689 690//690
f 692//692 693//693 691//691
f 691//691 693//693 694//694
f 695//695 696//696 697//697
f 699//699 701//701 698//698
f 699//699 700//700 701//701
f 701//701 702//702 698//698
f 698//698 702//702 704//704
f 704//704 702//702 703//703
f 705//705 706//706 710//710
f 710//710 706//706 707//707
f 709//709 707//707 708//708
f 709//709 710//710 707//707
f 712//712 713//713 711//711
f 711//711 713//713 714//714
f 715//715 716//716 719//719
f 719//719 716//716 718//718
f 718//718 716//716 717//717
f 721//721 722//722 720//720
f 720//720 722//722 724//724
f 724//724 722//722 723//723
f 726//726 727//727 725//725
f 725//725 727//727 728//728
f 730//730 731//731 729//729
f 729//729 731//731 732//732
f 733//733 734//734 736//736
f 736//736 734//734 735//735
f 738//738 739//739 737//737
f 737//737 739//739 740//740
f 746//746 741//741 745//745
f 745//745 741//741 742//742
f 744//744 742//742 743//743
f 744//744 745//745 742//742
f 748//748 749//749 747//747
f 747//747 749//749 750//750
f 751//751 752//752 755//755
f 755//755 752//752 753//753
f 754//754 755//755 753//753
f 757//757 758//758 756//756
f 756//756 758//758 759//759
f 761//761 762//762 760//760
f 760//760 762//762 765//765
f 765//765 762//762 763//763
f 764//764 765//765 763//763
f 767//767 768//768 766//766
f 766//766 768//768 769//769
f 771//771 772//772 770//770
f 770//770 772//772 773//773
f 775//775 776//776 774//774
f 774//774 776//776 777//777
f 779//779 781//781 778//778
f 779//779 780//780 781//781
f 781//781 782//782 778//778
f 778//778 782//782 784//784
f 784//784 782//782 783//783
f 786//786 787//787 785//785
f 785//785 787//787 788//788
f 789//789 785//785 788//788
f 790//790 791//791 795//795
f 795//795 791//791 792//792
f 794//794 792//792 793//793
f 794//794 795//795 792//792
f 796//796 797//797 799//799
f 799//799 797//797 798//798
f 800//800 801//801 803//803
f 803//803 801//801 802//802
f 805//805 806//806 804//804
f 804//804 806//806 807//807
f 809//809 810//810 808//808
f 808//808 810//810 811//811
f 814//814 811//811 812//812
f 813//813 814//814 812//812
f 814//814 808//808 811//811
f 815//815 816//816 818//818
f 818//818 816//816 817//817
f 820//820 821//821 819//819
f 819//819 821//821 822//822
f 824//824 825//825 823//823
f 823//823 825//825 826//826
f 827//827 828//828 830//830
f 830//830 828//828 829//829
f 832//832 833//833 831//831
f 831//831 833//833 834//834
f 835//835 836//836 838//838
f 838//838 836//836 837//837
f 839//839 840//840 842//842
f 842//842 840//840 841//841
f 843//843 844//844 846//846
f 846//846 844//844 845//845
f 847//847 848//848 850//850
f 850//850 848//848 849//849
f 851//851 852//852 854//854
f 854//854 852//852 853//853
f 856//856 857//857 855//855
f 855//855 857//857 858//858
f 860//860 861//861 859//859
f 859//859 861//861 862//862
f 864//864 865//865 863//863
f 863//863 865//865 866//866
f 867//867 868//868 870//870
f 870//870 868//868 869//869
f 872//872 873//873 871//871
f 871//871 873//873 874//874
f 875//875 876//876 878//878
f 878//878 876//876 877//877
f 880//880 881//881 879//879
f 879//879 881//881 882//882
f 884//884 885//885 883//883
f 883//883 885//885 886//886
f 888//888 889//889 887//887
f 887//887 889//889 890//890
f 892//892 893//893 891//891
f 891//891 893//893 894//894
f 895//895 896//896 898//898
f 898//898 896//896 897//897
f 899//899 900//900 902//902
f 902//902 900//900 901//901
f 904//904 940//940 903//903
f 904//904 905//905 940//940
f 940//940 905//905 939//939
f 939//939 905//905 906//906
f 938//938 906//906 907//907
f 937//937 907//907 908//908
f 936//936 908//908 909//909
f 935//935 909//909 934//934
f 935//935 936//936 909//909
f 909//909 910//910 934//934
f 934//934 910//910 933//933
f 933//933 910//910 911//911
f 932//932 911//911 912//912
f 931//931 912//912 913//913
f 930//930 913//913 914//914
f 915//915 930//930 914//914
f 915//915 929//929 930//930
f 915//915 916//916 929//929
f 929//929 916//916 928//928
f 928//928 916//916 917//917
f 927//927 917//917 918//918
f 926//926 918//918 919//919
f 925//925 919//919 920//920
f 924//924 920//920 923//923
f 924//924 925//925 920//920
f 920//920 921//921 923//923
f 923//923 921//921 942//942
f 942//942 921//921 922//922
f 941//941 922//922 903//903
f 940//940 941//941 903//903
f 925//925 926//926 919//919
f 926//926 927//927 918//918
f 927//927 928//928 917//917
f 930//930 931//931 913//913
f 931//931 932//932 912//912
f 932//932 933//933 911//911
f 936//936 937//937 908//908
f 937//937 938//938 907//907
f 938//938 939//939 906//906
f 941//941 942//942 922//922
f 944//944 945//945 943//943
f 943//943 945//945 946//946
f 947//947 948//948 950//950
f 950//950 948//948 949//949
f 952//952 953//953 951//951
f 951//951 953//953 954//954
f 956//956 957//957 955//955
f 955//955 957//957 958//958
f 959//959 960//960 961//961
f 962//962 963//963 965//965
f 965//965 963//963 964//964
f 974//974 975//975 973//973
f 973//973 975//975 976//976
f 972//972 976//976 977//977
f 971//971 977//977 978//978
f 970//970 978//978 979//979
f 969//969 979//979 980//980
f 968//968 980//980 981//981
f 967//967 981//981 982//982
f 966//966 982//982 983//983
f 989//989 983//983 984//984
f 988//988 984//984 985//985
f 987//987 985//985 986//986
f 987//987 988//988 985//985
f 967//967 968//968 981//981
f 968//968 969//969 980//980
f 969//969 970//970 979//979
f 970//970 971//971 978//978
f 971//971 972//972 977//977
f 972//972 973//973 976//976
f 988//988 989//989 984//984
f 989//989 966//966 983//983
f 982//982 966//966 967//967
f 990//990 991//991 995//995
f 995//995 991//991 992//992
f 994//994 992//992 993//993
f 994//994 995//995 992//992
f 997//997 998//998 996//996
f 996//996 998//998 999//999
f 1001//1001 1002//1002 1000//1000
f 1000//1000 1002//1002 1003//1003
f 1005//1005 1006//1006 1004//1004
f 1004//1004 1006//1006 1008//1008
f 1008//1008 1006//1006 1007//1007
f 1014//1014 1009//1009 1013//1013
f 1013//1013 1009//1009 1010//1010
f 1012//1012 1010//1010 1011//1011
f 1012//1012 1013//1013 1010//1010
f 1015//1015 1016//1016 1018//1018
f 1018//1018 1016//1016 1017//1017
f 1019//1019 1020//1020 1022//1022
f 1022//1022 1020//1020 1021//1021
f 1023//1023 1024//1024 1025//1025
f 1026//1026 1027//1027 1031//1031
f 1031//1031 1027//1027 1030//1030
f 1030//1030 1027//1027 1028//1028
f 1029//1029 1030//1030 1028//1028
f 1032//1032 1033//1033 1035//1035
f 1035//1035 1033//1033 1034//1034
f 1037//1037 1038//1038 1036//1036
f 1036//1036 1038//1038 1039//1039
f 1041//1041 1042//1042 1040//1040
f 1040//1040 1042//1042 1043//1043
f 1044//1044 1045//1045 1048//1048
f 1048//1048 1045//1045 1047//1047
f 1047//1047 1045//1045 1046//1046
f 1050//1050 1051//1051 1049//1049
f 1049//1049 1051//1051 1052//1052
f 1054//1054 1055//1055 1053//1053
f 1053//1053 1055//1055 1056//1056
f 1058//1058 1059//1059 1057//1057
f 1057//1057 1059//1059 1060//1060
f 1062//1062 1063//1063 1061//1061
f 1061//1061 1063//1063 1064//1064
f 1066//1066 1067//1067 1065//1065
f 1065//1065 1067//1067 1068//1068
f 1070//1070 1071//1071 1069//1069
f 1069//1069 1071//1071 1072//1072
f 1074//1074 1075//1075 1073//1073
f 1073//1073 1075//1075 1076//1076
f 1078//1078 1079//1079 1077//1077
f 1077//1077 1079//1079 1080//1080
f 1082//1082 1083//1083 1081//1081
f 1081//1081 1083//1083 1084//1084
f 1086//1086 1087//1087 1085//1085
f 1085//1085 1087//1087 1088//1088
f 1090//1090 1091//1091 1089//1089
f 1089//1089 1091//1091 1092//1092
f 1094//1094 1095//1095 1093//1093
f 1093//1093 1095//1095 1096//1096
f 1098//1098 1099//1099 1097//1097
f 1097//1097 1099//1099 1100//1100
f 1101//1101 1102//1102 1104//1104
f 1104//1104 1102//1102 1103//1103
f 1106//1106 1107//1107 1105//1105
f 1105//1105 1107//1107 1108//1108
f 1110//1110 1111//1111 1109//1109
f 1109//1109 1111//1111 1112//1112
f 1114//1114 1115//1115 1113//1113
f 1113//1113 1115//1115 1116//1116
f 1118//1118 1119//1119 1117//1117
f 1117//1117 1119//1119 1120//1120
f 1122//1122 1123//1123 1121//1121
f 1121//1121 1123//1123 1124//1124
f 1126//1126 1127//1127 1125//1125
f 1125//1125 1127//1127 1128//1128
f 1130//1130 1131//1131 1129//1129
f 1129//1129 1131//1131 1132//1132
f 1134//1134 1135//1135 1133//1133
f 1133//1133 1135//1135 1136//1136
f 1138//1138 1139//1139 1137//1137
f 1137//1137 1139//1139 1140//1140
f 1142//1142 1143//1143 1141//1141
f 1141//1141 1143//1143 1144//1144
f 1146//1146 1147//1147 1145//1145
f 1145//1145 1147//1147 1148//1148
f 1150//1150 1151//1151 1149//1149
f 1149//1149 1151//1151 1152//1152
f 1154//1154 1155//1155 1153//1153
f 1153//1153 1155//1155 1156//1156
f 1157//1157 1158//1158 1160//1160
f 1160//1160 1158//1158 1159//1159
f 1162//1162 1163//1163 1161//1161
f 1161//1161 1163//1163 1164//1164
f 1166//1166 1167//1167 1165//1165
f 1165//1165 1167//1167 1168//1168
f 1170//1170 1171//1171 1169//1169
f 1169//1169 1171//1171 1172//1172
f 1174//1174 1175//1175 1173//1173
f 1173//1173 1175//1175 1176//1176
f 1178//1178 1179//1179 1177//1177
f 1177//1177 1179//1179 1180//1180
f 1181//1181 1182//1182 1184//1184
f 1184//1184 1182//1182 1183//1183
f 1186//1186 1211//1211 1185//1185
f 1186//1186 1187//1187 1211//1211
f 1211//1211 1187//1187 1210//1210
f 1210//1210 1187//1187 1188//1188
f 1209//1209 1188//1188 1189//1189
f 1208//1208 1189//1189 1190//1190
f 1207//1207 1190//1190 1191//1191
f 1206//1206 1191//1191 1192//1192
f 1205//1205 1192//1192 1224//1224
f 1205//1205 1206//1206 1192//1192
f 1192//1192 1193//1193 1224//1224
f 1224//1224 1193//1193 1223//1223
f 1223//1223 1193//1193 1194//1194
f 1222//1222 1194//1194 1195//1195
f 1221//1221 1195//1195 1196//1196
f 1197//1197 1221//1221 1196//1196
f 1197//1197 1220//1220 1221//1221
f 1197//1197 1198//1198 1220//1220
f 1220//1220 1198//1198 1219//1219
f 1219//1219 1198//1198 1199//1199
f 1218//1218 1199//1199 1200//1200
f 1217//1217 1200//1200 1201//1201
f 1216//1216 1201//1201 1215//1215
f 1216//1216 1217//1217 1201//1201
f 1201//1201 1202//1202 1215//1215
f 1215//1215 1202//1202 1214//1214
f 1214//1214 1202//1202 1203//1203
f 1213//1213 1203//1203 1204//1204
f 1212//1212 1204//1204 1185//1185
f 1211//1211 1212//1212 1185//1185
f 1206//1206 1207//1207 1191//1191
f 1207//1207 1208//1208 1190//1190
f 1208//1208 1209//1209 1189//1189
f 1209//1209 1210//1210 1188//1188
f 1212//1212 1213//1213 1204//1204
f 1213//1213 1214//1214 1203//1203
f 1217//1217 1218//1218 1200//1200
f 1218//1218 1219//1219 1199//1199
f 1221//1221 1222//1222 1195//1195
f 1222//1222 1223//1223 1194//1194
f 1226//1226 1227//1227 1225//1225
f 1225//1225 1227//1227 1228//1228
f 1230//1230 1231//1231 1229//1229
f 1229//1229 1231//1231 1232//1232
f 1234//1234 1235//1235 1233//1233
f 1233//1233 1235//1235 1236//1236
f 1237//1237 1238//1238 1240//1240
f 1240//1240 1238//1238 1239//1239
f 1242//1242 1243//1243 1241//1241
f 1241//1241 1243//1243 1244//1244
f 1246//1246 1247//1247 1245//1245
f 1245//1245 1247//1247 1248//1248
f 1249//1249 1250//1250 1252//1252
f 1252//1252 1250//1250 1251//1251
f 1254//1254 1255//1255 1253//1253
f 1253//1253 1255//1255 1256//1256
f 1258//1258 1259//1259 1257//1257
f 1257//1257 1259//1259 1260//1260
f 1262//1262 1263//1263 1261//1261
f 1261//1261 1263//1263 1264//1264
f 1266//1266 1267//1267 1265//1265
f 1265//1265 1267//1267 1268//1268
f 1270//1270 1271//1271 1269//1269
f 1269//1269 1271//1271 1272//1272
f 1273//1273 1274//1274 1276//1276
f 1276//1276 1274//1274 1275//1275
f 1278//1278 1279//1279 1277//1277
f 1277//1277 1279//1279 1280//1280
f 1282//1282 1283//1283 1281//1281
f 1281//1281 1283//1283 1284//1284
f 1286//1286 1287//1287 1285//1285
f 1285//1285 1287//1287 1288//1288
f 1290//1290 1291//1291 1289//1289
f 1289//1289 1291//1291 1292//1292
f 1294//1294 1295//1295 1293//1293
f 1293//1293 1295//1295 1296//1296
f 1297//1297 1298//1298 1300//1300
f 1300//1300 1298//1298 1299//1299
f 1302//1302 1303//1303 1301//1301
f 1301//1301 1303//1303 1304//1304
f 1307//1307 1336//1336 1306//1306
f 1307//1307 1308//1308 1336//1336
f 1336//1336 1308//1308 1335//1335
f 1335//1335 1308//1308 1309//1309
f 1334//1334 1309//1309 1310//1310
f 1333//1333 1310//1310 1311//1311
f 1332//1332 1311//1311 1312//1312
f 1331//1331 1312//1312 1313//1313
f 1330//1330 1313//1313 1329//1329
f 1330//1330 1331//1331 1313//1313
f 1313//1313 1314//1314 1329//1329
f 1329//1329 1314//1314 1328//1328
f 1328//1328 1314//1314 1315//1315
f 1327//1327 1315//1315 1316//1316
f 1326//1326 1316//1316 1317//1317
f 1325//1325 1317//1317 1318//1318
f 1319//1319 1325//1325 1318//1318
f 1319//1319 1344//1344 1325//1325
f 1319//1319 1320//1320 1344//1344
f 1344//1344 1320//1320 1343//1343
f 1343//1343 1320//1320 1321//1321
f 1342//1342 1321//1321 1322//1322
f 1341//1341 1322//1322 1323//1323
f 1340//1340 1323//1323 1339//1339
f 1340//1340 1341//1341 1323//1323
f 1323//1323 1324//1324 1339//1339
f 1339//1339 1324//1324 1338//1338
f 1338//1338 1324//1324 1305//1305
f 1337//1337 1305//1305 1306//1306
f 1336//1336 1337//1337 1306//1306
f 1325//1325 1326//1326 1317//1317
f 1326//1326 1327//1327 1316//1316
f 1327//1327 1328//1328 1315//1315
f 1331//1331 1332//1332 1312//1312
f 1332//1332 1333//1333 1311//1311
f 1333//1333 1334//1334 1310//1310
f 1334//1334 1335//1335 1309//1309
f 1337//1337 1338//1338 1305//1305
f 1341//1341 1342//1342 1322//1322
f 1342//1342 1343//1343 1321//1321
f 1345//1345 1346//1346 1348//1348
f 1348//1348 1346//1346 1347//1347
f 1349//1349 1350//1350 1352//1352
f 1352//1352 1350//1350 1351//1351
f 1354//1354 1355//1355 1353//1353
f 1353//1353 1355//1355 1356//1356
f 1357//1357 1358//1358 1360//1360
f 1360//1360 1358//1358 1359//1359
f 1361//1361 1362//1362 1364//1364
f 1364//1364 1362//1362 1363//1363
f 1365//1365 1366//1366 1368//1368
f 1368//1368 1366//1366 1367//1367
f 1369//1369 1370//1370 1372//1372
f 1372//1372 1370//1370 1371//1371
f 1373//1373 1374//1374 1376//1376
f 1376//1376 1374//1374 1375//1375
f 1377//1377 1378//1378 1380//1380
f 1380//1380 1378//1378 1379//1379
f 1381//1381 1382//1382 1384//1384
f 1384//1384 1382//1382 1383//1383
f 1385//1385 1386//1386 1388//1388
f 1388//1388 1386//1386 1387//1387
f 1389//1389 1390//1390 1392//1392
f 1392//1392 1390//1390 1391//1391
f 1393//1393 1394//1394 1396//1396
f 1396//1396 1394//1394 1395//1395
f 1398//1398 1399//1399 1397//1397
f 1397//1397 1399//1399 1400//1400
f 1401//1401 1402//1402 1404//1404
f 1404//1404 1402//1402 1403//1403
f 1405//1405 1406//1406 1408//1408
f 1408//1408 1406//1406 1407//1407
f 1409//1409 1410//1410 1412//1412
f 1412//1412 1410//1410 1411//1411
f 1413//1413 1414//1414 1416//1416
f 1416//1416 1414//1414 1415//1415
f 1417//1417 1418//1418 1420//1420
f 1420//1420 1418//1418 1419//1419
f 1421//1421 1422//1422 1424//1424
f 1424//1424 1422//1422 1423//1423
f 1443//1443 1444//1444 1427//1427
f 1428//1428 1443//1443 1427//1427
f 1428//1428 1442//1442 1443//1443
f 1428//1428 1429//1429 1442//1442
f 1442//1442 1429//1429 1441//1441
f 1441//1441 1429//1429 1430//1430
f 1440//1440 1430//1430 1439//1439
f 1440//1440 1441//1441 1430//1430
f 1427//1427 1445//1445 1426//1426
f 1427//1427 1444//1444 1445//1445
f 1439//1439 1430//1430 1438//1438
f 1438//1438 1430//1430 1431//1431
f 1437//1437 1431//1431 1457//1457
f 1436//1436 1457//1457 1458//1458
f 1435//1435 1458//1458 1459//1459
f 1434//1434 1459//1459 1433//1433
f 1434//1434 1435//1435 1459//1459
f 1457//1457 1431//1431 1456//1456
f 1456//1456 1431//1431 1432//1432
f 1455//1455 1432//1432 1425//1425
f 1447//1447 1425//1425 1446//1446
f 1447//1447 1455//1455 1425//1425
f 1447//1447 1448//1448 1455//1455
f 1455//1455 1448//1448 1454//1454
f 1454//1454 1448//1448 1449//1449
f 1450//1450 1454//1454 1449//1449
f 1450//1450 1451//1451 1454//1454
f 1454//1454 1451//1451 1453//1453
f 1453//1453 1451//1451 1452//1452
f 1460//1460 1452//1452 1433//1433
f 1459//1459 1460//1460 1433//1433
f 1435//1435 1436//1436 1458//1458
f 1436//1436 1437//1437 1457//1457
f 1437//1437 1438//1438 1431//1431
f 1445//1445 1446//1446 1426//1426
f 1426//1426 1446//1446 1425//1425
f 1455//1455 1456//1456 1432//1432
f 1460//1460 1453//1453 1452//1452
f 1461//1461 1462//1462 1464//1464
f 1464//1464 1462//1462 1463//1463
f 1465//1465 1466//1466 1468//1468
f 1468//1468 1466//1466 1467//1467
f 1469//1469 1470//1470 1472//1472
f 1472//1472 1470//1470 1471//1471
f 1473//1473 1474//1474 1476//1476
f 1476//1476 1474//1474 1475//1475
f 1477//1477 1478//1478 1480//1480
f 1480//1480 1478//1478 1479//1479
f 1481//1481 1482//1482 1484//1484
f 1484//1484 1482//1482 1483//1483
f 1485//1485 1486//1486 1488//1488
f 1488//1488 1486//1486 1487//1487
f 1489//1489 1490//1490 1492//1492
f 1492//1492 1490//1490 1491//1491
f 1493//1493 1494//1494 1496//1496
f 1496//1496 1494//1494 1495//1495
f 1497//1497 1498//1498 1500//1500
f 1500//1500 1498//1498 1499//1499
f 1501//1501 1502//1502 1504//1504
f 1504//1504 1502//1502 1503//1503
f 1505//1505 1506//1506 1508//1508
f 1508//1508 1506//1506 1507//1507
f 1509//1509 1510//1510 1512//1512
f 1512//1512 1510//1510 1511//1511
f 1513//1513 1514//1514 1516//1516
f 1516//1516 1514//1514 1515//1515
f 1517//1517 1518//1518 1520//1520
f 1520//1520 1518//1518 1519//1519
f 1521//1521 1522//1522 1524//1524
f 1524//1524 1522//1522 1523//1523
f 1538//1538 1552//1552 1526//1526
f 1527//1527 1538//1538 1526//1526
f 1527//1527 1537//1537 1538//1538
f 1527//1527 1528//1528 1537//1537
f 1537//1537 1528//1528 1536//1536
f 1536//1536 1528//1528 1535//1535
f 1535//1535 1528//1528 1529//1529
f 1534//1534 1529//1529 1530//1530
f 1533//1533 1530//1530 1531//1531
f 1548//1548 1531//1531 1547//1547
f 1548//1548 1533//1533 1531//1531
f 1531//1531 1532//1532 1547//1547
f 1547//1547 1532//1532 1546//1546
f 1546//1546 1532//1532 1554//1554
f 1555//1555 1546//1546 1554//1554
f 1555//1555 1545//1545 1546//1546
f 1555//1555 1556//1556 1545//1545
f 1545//1545 1556//1556 1544//1544
f 1544//1544 1556//1556 1543//1543
f 1543//1543 1556//1556 1549//1549
f 1542//1542 1549//1549 1550//1550
f 1541//1541 1550//1550 1551//1551
f 1540//1540 1551//1551 1539//1539
f 1540//1540 1541//1541 1551//1551
f 1532//1532 1525//1525 1554//1554
f 1554//1554 1525//1525 1553//1553
f 1553//1553 1525//1525 1526//1526
f 1552//1552 1553//1553 1526//1526
f 1533//1533 1534//1534 1530//1530
f 1534//1534 1535//1535 1529//1529
f 1538//1538 1539//1539 1552//1552
f 1552//1552 1539//1539 1551//1551
f 1541//1541 1542//1542 1550//1550
f 1542//1542 1543//1543 1549//1549
f 1557//1557 1558//1558 1560//1560
f 1560//1560 1558//1558 1559//1559
f 1561//1561 1562//1562 1564//1564
f 1564//1564 1562//1562 1563//1563
f 1565//1565 1566//1566 1568//1568
f 1568//1568 1566//1566 1567//1567
f 1569//1569 1570//1570 1572//1572
f 1572//1572 1570//1570 1571//1571
f 1573//1573 1574//1574 1576//1576
f 1576//1576 1574//1574 1575//1575
f 1577//1577 1578//1578 1580//1580
f 1580//1580 1578//1578 1579//1579
f 1581//1581 1582//1582 1584//1584
f 1584//1584 1582//1582 1583//1583
f 1585//1585 1586//1586 1588//1588
f 1588//1588 1586//1586 1587//1587
f 1589//1589 1590//1590 1592//1592
f 1592//1592 1590//1590 1591//1591
f 1593//1593 1594//1594 1596//1596
f 1596//1596 1594//1594 1595//1595
f 1597//1597 1598//1598 1600//1600
f 1600//1600 1598//1598 1599//1599
f 1601//1601 1602//1602 1604//1604
f 1604//1604 1602//1602 1603//1603
f 1605//1605 1606//1606 1608//1608
f 1608//1608 1606//1606 1607//1607
f 1609//1609 1610//1610 1612//1612
f 1612//1612 1610//1610 1611//1611
f 1613//1613 1614//1614 1616//1616
f 1616//1616 1614//1614 1615//1615
f 1617//1617 1618//1618 1620//1620
f 1620//1620 1618//1618 1619//1619
f 1629//1629 1630//1630 1622//1622
f 1625//1625 1622//1622 1623//1623
f 1624//1624 1625//1625 1623//1623
f 1622//1622 1625//1625 1629//1629
f 1629//1629 1625//1625 1626//1626
f 1628//1628 1626//1626 1627//1627
f 1628//1628 1629//1629 1626//1626
f 1631//1631 1632//1632 1630//1630
f 1630//1630 1632//1632 1633//1633
f 1622//1622 1633//1633 1621//1621
f 1622//1622 1630//1630 1633//1633
f 1633//1633 1634//1634 1621//1621
f 1621//1621 1634//1634 1635//1635
f 1636//1636 1621//1621 1635//1635
