mtllib Link3.mtl
v 0.151071792602539 1.199 -0.066
vn 0 0 -1
v 0.152928207397461 1.19792822265625 -0.066
vn 0 0 -1
v 0.154 1.19607177734375 -0.066
vn 0 0 -1
v 0.154 1.19392822265625 -0.066
vn 0 0 -1
v 0.152928207397461 1.19207177734375 -0.066
vn 0 0 -1
v 0.151071792602539 1.191 -0.066
vn 0 0 -1
v 0.148928207397461 1.191 -0.066
vn 0 0 -1
v 0.147071792602539 1.19207177734375 -0.066
vn 0 0 -1
v 0.146 1.19392822265625 -0.066
vn 0 0 -1
v 0.146 1.19607177734375 -0.066
vn 0 0 -1
v 0.147071792602539 1.19792822265625 -0.066
vn 0 0 -1
v 0.148928207397461 1.199 -0.066
vn 0 0 -1
v 0.147071792602539 1.19792822265625 -0.082
vn 0.5 -0.866025388240814 0
v 0.148928207397461 1.199 -0.082
vn 0.5 -0.866025388240814 0
v 0.148928207397461 1.199 -0.066
vn 0.5 -0.866025388240814 0
v 0.147071792602539 1.19792822265625 -0.066
vn 0.5 -0.866025388240814 0
v 0.151071792602539 1.199 -0.082
vn -0.5 -0.866025388240814 0
v 0.152928207397461 1.19792822265625 -0.082
vn -0.5 -0.866025388240814 0
v 0.152928207397461 1.19792822265625 -0.066
vn -0.5 -0.866025388240814 0
v 0.151071792602539 1.199 -0.066
vn -0.5 -0.866025388240814 0
v 0.154 1.19392822265625 -0.082
vn -0.866025388240814 0.5 0
v 0.152928207397461 1.19207177734375 -0.082
vn -0.866025388240814 0.5 0
v 0.152928207397461 1.19207177734375 -0.066
vn -0.866025388240814 0.5 0
v 0.154 1.19392822265625 -0.066
vn -0.866025388240814 0.5 0
v 0.152928207397461 1.19792822265625 -0.082
vn -0.866025388240814 -0.5 0
v 0.154 1.19607177734375 -0.082
vn -0.866025388240814 -0.5 0
v 0.154 1.19607177734375 -0.066
vn -0.866025388240814 -0.5 0
v 0.152928207397461 1.19792822265625 -0.066
vn -0.866025388240814 -0.5 0
v 0.146 1.19392822265625 -0.082
vn 1 0 0
v 0.146 1.19607177734375 -0.082
vn 1 0 0
v 0.146 1.19607177734375 -0.066
vn 1 0 0
v 0.146 1.19392822265625 -0.066
vn 1 0 0
v 0.148928207397461 1.191 -0.082
vn 0.5 0.866025388240814 0
v 0.147071792602539 1.19207177734375 -0.082
vn 0.5 0.866025388240814 0
v 0.147071792602539 1.19207177734375 -0.066
vn 0.5 0.866025388240814 0
v 0.148928207397461 1.191 -0.066
vn 0.5 0.866025388240814 0
v 0.152928207397461 1.19207177734375 -0.082
vn -0.5 0.866025388240814 0
v 0.151071792602539 1.191 -0.082
vn -0.5 0.866025388240814 0
v 0.151071792602539 1.191 -0.066
vn -0.5 0.866025388240814 0
v 0.152928207397461 1.19207177734375 -0.066
vn -0.5 0.866025388240814 0
v 0.154 1.19607177734375 -0.082
vn -1 8.09259512971495E-16 0
v 0.154 1.19392822265625 -0.082
vn -1 8.09259512971495E-16 0
v 0.154 1.19392822265625 -0.066
vn -1 8.09259512971495E-16 0
v 0.154 1.19607177734375 -0.066
vn -1 8.09259512971495E-16 0
v 0.148928207397461 1.199 -0.082
vn 4.04629756485747E-16 -1 0
v 0.151071792602539 1.199 -0.082
vn 4.04629756485747E-16 -1 0
v 0.151071792602539 1.199 -0.066
vn 4.04629756485747E-16 -1 0
v 0.148928207397461 1.199 -0.066
vn 4.04629756485747E-16 -1 0
v 0.146 1.19607177734375 -0.082
vn 0.866025388240814 -0.5 0
v 0.147071792602539 1.19792822265625 -0.082
vn 0.866025388240814 -0.5 0
v 0.147071792602539 1.19792822265625 -0.066
vn 0.866025388240814 -0.5 0
v 0.146 1.19607177734375 -0.066
vn 0.866025388240814 -0.5 0
v 0.147071792602539 1.19207177734375 -0.082
vn 0.866025388240814 0.5 0
v 0.146 1.19392822265625 -0.082
vn 0.866025388240814 0.5 0
v 0.146 1.19392822265625 -0.066
vn 0.866025388240814 0.5 0
v 0.147071792602539 1.19207177734375 -0.066
vn 0.866025388240814 0.5 0
v 0.151071792602539 1.191 -0.082
vn 1.21388926945724E-15 1 0
v 0.148928207397461 1.191 -0.082
vn 1.21388926945724E-15 1 0
v 0.148928207397461 1.191 -0.066
vn 1.21388926945724E-15 1 0
v 0.151071792602539 1.191 -0.066
vn 1.21388926945724E-15 1 0
v 0.152928207397461 1.19792822265625 -0.082
vn 0 0 -1
v 0.151071792602539 1.199 -0.082
vn 0 0 -1
v 0.148928207397461 1.199 -0.082
vn 0 0 -1
v 0.147071792602539 1.19792822265625 -0.082
vn 0 0 -1
v 0.146 1.19607177734375 -0.082
vn 0 0 -1
v 0.146 1.19392822265625 -0.082
vn 0 0 -1
v 0.147071792602539 1.19207177734375 -0.082
vn 0 0 -1
v 0.148928207397461 1.191 -0.082
vn 0 0 -1
v 0.151071792602539 1.191 -0.082
vn 0 0 -1
v 0.152928207397461 1.19207177734375 -0.082
vn 0 0 -1
v 0.154 1.19392822265625 -0.082
vn 0 0 -1
v 0.154 1.19607177734375 -0.082
vn 0 0 -1
v 0.142 1.18 -0.082
vn 0 0 -1
v 0.142 1.21 -0.082
vn 0 0 -1
v 0.158 1.21 -0.082
vn 0 0 -1
v 0.158 1.18 -0.082
vn 0 0 -1
v 0.158 1.18 -0.082
vn 1.87789321988647E-16 -0.866025388240814 -0.5
v 0.158 1.17394580078125 -0.0715137786865234
vn 1.87789321988647E-16 -0.866025388240814 -0.5
v 0.142 1.17394580078125 -0.0715137786865234
vn 1.87789321988647E-16 -0.866025388240814 -0.5
v 0.142 1.18 -0.082
vn 1.87789321988647E-16 -0.866025388240814 -0.5
v 0.142 1.2060869140625 -0.07
vn -1 1.15648227320157E-16 0
v 0.142 1.21943151855469 -0.0656640625
vn -1 1.15648227320157E-16 0
v 0.142 1.21 -0.082
vn -1 1.15648227320157E-16 0
v 0.142 1.18 -0.082
vn -1 1.15648227320157E-16 0
v 0.142 1.17394580078125 -0.0715137786865234
vn -1 1.15648227320157E-16 0
v 0.142 1.18051818847656 -0.0691216049194336
vn -1 1.15648227320157E-16 0
v 0.142 1.18051818847656 -0.0688969421386719
vn -1 1.15648227320157E-16 0
v 0.142 1.1839130859375 -0.07
vn -1 1.15648227320157E-16 0
v 0.158 1.21943151855469 -0.0656640625
vn 1 2.31296454640314E-16 0
v 0.158 1.2060869140625 -0.07
vn 1 2.31296454640314E-16 0
v 0.158 1.1839130859375 -0.07
vn 1 2.31296454640314E-16 0
v 0.158 1.18051818847656 -0.0688969421386719
vn 1 2.31296454640314E-16 0
v 0.158 1.18051818847656 -0.0691216049194336
vn 1 2.31296454640314E-16 0
v 0.158 1.17394580078125 -0.0715137786865234
vn 1 2.31296454640314E-16 0
v 0.158 1.18 -0.082
vn 1 2.31296454640314E-16 0
v 0.158 1.21 -0.082
vn 1 2.31296454640314E-16 0
v 0.142 1.21943151855469 -0.0656640625
vn 9.38946609943233E-17 0.866025388240814 -0.5
v 0.158 1.21943151855469 -0.0656640625
vn 9.38946609943233E-17 0.866025388240814 -0.5
v 0.158 1.21 -0.082
vn 9.38946609943233E-17 0.866025388240814 -0.5
v 0.142 1.21 -0.082
vn 9.38946609943233E-17 0.866025388240814 -0.5
v 0.142 1.18051818847656 -0.0691216049194336
vn 0 0.342020153999329 -0.939692616462708
v 0.142 1.17394580078125 -0.0715137786865234
vn 0 0.342020153999329 -0.939692616462708
v 0.158 1.17394580078125 -0.0715137786865234
vn 0 0.342020153999329 -0.939692616462708
v 0.158 1.18051818847656 -0.0691216049194336
vn 0 0.342020153999329 -0.939692616462708
v 0.277 1.18051818847656 -0.0691216049194336
vn 0 0.342020153999329 -0.939692616462708
v 0.277 1.17394580078125 -0.0715137786865234
vn 0 0.342020153999329 -0.939692616462708
v 0.276408416748047 1.17394580078125 -0.0715137786865234
vn 0 0.342020153999329 -0.939692616462708
v 0.259774566650391 1.14513513183594 -0.082
vn 0 0.342020153999329 -0.939692616462708
v 0.112 1.14513513183594 -0.082
vn 0 0.342020153999329 -0.939692616462708
v 0.112 1.18051818847656 -0.0691216049194336
vn 0 0.342020153999329 -0.939692616462708
v 0.112 1.18051818847656 -0.0688969421386719
vn 1.25055361997474E-16 1 0
v 0.142 1.18051818847656 -0.0688969421386719
vn 1.25055361997474E-16 1 0
v 0.142 1.18051818847656 -0.0691216049194336
vn 1.25055361997474E-16 1 0
v 0.112 1.18051818847656 -0.0691216049194336
vn 1.25055361997474E-16 1 0
v 0.158 1.21943151855469 -0.0656640625
vn 0 0.30901700258255 -0.95105654001236
v 0.142 1.21943151855469 -0.0656640625
vn 0 0.30901700258255 -0.95105654001236
v 0.142 1.2060869140625 -0.07
vn 0 0.30901700258255 -0.95105654001236
v 0.112 1.2060869140625 -0.07
vn 0 0.30901700258255 -0.95105654001236
v 0.112 1.22717541503906 -0.0631479110717773
vn 0 0.30901700258255 -0.95105654001236
v 0.288 1.22717541503906 -0.0631479110717773
vn 0 0.30901700258255 -0.95105654001236
v 0.288 1.21943151855469 -0.0656640625
vn 0 0.30901700258255 -0.95105654001236
v 0.277 1.21943151855469 -0.0656640625
vn 0 0.30901700258255 -0.95105654001236
v 0.277 1.2060869140625 -0.07
vn 0 0.30901700258255 -0.95105654001236
v 0.158 1.2060869140625 -0.07
vn 0 0.30901700258255 -0.95105654001236
v 0.112 1.2060869140625 -0.07
vn 0 1.25172718412316E-15 -1
v 0.142 1.2060869140625 -0.07
vn 0 1.25172718412316E-15 -1
v 0.142 1.1839130859375 -0.07
vn 0 1.25172718412316E-15 -1
v 0.112 1.1839130859375 -0.07
vn 0 1.25172718412316E-15 -1
v 0.112 1.1839130859375 -0.07
vn 0 -0.30901700258255 -0.95105654001236
v 0.142 1.1839130859375 -0.07
vn 0 -0.30901700258255 -0.95105654001236
v 0.142 1.18051818847656 -0.0688969421386719
vn 0 -0.30901700258255 -0.95105654001236
v 0.112 1.18051818847656 -0.0688969421386719
vn 0 -0.30901700258255 -0.95105654001236
v 0.277 1.18051818847656 -0.0688969421386719
vn 0 -0.30901700258255 -0.95105654001236
v 0.158 1.18051818847656 -0.0688969421386719
vn 0 -0.30901700258255 -0.95105654001236
v 0.158 1.1839130859375 -0.07
vn 0 -0.30901700258255 -0.95105654001236
v 0.277 1.1839130859375 -0.07
vn 0 -0.30901700258255 -0.95105654001236
v 0.277 1.18051818847656 -0.0691216049194336
vn 1.25055361997474E-16 1 0
v 0.158 1.18051818847656 -0.0691216049194336
vn 1.25055361997474E-16 1 0
v 0.158 1.18051818847656 -0.0688969421386719
vn 1.25055361997474E-16 1 0
v 0.277 1.18051818847656 -0.0688969421386719
vn 1.25055361997474E-16 1 0
v 0.277 1.1839130859375 -0.07
vn 0 1.25172718412316E-15 -1
v 0.158 1.1839130859375 -0.07
vn 0 1.25172718412316E-15 -1
v 0.158 1.2060869140625 -0.07
vn 0 1.25172718412316E-15 -1
v 0.277 1.2060869140625 -0.07
vn 0 1.25172718412316E-15 -1
v 0.259774566650391 1.14513513183594 -0.082
vn 0.866025388240814 -0.5 0
v 0.276408416748047 1.17394580078125 -0.0715137786865234
vn 0.866025388240814 -0.5 0
v 0.27445849609375 1.17056848144531 -0.0656640625
vn 0.866025388240814 -0.5 0
v 0.269987548828125 1.16282458496094 -0.0631479110717773
vn 0.866025388240814 -0.5 0
v 0.259630462646484 1.14488549804688 -0.0501144676208496
vn 0.866025388240814 -0.5 0
v 0.252105606079102 1.13185205078125 -0.0321754684448242
vn 0.866025388240814 -0.5 0
v 0.248149551391602 1.125 -0.0110869112014771
vn 0.866025388240814 -0.5 0
v 0.248149551391602 1.125 -0.0589289321899414
vn 0.866025388240814 -0.5 0
v 0.24406706237793 1.11792895507813 -0.066
vn 0.866025388240814 -0.5 0
v 0.201961517333984 1.045 -0.066
vn 0.866025388240814 -0.5 0
v 0.201961517333984 1.045 -0.082
vn 0.866025388240814 -0.5 0
v 0.119751029968262 1.098 -0.082
vn 0 0 -1
v 0.112 1.098 -0.082
vn 0 0 -1
v 0.112 1.14513513183594 -0.082
vn 0 0 -1
v 0.259774566650391 1.14513513183594 -0.082
vn 0 0 -1
v 0.201961517333984 1.045 -0.082
vn 0 0 -1
v 0.18 1.02303845214844 -0.082
vn 0 0 -1
v 0.15 1.015 -0.082
vn 0 0 -1
v 0.065 1.015 -0.082
vn 0 0 -1
v -0.0247515335083008 1.045 -0.082
vn 0 0 -1
v -0.0337894859313965 1.04793664550781 -0.082
vn 0 0 -1
v -0.0414776268005371 1.05352233886719 -0.082
vn 0 0 -1
v -0.0470633926391602 1.06121057128906 -0.082
vn 0 0 -1
v -0.05 1.07024841308594 -0.082
vn 0 0 -1
v -0.05 1.07975158691406 -0.082
vn 0 0 -1
v -0.0470633926391602 1.08878942871094 -0.082
vn 0 0 -1
v -0.0414776268005371 1.09647766113281 -0.082
vn 0 0 -1
v -0.0337894859313965 1.10206335449219 -0.082
vn 0 0 -1
v -0.0247515335083008 1.105 -0.082
vn 0 0 -1
v -0.0152484664916992 1.105 -0.082
vn 0 0 -1
v -0.00621051359176636 1.10206335449219 -0.082
vn 0 0 -1
v -0.000617735683917999 1.098 -0.082
vn 0 0 -1
v 0.00407704210281372 1.098 -0.082
vn 0 0 -1
v 0.00407704210281372 1.072 -0.082
vn 0 0 -1
v 0.112118606567383 1.072 -0.082
vn 0 0 -1
v 0.115815658569336 1.05840393066406 -0.082
vn 0 0 -1
v 0.12421240234375 1.04708947753906 -0.082
vn 0 0 -1
v 0.136154449462891 1.03961218261719 -0.082
vn 0 0 -1
v 0.15 1.037 -0.082
vn 0 0 -1
v 0.166487579345703 1.04076318359375 -0.082
vn 0 0 -1
v 0.179709594726563 1.05130737304687 -0.082
vn 0 0 -1
v 0.187047256469727 1.06654418945313 -0.082
vn 0 0 -1
v 0.187047256469727 1.08345581054688 -0.082
vn 0 0 -1
v 0.179709594726563 1.09869262695312 -0.082
vn 0 0 -1
v 0.166487579345703 1.10923681640625 -0.082
vn 0 0 -1
v 0.15 1.113 -0.082
vn 0 0 -1
v 0.13852001953125 1.11122448730469 -0.082
vn 0 0 -1
v 0.128112838745117 1.10606372070312 -0.082
vn 0 0 -1
v 0.277 1.2060869140625 -0.07
vn -1 0 0
v 0.277 1.21943151855469 -0.0656640625
vn -1 0 0
v 0.277 1.21 -0.082
vn -1 0 0
v 0.277 1.18 -0.082
vn -1 0 0
v 0.277 1.17394580078125 -0.0715137786865234
vn -1 0 0
v 0.277 1.18051818847656 -0.0691216049194336
vn -1 0 0
v 0.277 1.18051818847656 -0.0688969421386719
vn -1 0 0
v 0.277 1.1839130859375 -0.07
vn -1 0 0
v 0.293 1.18 -0.082
vn 1.87789321988647E-16 -0.866025388240814 -0.5
v 0.293 1.17206286621094 -0.068252571105957
vn 1.87789321988647E-16 -0.866025388240814 -0.5
v 0.288 1.17206286621094 -0.068252571105957
vn 1.87789321988647E-16 -0.866025388240814 -0.5
v 0.288 1.17056848144531 -0.0656640625
vn 1.87789321988647E-16 -0.866025388240814 -0.5
v 0.27445849609375 1.17056848144531 -0.0656640625
vn 1.87789321988647E-16 -0.866025388240814 -0.5
v 0.276408416748047 1.17394580078125 -0.0715137786865234
vn 1.87789321988647E-16 -0.866025388240814 -0.5
v 0.277 1.17394580078125 -0.0715137786865234
vn 1.87789321988647E-16 -0.866025388240814 -0.5
v 0.277 1.18 -0.082
vn 1.87789321988647E-16 -0.866025388240814 -0.5
v 0.112 1.14513513183594 -0.082
vn 1 0 0
v 0.112 1.098 -0.082
vn 1 0 0
v 0.112 1.098 -0.09
vn 1 0 0
v 0.112 1.13088452148438 -0.09
vn 1 0 0
v 0.112 1.15254162597656 -0.102503684997559
vn 1 0 0
v 0.112 1.18051818847656 -0.11
vn 1 0 0
v 0.112 1.20948181152344 -0.11
vn 1 0 0
v 0.112 1.23745837402344 -0.102503684997559
vn 1 0 0
v 0.112 1.26254162597656 -0.0880219039916992
vn 1 0 0
v 0.112 1.28302185058594 -0.0675415878295898
vn 1 0 0
v 0.112 1.29750366210937 -0.0424584159851074
vn 1 0 0
v 0.112 1.305 -0.0144817743301392
vn 1 0 0
v 0.112 1.305 0.0144817743301392
vn 1 0 0
v 0.112 1.29750366210937 0.0424584159851074
vn 1 0 0
v 0.112 1.295 0.0467949180603027
vn 1 0 0
v 0.112 1.295 -0.01
vn 1 0 0
v 0.112 1.25850744628906 -0.0310689964294434
vn 1 0 0
v 0.112 1.25814794921875 -0.0321754684448242
vn 1 0 0
v 0.112 1.24511450195313 -0.0501144676208496
vn 1 0 0
v 0.112 1.22717541503906 -0.0631479110717773
vn 1 0 0
v 0.112 1.2060869140625 -0.07
vn 1 0 0
v 0.112 1.1839130859375 -0.07
vn 1 0 0
v 0.112 1.18051818847656 -0.0688969421386719
vn 1 0 0
v 0.112 1.18051818847656 -0.0691216049194336
vn 1 0 0
v 0.288 1.18359631347656 0.072
vn -1 0 0
v 0.288 1.20640368652344 0.072
vn -1 0 0
v 0.288 1.2280947265625 0.0649521408081055
vn -1 0 0
v 0.288 1.24654626464844 0.0515463104248047
vn -1 0 0
v 0.288 1.2599521484375 0.0330947685241699
vn -1 0 0
v 0.288 1.267 0.0114036798477173
vn -1 0 0
v 0.288 1.267 -0.0114036798477173
vn -1 0 0
v 0.288 1.2599521484375 -0.0330947685241699
vn -1 0 0
v 0.288 1.24654626464844 -0.0515463104248047
vn -1 0 0
v 0.288 1.2280947265625 -0.0649521408081055
vn -1 0 0
v 0.288 1.21793713378906 -0.068252571105957
vn -1 0 0
v 0.288 1.21943151855469 -0.0656640625
vn -1 0 0
v 0.288 1.22717541503906 -0.0631479110717773
vn -1 0 0
v 0.288 1.24511450195313 -0.0501144676208496
vn -1 0 0
v 0.288 1.25814794921875 -0.0321754684448242
vn -1 0 0
v 0.288 1.265 -0.0110869112014771
vn -1 0 0
v 0.288 1.265 0.0110869112014771
vn -1 0 0
v 0.288 1.25814794921875 0.0321754684448242
vn -1 0 0
v 0.288 1.24511450195313 0.0501144676208496
vn -1 0 0
v 0.288 1.22717541503906 0.0631479110717773
vn -1 0 0
v 0.288 1.2060869140625 0.07
vn -1 0 0
v 0.288 1.1839130859375 0.07
vn -1 0 0
v 0.288 1.16282458496094 0.0631479110717773
vn -1 0 0
v 0.288 1.14488549804688 0.0501144676208496
vn -1 0 0
v 0.288 1.13185205078125 0.0321754684448242
vn -1 0 0
v 0.288 1.125 0.0110869112014771
vn -1 0 0
v 0.288 1.125 -0.0110869112014771
vn -1 0 0
v 0.288 1.13185205078125 -0.0321754684448242
vn -1 0 0
v 0.288 1.14488549804688 -0.0501144676208496
vn -1 0 0
v 0.288 1.16282458496094 -0.0631479110717773
vn -1 0 0
v 0.288 1.17056848144531 -0.0656640625
vn -1 0 0
v 0.288 1.17206286621094 -0.068252571105957
vn -1 0 0
v 0.288 1.1619052734375 -0.0649521408081055
vn -1 0 0
v 0.288 1.14345373535156 -0.0515463104248047
vn -1 0 0
v 0.288 1.1300478515625 -0.0330947685241699
vn -1 0 0
v 0.288 1.123 -0.0114036798477173
vn -1 0 0
v 0.288 1.123 0.0114036798477173
vn -1 0 0
v 0.288 1.1300478515625 0.0330947685241699
vn -1 0 0
v 0.288 1.14345373535156 0.0515463104248047
vn -1 0 0
v 0.288 1.1619052734375 0.0649521408081055
vn -1 0 0
v 0.288 1.24511450195313 -0.0501144676208496
vn 0 0.587785243988037 -0.80901700258255
v 0.288 1.22717541503906 -0.0631479110717773
vn 0 0.587785243988037 -0.80901700258255
v 0.112 1.22717541503906 -0.0631479110717773
vn 0 0.587785243988037 -0.80901700258255
v 0.112 1.24511450195313 -0.0501144676208496
vn 0 0.587785243988037 -0.80901700258255
v 0.277 1.21943151855469 -0.0656640625
vn -1.87789321988647E-16 0.866025388240814 -0.5
v 0.288 1.21943151855469 -0.0656640625
vn -1.87789321988647E-16 0.866025388240814 -0.5
v 0.288 1.21793713378906 -0.068252571105957
vn -1.87789321988647E-16 0.866025388240814 -0.5
v 0.293 1.21793713378906 -0.068252571105957
vn -1.87789321988647E-16 0.866025388240814 -0.5
v 0.293 1.21 -0.082
vn -1.87789321988647E-16 0.866025388240814 -0.5
v 0.277 1.21 -0.082
vn -1.87789321988647E-16 0.866025388240814 -0.5
v 0.259630462646484 1.14488549804688 -0.0501144676208496
vn 0 -0.587785243988037 -0.80901700258255
v 0.269987548828125 1.16282458496094 -0.0631479110717773
vn 0 -0.587785243988037 -0.80901700258255
v 0.288 1.16282458496094 -0.0631479110717773
vn 0 -0.587785243988037 -0.80901700258255
v 0.288 1.14488549804688 -0.0501144676208496
vn 0 -0.587785243988037 -0.80901700258255
v 0.248149551391602 1.125 -0.0110869112014771
vn 0 -0.95105654001236 -0.30901700258255
v 0.252105606079102 1.13185205078125 -0.0321754684448242
vn 0 -0.95105654001236 -0.30901700258255
v 0.288 1.13185205078125 -0.0321754684448242
vn 0 -0.95105654001236 -0.30901700258255
v 0.288 1.125 -0.0110869112014771
vn 0 -0.95105654001236 -0.30901700258255
v 0.126 1.125 -0.0589289321899414
vn 0 -0.70710676908493 0.70710676908493
v 0.126 1.11792895507813 -0.066
vn 0 -0.70710676908493 0.70710676908493
v 0.24406706237793 1.11792895507813 -0.066
vn 0 -0.70710676908493 0.70710676908493
v 0.248149551391602 1.125 -0.0589289321899414
vn 0 -0.70710676908493 0.70710676908493
v 0.201961517333984 1.045 -0.066
vn 0.70710676908493 -0.70710676908493 0
v 0.18 1.02303845214844 -0.066
vn 0.70710676908493 -0.70710676908493 0
v 0.18 1.02303845214844 -0.082
vn 0.70710676908493 -0.70710676908493 0
v 0.201961517333984 1.045 -0.082
vn 0.70710676908493 -0.70710676908493 0
v 0.126 1.125 0.0589289321899414
vn 0 -1 0
v 0.126 1.125 -0.0589289321899414
vn 0 -1 0
v 0.248149551391602 1.125 -0.0589289321899414
vn 0 -1 0
v 0.248149551391602 1.125 -0.0110869112014771
vn 0 -1 0
v 0.288 1.125 -0.0110869112014771
vn 0 -1 0
v 0.288 1.125 0.0110869112014771
vn 0 -1 0
v 0.248149551391602 1.125 0.0110869112014771
vn 0 -1 0
v 0.248149551391602 1.125 0.0589289321899414
vn 0 -1 0
v -0.0154035043716431 1.06597888183594 -0.066
vn 0 0 1
v -0.0184161548614502 1.065 -0.066
vn 0 0 1
v -0.0215838451385498 1.065 -0.066
vn 0 0 1
v -0.0245964946746826 1.06597888183594 -0.066
vn 0 0 1
v -0.0271592102050781 1.0678408203125 -0.066
vn 0 0 1
v -0.0290211296081543 1.07040356445313 -0.066
vn 0 0 1
v -0.03 1.07341613769531 -0.066
vn 0 0 1
v -0.03 1.07658386230469 -0.066
vn 0 0 1
v -0.0290211296081543 1.07959643554688 -0.066
vn 0 0 1
v -0.0271592102050781 1.0821591796875 -0.066
vn 0 0 1
v -0.0245964946746826 1.08402111816406 -0.066
vn 0 0 1
v -0.0215838451385498 1.085 -0.066
vn 0 0 1
v -0.0184161548614502 1.085 -0.066
vn 0 0 1
v -0.0154035043716431 1.08402111816406 -0.066
vn 0 0 1
v -0.0128407907485962 1.0821591796875 -0.066
vn 0 0 1
v -0.0109788694381714 1.07959643554688 -0.066
vn 0 0 1
v -0.01 1.07658386230469 -0.066
vn 0 0 1
v -0.01 1.07341613769531 -0.066
vn 0 0 1
v -0.0109788694381714 1.07040356445313 -0.066
vn 0 0 1
v -0.0128407907485962 1.0678408203125 -0.066
vn 0 0 1
v 0.24406706237793 1.11792895507813 -0.066
vn 0 0 1
v 0.126 1.11792895507813 -0.066
vn 0 0 1
v 0.126 1.10608801269531 -0.066
vn 0 0 1
v 0.086 1.10608801269531 -0.066
vn 0 0 1
v 0.086 1.098 -0.066
vn 0 0 1
v -0.000617735683917999 1.098 -0.066
vn 0 0 1
v -0.00621051359176636 1.10206335449219 -0.066
vn 0 0 1
v -0.0152484664916992 1.105 -0.066
vn 0 0 1
v -0.0247515335083008 1.105 -0.066
vn 0 0 1
v -0.0337894859313965 1.10206335449219 -0.066
vn 0 0 1
v -0.0414776268005371 1.09647766113281 -0.066
vn 0 0 1
v -0.0470633926391602 1.08878942871094 -0.066
vn 0 0 1
v -0.05 1.07975158691406 -0.066
vn 0 0 1
v -0.05 1.07024841308594 -0.066
vn 0 0 1
v -0.0470633926391602 1.06121057128906 -0.066
vn 0 0 1
v -0.0414776268005371 1.05352233886719 -0.066
vn 0 0 1
v -0.0337894859313965 1.04793664550781 -0.066
vn 0 0 1
v -0.0247515335083008 1.045 -0.066
vn 0 0 1
v 0.065 1.015 -0.066
vn 0 0 1
v 0.15 1.015 -0.066
vn 0 0 1
v 0.18 1.02303845214844 -0.066
vn 0 0 1
v 0.201961517333984 1.045 -0.066
vn 0 0 1
v 0.269987548828125 1.16282458496094 -0.0631479110717773
vn 0 -0.30901700258255 -0.95105654001236
v 0.27445849609375 1.17056848144531 -0.0656640625
vn 0 -0.30901700258255 -0.95105654001236
v 0.288 1.17056848144531 -0.0656640625
vn 0 -0.30901700258255 -0.95105654001236
v 0.288 1.16282458496094 -0.0631479110717773
vn 0 -0.30901700258255 -0.95105654001236
v 0.252105606079102 1.13185205078125 -0.0321754684448242
vn 0 -0.80901700258255 -0.587785243988037
v 0.259630462646484 1.14488549804688 -0.0501144676208496
vn 0 -0.80901700258255 -0.587785243988037
v 0.288 1.14488549804688 -0.0501144676208496
vn 0 -0.80901700258255 -0.587785243988037
v 0.288 1.13185205078125 -0.0321754684448242
vn 0 -0.80901700258255 -0.587785243988037
v 0.00407704210281372 1.072 -0.082
vn -0.139173105359077 0 -0.990268051624298
v 0.00407704210281372 1.098 -0.082
vn -0.139173105359077 0 -0.990268051624298
v 0.061 1.098 -0.09
vn -0.139173105359077 0 -0.990268051624298
v 0.061 1.072 -0.09
vn -0.139173105359077 0 -0.990268051624298
v -0.00621051359176636 1.10206335449219 -0.066
vn 0.587785243988037 0.80901700258255 0
v -0.000617735683917999 1.098 -0.066
vn 0.587785243988037 0.80901700258255 0
v -0.000617735683917999 1.098 -0.082
vn 0.587785243988037 0.80901700258255 0
v -0.00621051359176636 1.10206335449219 -0.082
vn 0.587785243988037 0.80901700258255 0
v -0.05 1.07975158691406 -0.066
vn -0.95105654001236 0.30901700258255 0
v -0.0470633926391602 1.08878942871094 -0.066
vn -0.95105654001236 0.30901700258255 0
v -0.0470633926391602 1.08878942871094 -0.082
vn -0.95105654001236 0.30901700258255 0
v -0.05 1.07975158691406 -0.082
vn -0.95105654001236 0.30901700258255 0
v 0.18 1.02303845214844 -0.066
vn 0.258819043636322 -0.965925812721252 0
v 0.15 1.015 -0.066
vn 0.258819043636322 -0.965925812721252 0
v 0.15 1.015 -0.082
vn 0.258819043636322 -0.965925812721252 0
v 0.18 1.02303845214844 -0.082
vn 0.258819043636322 -0.965925812721252 0
v -0.0470633926391602 1.08878942871094 -0.066
vn -0.80901700258255 0.587785243988037 0
v -0.0414776268005371 1.09647766113281 -0.066
vn -0.80901700258255 0.587785243988037 0
v -0.0414776268005371 1.09647766113281 -0.082
vn -0.80901700258255 0.587785243988037 0
v -0.0470633926391602 1.08878942871094 -0.082
vn -0.80901700258255 0.587785243988037 0
v 0.15 1.015 -0.066
vn 0 -1 0
v 0.065 1.015 -0.066
vn 0 -1 0
v 0.065 1.015 -0.082
vn 0 -1 0
v 0.15 1.015 -0.082
vn 0 -1 0
v 0.065 1.015 -0.066
vn -0.317015320062637 -0.948420405387878 0
v -0.0247515335083008 1.045 -0.066
vn -0.317015320062637 -0.948420405387878 0
v -0.0247515335083008 1.045 -0.082
vn -0.317015320062637 -0.948420405387878 0
v 0.065 1.015 -0.082
vn -0.317015320062637 -0.948420405387878 0
v 0.15 1.037 -0.09
vn 0 -1 0
v 0.166487579345703 1.04076318359375 -0.09
vn 0.433883726596832 -0.900968849658966 0
v 0.179709594726563 1.05130737304687 -0.09
vn 0.781831502914429 -0.623489797115326 0
v 0.187047256469727 1.06654418945313 -0.09
vn 0.97492790222168 -0.222520932555199 0
v 0.187047256469727 1.08345581054688 -0.09
vn 0.97492790222168 0.222520932555199 0
v 0.179709594726563 1.09869262695312 -0.09
vn 0.781831502914429 0.623489797115326 0
v 0.166487579345703 1.10923681640625 -0.09
vn 0.433883726596832 0.900968849658966 0
v 0.15 1.113 -0.09
vn 0 1 0
v 0.15 1.113 -0.082
vn 0 1 0
v 0.166487579345703 1.10923681640625 -0.082
vn 0.433883726596832 0.900968849658966 0
v 0.179709594726563 1.09869262695312 -0.082
vn 0.781831502914429 0.623489797115326 0
v 0.187047256469727 1.08345581054688 -0.082
vn 0.97492790222168 0.222520932555199 0
v 0.187047256469727 1.06654418945313 -0.082
vn 0.97492790222168 -0.222520932555199 0
v 0.179709594726563 1.05130737304687 -0.082
vn 0.781831502914429 -0.623489797115326 0
v 0.166487579345703 1.04076318359375 -0.082
vn 0.433883726596832 -0.900968849658966 0
v 0.15 1.037 -0.082
vn 0 -1 0
v -0.0152484664916992 1.105 -0.066
vn 0.30901700258255 0.95105654001236 0
v -0.00621051359176636 1.10206335449219 -0.066
vn 0.30901700258255 0.95105654001236 0
v -0.00621051359176636 1.10206335449219 -0.082
vn 0.30901700258255 0.95105654001236 0
v -0.0152484664916992 1.105 -0.082
vn 0.30901700258255 0.95105654001236 0
v -0.0414776268005371 1.05352233886719 -0.066
vn -0.80901700258255 -0.587785243988037 0
v -0.0470633926391602 1.06121057128906 -0.066
vn -0.80901700258255 -0.587785243988037 0
v -0.0470633926391602 1.06121057128906 -0.082
vn -0.80901700258255 -0.587785243988037 0
v -0.0414776268005371 1.05352233886719 -0.082
vn -0.80901700258255 -0.587785243988037 0
v -0.0470633926391602 1.06121057128906 -0.066
vn -0.95105654001236 -0.30901700258255 0
v -0.05 1.07024841308594 -0.066
vn -0.95105654001236 -0.30901700258255 0
v -0.05 1.07024841308594 -0.082
vn -0.95105654001236 -0.30901700258255 0
v -0.0470633926391602 1.06121057128906 -0.082
vn -0.95105654001236 -0.30901700258255 0
v 0.112 1.098 -0.082
vn 0 1 0
v 0.119751029968262 1.098 -0.082
vn 0 1 0
v 0.119751029968262 1.098 -0.09
vn 0 1 0
v 0.112 1.098 -0.09
vn 0 1 0
v 0.15 1.113 -0.082
vn 0 1 0
v 0.15 1.113 -0.09
vn 0 1 0
v 0.13852001953125 1.11122448730469 -0.09
vn -0.302104920148849 0.953274667263031 0
v 0.128112838745117 1.10606372070312 -0.09
vn -0.575977921485901 0.817465245723724 0
v 0.119751029968262 1.098 -0.09
vn -0.796025454998016 0.60526317358017 0
v 0.119751029968262 1.098 -0.082
vn -0.796025454998016 0.60526317358017 0
v 0.128112838745117 1.10606372070312 -0.082
vn -0.575977921485901 0.817465245723724 0
v 0.13852001953125 1.11122448730469 -0.082
vn -0.302104920148849 0.953274667263031 0
v 0.112118606567383 1.072 -0.082
vn 0 -1 0
v 0.00407704210281372 1.072 -0.082
vn 0 -1 0
v 0.061 1.072 -0.09
vn 0 -1 0
v 0.112118606567383 1.072 -0.09
vn 0 -1 0
v -0.05 1.07024841308594 -0.066
vn -1 0 0
v -0.05 1.07975158691406 -0.066
vn -1 0 0
v -0.05 1.07975158691406 -0.082
vn -1 0 0
v -0.05 1.07024841308594 -0.082
vn -1 0 0
v 0.112118606567383 1.072 -0.09
vn -0.996878802776337 -0.0789473652839661 0
v 0.115815658569336 1.05840393066406 -0.09
vn -0.89958792924881 -0.43673974275589 0
v 0.12421240234375 1.04708947753906 -0.09
vn -0.678620874881744 -0.734488725662231 0
v 0.136154449462891 1.03961218261719 -0.09
vn -0.364356458187103 -0.931259572505951 0
v 0.15 1.037 -0.09
vn 0 -1 0
v 0.15 1.037 -0.082
vn 0 -1 0
v 0.136154449462891 1.03961218261719 -0.082
vn -0.364356458187103 -0.931259572505951 0
v 0.12421240234375 1.04708947753906 -0.082
vn -0.678620874881744 -0.734488725662231 0
v 0.115815658569336 1.05840393066406 -0.082
vn -0.89958792924881 -0.43673974275589 0
v 0.112118606567383 1.072 -0.082
vn -0.996878802776337 -0.0789473652839661 0
v -0.0414776268005371 1.09647766113281 -0.066
vn -0.587785243988037 0.80901700258255 0
v -0.0337894859313965 1.10206335449219 -0.066
vn -0.587785243988037 0.80901700258255 0
v -0.0337894859313965 1.10206335449219 -0.082
vn -0.587785243988037 0.80901700258255 0
v -0.0414776268005371 1.09647766113281 -0.082
vn -0.587785243988037 0.80901700258255 0
v -0.000617735683917999 1.098 -0.066
vn 1.60218783367323E-16 1 0
v 0.086 1.098 -0.066
vn 1.60218783367323E-16 1 0
v 0.086 1.098 -0.09
vn 1.60218783367323E-16 1 0
v 0.061 1.098 -0.09
vn 1.60218783367323E-16 1 0
v 0.00407704210281372 1.098 -0.082
vn 1.60218783367323E-16 1 0
v -0.000617735683917999 1.098 -0.082
vn 1.60218783367323E-16 1 0
v -0.0337894859313965 1.10206335449219 -0.066
vn -0.30901700258255 0.95105654001236 0
v -0.0247515335083008 1.105 -0.066
vn -0.30901700258255 0.95105654001236 0
v -0.0247515335083008 1.105 -0.082
vn -0.30901700258255 0.95105654001236 0
v -0.0337894859313965 1.10206335449219 -0.082
vn -0.30901700258255 0.95105654001236 0
v -0.0247515335083008 1.105 -0.066
vn 0 1 0
v -0.0152484664916992 1.105 -0.066
vn 0 1 0
v -0.0152484664916992 1.105 -0.082
vn 0 1 0
v -0.0247515335083008 1.105 -0.082
vn 0 1 0
v -0.0247515335083008 1.045 -0.066
vn -0.30901700258255 -0.95105654001236 0
v -0.0337894859313965 1.04793664550781 -0.066
vn -0.30901700258255 -0.95105654001236 0
v -0.0337894859313965 1.04793664550781 -0.082
vn -0.30901700258255 -0.95105654001236 0
v -0.0247515335083008 1.045 -0.082
vn -0.30901700258255 -0.95105654001236 0
v -0.0337894859313965 1.04793664550781 -0.066
vn -0.587785243988037 -0.80901700258255 0
v -0.0414776268005371 1.05352233886719 -0.066
vn -0.587785243988037 -0.80901700258255 0
v -0.0414776268005371 1.05352233886719 -0.082
vn -0.587785243988037 -0.80901700258255 0
v -0.0337894859313965 1.04793664550781 -0.082
vn -0.587785243988037 -0.80901700258255 0
v 0.287928192138672 1.19792822265625 -0.082
vn 0 0 -1
v 0.286071807861328 1.199 -0.082
vn 0 0 -1
v 0.283928192138672 1.199 -0.082
vn 0 0 -1
v 0.282071807861328 1.19792822265625 -0.082
vn 0 0 -1
v 0.281 1.19607177734375 -0.082
vn 0 0 -1
v 0.281 1.19392822265625 -0.082
vn 0 0 -1
v 0.282071807861328 1.19207177734375 -0.082
vn 0 0 -1
v 0.283928192138672 1.191 -0.082
vn 0 0 -1
v 0.286071807861328 1.191 -0.082
vn 0 0 -1
v 0.287928192138672 1.19207177734375 -0.082
vn 0 0 -1
v 0.289 1.19392822265625 -0.082
vn 0 0 -1
v 0.289 1.19607177734375 -0.082
vn 0 0 -1
v 0.277 1.18 -0.082
vn 0 0 -1
v 0.277 1.21 -0.082
vn 0 0 -1
v 0.293 1.21 -0.082
vn 0 0 -1
v 0.293 1.18 -0.082
vn 0 0 -1
v 0.293 1.21 -0.082
vn 1 0 0
v 0.293 1.21793713378906 -0.068252571105957
vn 1 0 0
v 0.293 1.20640368652344 -0.072
vn 1 0 0
v 0.293 1.18359631347656 -0.072
vn 1 0 0
v 0.293 1.17206286621094 -0.068252571105957
vn 1 0 0
v 0.293 1.18 -0.082
vn 1 0 0
v 0.288 1.17206286621094 -0.068252571105957
vn 0 -0.30901700258255 -0.95105654001236
v 0.293 1.17206286621094 -0.068252571105957
vn 0 -0.30901700258255 -0.95105654001236
v 0.293 1.18359631347656 -0.072
vn 0 -0.30901700258255 -0.95105654001236
v 0.311 1.18359631347656 -0.072
vn 0 -0.30901700258255 -0.95105654001236
v 0.311 1.1619052734375 -0.0649521408081055
vn 0 -0.30901700258255 -0.95105654001236
v 0.288 1.1619052734375 -0.0649521408081055
vn 0 -0.30901700258255 -0.95105654001236
v 0.086 1.18051818847656 -0.11
vn 0 4.79146632987497E-16 -1
v 0.086 1.20948181152344 -0.11
vn 0 4.79146632987497E-16 -1
v 0.112 1.20948181152344 -0.11
vn 0 4.79146632987497E-16 -1
v 0.112 1.18051818847656 -0.11
vn 0 4.79146632987497E-16 -1
v 0.086 1.23745837402344 -0.102503684997559
vn 0 0.5 -0.866025388240814
v 0.086 1.26254162597656 -0.0880219039916992
vn 0 0.5 -0.866025388240814
v 0.112 1.26254162597656 -0.0880219039916992
vn 0 0.5 -0.866025388240814
v 0.112 1.23745837402344 -0.102503684997559
vn 0 0.5 -0.866025388240814
v 0.112 1.15254162597656 -0.102503684997559
vn 0 -0.5 -0.866025388240814
v 0.112 1.13088452148438 -0.09
vn 0 -0.5 -0.866025388240814
v 0.086 1.13088452148438 -0.09
vn 0 -0.5 -0.866025388240814
v 0.086 1.15254162597656 -0.102503684997559
vn 0 -0.5 -0.866025388240814
v 0.112 1.25850744628906 -0.0310689964294434
vn 0 0.5 -0.866025388240814
v 0.112 1.295 -0.01
vn 0 0.5 -0.866025388240814
v 0.126 1.295 -0.01
vn 0 0.5 -0.866025388240814
v 0.126 1.28140002441406 -0.0178519630432129
vn 0 0.5 -0.866025388240814
v 0.164 1.28140002441406 -0.0178519630432129
vn 0 0.5 -0.866025388240814
v 0.164 1.25850744628906 -0.0310689964294434
vn 0 0.5 -0.866025388240814
v 0.288 1.25814794921875 -0.0321754684448242
vn 0 0.80901700258255 -0.587785243988037
v 0.288 1.24511450195313 -0.0501144676208496
vn 0 0.80901700258255 -0.587785243988037
v 0.112 1.24511450195313 -0.0501144676208496
vn 0 0.80901700258255 -0.587785243988037
v 0.112 1.25814794921875 -0.0321754684448242
vn 0 0.80901700258255 -0.587785243988037
v 0.086 1.295 0.0467949180603027
vn 0 1 -2.60835749293963E-16
v 0.086 1.295 0.1
vn 0 1 -2.60835749293963E-16
v 0.126 1.295 0.1
vn 0 1 -2.60835749293963E-16
v 0.126 1.295 -0.01
vn 0 1 -2.60835749293963E-16
v 0.112 1.295 -0.01
vn 0 1 -2.60835749293963E-16
v 0.112 1.295 0.0467949180603027
vn 0 1 -2.60835749293963E-16
v 0.086 1.28302185058594 -0.0675415878295898
vn 0 0.866025388240814 -0.5
v 0.086 1.29750366210937 -0.0424584159851074
vn 0 0.866025388240814 -0.5
v 0.112 1.29750366210937 -0.0424584159851074
vn 0 0.866025388240814 -0.5
v 0.112 1.28302185058594 -0.0675415878295898
vn 0 0.866025388240814 -0.5
v 0.086 1.305 -0.0144817743301392
vn 0 1 4.79146632987497E-16
v 0.086 1.305 0.0144817743301392
vn 0 1 4.79146632987497E-16
v 0.112 1.305 0.0144817743301392
vn 0 1 4.79146632987497E-16
v 0.112 1.305 -0.0144817743301392
vn 0 1 4.79146632987497E-16
v 0.288 1.265 -0.0110869112014771
vn 0 0.95105654001236 -0.30901700258255
v 0.288 1.25814794921875 -0.0321754684448242
vn 0 0.95105654001236 -0.30901700258255
v 0.112 1.25814794921875 -0.0321754684448242
vn 0 0.95105654001236 -0.30901700258255
v 0.112 1.25850744628906 -0.0310689964294434
vn 0 0.95105654001236 -0.30901700258255
v 0.164 1.25850744628906 -0.0310689964294434
vn 0 0.95105654001236 -0.30901700258255
v 0.164 1.265 -0.0110869112014771
vn 0 0.95105654001236 -0.30901700258255
v 0.086 1.29750366210937 0.0424584159851074
vn 0 0.866025388240814 0.5
v 0.086 1.295 0.0467949180603027
vn 0 0.866025388240814 0.5
v 0.112 1.295 0.0467949180603027
vn 0 0.866025388240814 0.5
v 0.112 1.29750366210937 0.0424584159851074
vn 0 0.866025388240814 0.5
v 0.150791915893555 1.07 -0.09
vn 0 0 -1
v 0.152298248291016 1.07048937988281 -0.09
vn 0 0 -1
v 0.153579605102539 1.07142041015625 -0.09
vn 0 0 -1
v 0.154510559082031 1.07270178222656 -0.09
vn 0 0 -1
v 0.155 1.07420812988281 -0.09
vn 0 0 -1
v 0.155 1.07579187011719 -0.09
vn 0 0 -1
v 0.154510559082031 1.07729821777344 -0.09
vn 0 0 -1
v 0.153579605102539 1.07857958984375 -0.09
vn 0 0 -1
v 0.152298248291016 1.07951062011719 -0.09
vn 0 0 -1
v 0.150791915893555 1.08 -0.09
vn 0 0 -1
v 0.149208084106445 1.08 -0.09
vn 0 0 -1
v 0.147701751708984 1.07951062011719 -0.09
vn 0 0 -1
v 0.146420394897461 1.07857958984375 -0.09
vn 0 0 -1
v 0.145489440917969 1.07729821777344 -0.09
vn 0 0 -1
v 0.145 1.07579187011719 -0.09
vn 0 0 -1
v 0.145 1.07420812988281 -0.09
vn 0 0 -1
v 0.145489440917969 1.07270178222656 -0.09
vn 0 0 -1
v 0.146420394897461 1.07142041015625 -0.09
vn 0 0 -1
v 0.147701751708984 1.07048937988281 -0.09
vn 0 0 -1
v 0.149208084106445 1.07 -0.09
vn 0 0 -1
v 0.086 1.13088452148438 -0.09
vn 0 0 -1
v 0.112 1.13088452148438 -0.09
vn 0 0 -1
v 0.112 1.098 -0.09
vn 0 0 -1
v 0.119751029968262 1.098 -0.09
vn 0 0 -1
v 0.128112838745117 1.10606372070312 -0.09
vn 0 0 -1
v 0.13852001953125 1.11122448730469 -0.09
vn 0 0 -1
v 0.15 1.113 -0.09
vn 0 0 -1
v 0.166487579345703 1.10923681640625 -0.09
vn 0 0 -1
v 0.179709594726563 1.09869262695312 -0.09
vn 0 0 -1
v 0.187047256469727 1.08345581054688 -0.09
vn 0 0 -1
v 0.187047256469727 1.06654418945313 -0.09
vn 0 0 -1
v 0.179709594726563 1.05130737304687 -0.09
vn 0 0 -1
v 0.166487579345703 1.04076318359375 -0.09
vn 0 0 -1
v 0.15 1.037 -0.09
vn 0 0 -1
v 0.136154449462891 1.03961218261719 -0.09
vn 0 0 -1
v 0.12421240234375 1.04708947753906 -0.09
vn 0 0 -1
v 0.115815658569336 1.05840393066406 -0.09
vn 0 0 -1
v 0.112118606567383 1.072 -0.09
vn 0 0 -1
v 0.061 1.072 -0.09
vn 0 0 -1
v 0.061 1.098 -0.09
vn 0 0 -1
v 0.086 1.098 -0.09
vn 0 0 -1
v 0.086 1.20948181152344 -0.11
vn 0 0.258819043636322 -0.965925812721252
v 0.086 1.23745837402344 -0.102503684997559
vn 0 0.258819043636322 -0.965925812721252
v 0.112 1.23745837402344 -0.102503684997559
vn 0 0.258819043636322 -0.965925812721252
v 0.112 1.20948181152344 -0.11
vn 0 0.258819043636322 -0.965925812721252
v 0.086 1.15254162597656 -0.102503684997559
vn 0 -0.258819043636322 -0.965925812721252
v 0.086 1.18051818847656 -0.11
vn 0 -0.258819043636322 -0.965925812721252
v 0.112 1.18051818847656 -0.11
vn 0 -0.258819043636322 -0.965925812721252
v 0.112 1.15254162597656 -0.102503684997559
vn 0 -0.258819043636322 -0.965925812721252
v 0.086 1.26254162597656 -0.0880219039916992
vn 0 0.70710676908493 -0.70710676908493
v 0.086 1.28302185058594 -0.0675415878295898
vn 0 0.70710676908493 -0.70710676908493
v 0.112 1.28302185058594 -0.0675415878295898
vn 0 0.70710676908493 -0.70710676908493
v 0.112 1.26254162597656 -0.0880219039916992
vn 0 0.70710676908493 -0.70710676908493
v 0.086 1.29750366210937 -0.0424584159851074
vn 0 0.965925812721252 -0.258819043636322
v 0.086 1.305 -0.0144817743301392
vn 0 0.965925812721252 -0.258819043636322
v 0.112 1.305 -0.0144817743301392
vn 0 0.965925812721252 -0.258819043636322
v 0.112 1.29750366210937 -0.0424584159851074
vn 0 0.965925812721252 -0.258819043636322
v 0.086 1.305 0.0144817743301392
vn 0 0.965925812721252 0.258819043636322
v 0.086 1.29750366210937 0.0424584159851074
vn 0 0.965925812721252 0.258819043636322
v 0.112 1.29750366210937 0.0424584159851074
vn 0 0.965925812721252 0.258819043636322
v 0.112 1.305 0.0144817743301392
vn 0 0.965925812721252 0.258819043636322
v 0.288 1.123 -0.0114036798477173
vn 0 -0.95105654001236 -0.30901700258255
v 0.288 1.1300478515625 -0.0330947685241699
vn 0 -0.95105654001236 -0.30901700258255
v 0.311 1.1300478515625 -0.0330947685241699
vn 0 -0.95105654001236 -0.30901700258255
v 0.311 1.123 -0.0114036798477173
vn 0 -0.95105654001236 -0.30901700258255
v 0.288 1.14345373535156 -0.0515463104248047
vn 0 -0.587785243988037 -0.80901700258255
v 0.288 1.1619052734375 -0.0649521408081055
vn 0 -0.587785243988037 -0.80901700258255
v 0.311 1.1619052734375 -0.0649521408081055
vn 0 -0.587785243988037 -0.80901700258255
v 0.311 1.14345373535156 -0.0515463104248047
vn 0 -0.587785243988037 -0.80901700258255
v 0.252105606079102 1.13185205078125 0.0321754684448242
vn 0 -0.95105654001236 0.30901700258255
v 0.248149551391602 1.125 0.0110869112014771
vn 0 -0.95105654001236 0.30901700258255
v 0.288 1.125 0.0110869112014771
vn 0 -0.95105654001236 0.30901700258255
v 0.288 1.13185205078125 0.0321754684448242
vn 0 -0.95105654001236 0.30901700258255
v 0.288 1.2280947265625 0.0649521408081055
vn 0 0.30901700258255 0.95105654001236
v 0.288 1.20640368652344 0.072
vn 0 0.30901700258255 0.95105654001236
v 0.311 1.20640368652344 0.072
vn 0 0.30901700258255 0.95105654001236
v 0.311 1.2280947265625 0.0649521408081055
vn 0 0.30901700258255 0.95105654001236
v 0.288 1.1300478515625 0.0330947685241699
vn 0 -0.95105654001236 0.30901700258255
v 0.288 1.123 0.0114036798477173
vn 0 -0.95105654001236 0.30901700258255
v 0.311 1.123 0.0114036798477173
vn 0 -0.95105654001236 0.30901700258255
v 0.311 1.1300478515625 0.0330947685241699
vn 0 -0.95105654001236 0.30901700258255
v 0.288 1.267 -0.0114036798477173
vn 0 1 6.0847850551698E-16
v 0.288 1.267 0.0114036798477173
vn 0 1 6.0847850551698E-16
v 0.311 1.267 0.0114036798477173
vn 0 1 6.0847850551698E-16
v 0.311 1.267 -0.0114036798477173
vn 0 1 6.0847850551698E-16
v 0.288 1.2599521484375 0.0330947685241699
vn 0 0.80901700258255 0.587785243988037
v 0.288 1.24654626464844 0.0515463104248047
vn 0 0.80901700258255 0.587785243988037
v 0.311 1.24654626464844 0.0515463104248047
vn 0 0.80901700258255 0.587785243988037
v 0.311 1.2599521484375 0.0330947685241699
vn 0 0.80901700258255 0.587785243988037
v 0.288 1.1619052734375 0.0649521408081055
vn 0 -0.587785243988037 0.80901700258255
v 0.288 1.14345373535156 0.0515463104248047
vn 0 -0.587785243988037 0.80901700258255
v 0.311 1.14345373535156 0.0515463104248047
vn 0 -0.587785243988037 0.80901700258255
v 0.311 1.1619052734375 0.0649521408081055
vn 0 -0.587785243988037 0.80901700258255
v 0.293 1.20640368652344 -0.072
vn 0 0.30901700258255 -0.95105654001236
v 0.293 1.21793713378906 -0.068252571105957
vn 0 0.30901700258255 -0.95105654001236
v 0.288 1.21793713378906 -0.068252571105957
vn 0 0.30901700258255 -0.95105654001236
v 0.288 1.2280947265625 -0.0649521408081055
vn 0 0.30901700258255 -0.95105654001236
v 0.311 1.2280947265625 -0.0649521408081055
vn 0 0.30901700258255 -0.95105654001236
v 0.311 1.20640368652344 -0.072
vn 0 0.30901700258255 -0.95105654001236
v 0.288 1.24654626464844 -0.0515463104248047
vn 0 0.80901700258255 -0.587785243988037
v 0.288 1.2599521484375 -0.0330947685241699
vn 0 0.80901700258255 -0.587785243988037
v 0.311 1.2599521484375 -0.0330947685241699
vn 0 0.80901700258255 -0.587785243988037
v 0.311 1.24654626464844 -0.0515463104248047
vn 0 0.80901700258255 -0.587785243988037
v 0.288 1.22717541503906 0.0631479110717773
vn 0 0.587785243988037 0.80901700258255
v 0.288 1.24511450195313 0.0501144676208496
vn 0 0.587785243988037 0.80901700258255
v 0.164 1.24511450195313 0.0501144676208496
vn 0 0.587785243988037 0.80901700258255
v 0.164 1.22717541503906 0.0631479110717773
vn 0 0.587785243988037 0.80901700258255
v 0.288 1.1300478515625 -0.0330947685241699
vn 0 -0.80901700258255 -0.587785243988037
v 0.288 1.14345373535156 -0.0515463104248047
vn 0 -0.80901700258255 -0.587785243988037
v 0.311 1.14345373535156 -0.0515463104248047
vn 0 -0.80901700258255 -0.587785243988037
v 0.311 1.1300478515625 -0.0330947685241699
vn 0 -0.80901700258255 -0.587785243988037
v 0.259630462646484 1.14488549804688 0.0501144676208496
vn 0 -0.80901700258255 0.587785243988037
v 0.252105606079102 1.13185205078125 0.0321754684448242
vn 0 -0.80901700258255 0.587785243988037
v 0.288 1.13185205078125 0.0321754684448242
vn 0 -0.80901700258255 0.587785243988037
v 0.288 1.14488549804688 0.0501144676208496
vn 0 -0.80901700258255 0.587785243988037
v 0.288 1.1839130859375 0.07
vn 0 -6.25863592061579E-16 1
v 0.288 1.2060869140625 0.07
vn 0 -6.25863592061579E-16 1
v 0.164 1.2060869140625 0.07
vn 0 -6.25863592061579E-16 1
v 0.164 1.1839130859375 0.07
vn 0 -6.25863592061579E-16 1
v 0.288 1.20640368652344 0.072
vn 0 -6.0847850551698E-16 1
v 0.288 1.18359631347656 0.072
vn 0 -6.0847850551698E-16 1
v 0.311 1.18359631347656 0.072
vn 0 -6.0847850551698E-16 1
v 0.311 1.20640368652344 0.072
vn 0 -6.0847850551698E-16 1
v 0.288 1.267 0.0114036798477173
vn 0 0.95105654001236 0.30901700258255
v 0.288 1.2599521484375 0.0330947685241699
vn 0 0.95105654001236 0.30901700258255
v 0.311 1.2599521484375 0.0330947685241699
vn 0 0.95105654001236 0.30901700258255
v 0.311 1.267 0.0114036798477173
vn 0 0.95105654001236 0.30901700258255
v 0.288 1.24654626464844 0.0515463104248047
vn 0 0.587785243988037 0.80901700258255
v 0.288 1.2280947265625 0.0649521408081055
vn 0 0.587785243988037 0.80901700258255
v 0.311 1.2280947265625 0.0649521408081055
vn 0 0.587785243988037 0.80901700258255
v 0.311 1.24654626464844 0.0515463104248047
vn 0 0.587785243988037 0.80901700258255
v 0.288 1.1839130859375 0.07
vn 0 -0.30901700258255 0.95105654001236
v 0.164 1.1839130859375 0.07
vn 0 -0.30901700258255 0.95105654001236
v 0.164 1.18051818847656 0.0688969421386719
vn 0 -0.30901700258255 0.95105654001236
v 0.280203002929688 1.18051818847656 0.0688969421386719
vn 0 -0.30901700258255 0.95105654001236
v 0.269987548828125 1.16282458496094 0.0631479110717773
vn 0 -0.30901700258255 0.95105654001236
v 0.288 1.16282458496094 0.0631479110717773
vn 0 -0.30901700258255 0.95105654001236
v 0.288 1.24511450195313 0.0501144676208496
vn 0 0.80901700258255 0.587785243988037
v 0.288 1.25814794921875 0.0321754684448242
vn 0 0.80901700258255 0.587785243988037
v 0.164 1.25814794921875 0.0321754684448242
vn 0 0.80901700258255 0.587785243988037
v 0.164 1.24511450195313 0.0501144676208496
vn 0 0.80901700258255 0.587785243988037
v 0.288 1.265 0.0110869112014771
vn 0 1 0
v 0.288 1.265 -0.0110869112014771
vn 0 1 0
v 0.164 1.265 -0.0110869112014771
vn 0 1 0
v 0.164 1.265 0.0110869112014771
vn 0 1 0
v 0.288 1.2060869140625 0.07
vn 0 0.30901700258255 0.95105654001236
v 0.288 1.22717541503906 0.0631479110717773
vn 0 0.30901700258255 0.95105654001236
v 0.164 1.22717541503906 0.0631479110717773
vn 0 0.30901700258255 0.95105654001236
v 0.164 1.2060869140625 0.07
vn 0 0.30901700258255 0.95105654001236
v 0.288 1.25814794921875 0.0321754684448242
vn 0 0.95105654001236 0.30901700258255
v 0.288 1.265 0.0110869112014771
vn 0 0.95105654001236 0.30901700258255
v 0.164 1.265 0.0110869112014771
vn 0 0.95105654001236 0.30901700258255
v 0.164 1.25814794921875 0.0321754684448242
vn 0 0.95105654001236 0.30901700258255
v 0.288 1.18359631347656 0.072
vn 0 -0.30901700258255 0.95105654001236
v 0.288 1.1619052734375 0.0649521408081055
vn 0 -0.30901700258255 0.95105654001236
v 0.311 1.1619052734375 0.0649521408081055
vn 0 -0.30901700258255 0.95105654001236
v 0.311 1.18359631347656 0.072
vn 0 -0.30901700258255 0.95105654001236
v 0.288 1.123 0.0114036798477173
vn 0 -1 -6.0847850551698E-16
v 0.288 1.123 -0.0114036798477173
vn 0 -1 -6.0847850551698E-16
v 0.311 1.123 -0.0114036798477173
vn 0 -1 -6.0847850551698E-16
v 0.311 1.123 0.0114036798477173
vn 0 -1 -6.0847850551698E-16
v 0.288 1.2599521484375 -0.0330947685241699
vn 0 0.95105654001236 -0.30901700258255
v 0.288 1.267 -0.0114036798477173
vn 0 0.95105654001236 -0.30901700258255
v 0.311 1.267 -0.0114036798477173
vn 0 0.95105654001236 -0.30901700258255
v 0.311 1.2599521484375 -0.0330947685241699
vn 0 0.95105654001236 -0.30901700258255
v 0.288 1.14345373535156 0.0515463104248047
vn 0 -0.80901700258255 0.587785243988037
v 0.288 1.1300478515625 0.0330947685241699
vn 0 -0.80901700258255 0.587785243988037
v 0.311 1.1300478515625 0.0330947685241699
vn 0 -0.80901700258255 0.587785243988037
v 0.311 1.14345373535156 0.0515463104248047
vn 0 -0.80901700258255 0.587785243988037
v 0.288 1.2280947265625 -0.0649521408081055
vn 0 0.587785243988037 -0.80901700258255
v 0.288 1.24654626464844 -0.0515463104248047
vn 0 0.587785243988037 -0.80901700258255
v 0.311 1.24654626464844 -0.0515463104248047
vn 0 0.587785243988037 -0.80901700258255
v 0.311 1.2280947265625 -0.0649521408081055
vn 0 0.587785243988037 -0.80901700258255
v 0.269987548828125 1.16282458496094 0.0631479110717773
vn 0 -0.587785243988037 0.80901700258255
v 0.259630462646484 1.14488549804688 0.0501144676208496
vn 0 -0.587785243988037 0.80901700258255
v 0.288 1.14488549804688 0.0501144676208496
vn 0 -0.587785243988037 0.80901700258255
v 0.288 1.16282458496094 0.0631479110717773
vn 0 -0.587785243988037 0.80901700258255
v 0.126 1.125 -0.0589289321899414
vn 1 0 0
v 0.126 1.125 0.0589289321899414
vn 1 0 0
v 0.126 1.11792895507813 0.066
vn 1 0 0
v 0.126 1.10608801269531 0.066
vn 1 0 0
v 0.126 1.09249633789062 0.0424584159851074
vn 1 0 0
v 0.126 1.085 0.0144817743301392
vn 1 0 0
v 0.126 1.085 -0.0144817743301392
vn 1 0 0
v 0.126 1.09249633789062 -0.0424584159851074
vn 1 0 0
v 0.126 1.10608801269531 -0.066
vn 1 0 0
v 0.126 1.11792895507813 -0.066
vn 1 0 0
v 0.280203002929688 1.18051818847656 0.0688969421386719
vn 0.866025388240814 -0.5 0
v 0.280203002929688 1.18051818847656 0.0691216049194336
vn 0.866025388240814 -0.5 0
v 0.259774566650391 1.14513513183594 0.082
vn 0.866025388240814 -0.5 0
v 0.201961517333984 1.045 0.082
vn 0.866025388240814 -0.5 0
v 0.201961517333984 1.045 0.066
vn 0.866025388240814 -0.5 0
v 0.24406706237793 1.11792895507813 0.066
vn 0.866025388240814 -0.5 0
v 0.248149551391602 1.125 0.0589289321899414
vn 0.866025388240814 -0.5 0
v 0.248149551391602 1.125 0.0110869112014771
vn 0.866025388240814 -0.5 0
v 0.252105606079102 1.13185205078125 0.0321754684448242
vn 0.866025388240814 -0.5 0
v 0.259630462646484 1.14488549804688 0.0501144676208496
vn 0.866025388240814 -0.5 0
v 0.269987548828125 1.16282458496094 0.0631479110717773
vn 0.866025388240814 -0.5 0
v 0.24406706237793 1.11792895507813 0.066
vn 0 -0.70710676908493 -0.70710676908493
v 0.126 1.11792895507813 0.066
vn 0 -0.70710676908493 -0.70710676908493
v 0.126 1.125 0.0589289321899414
vn 0 -0.70710676908493 -0.70710676908493
v 0.248149551391602 1.125 0.0589289321899414
vn 0 -0.70710676908493 -0.70710676908493
v -0.0290211296081543 1.07040356445313 -0.066
vn -0.95105654001236 -0.30901700258255 0
v -0.0290211296081543 1.07040356445313 0.066
vn -0.95105654001236 -0.30901700258255 0
v -0.03 1.07341613769531 0.066
vn -0.95105654001236 -0.30901700258255 0
v -0.03 1.07341613769531 -0.066
vn -0.95105654001236 -0.30901700258255 0
v -0.01 1.07658386230469 -0.066
vn 1 1.75241799424495E-14 0
v -0.01 1.07658386230469 0.066
vn 1 1.75241799424495E-14 0
v -0.01 1.07341613769531 0.066
vn 1 1.75241799424495E-14 0
v -0.01 1.07341613769531 -0.066
vn 1 1.75241799424495E-14 0
v -0.01 1.07341613769531 -0.066
vn 0.95105654001236 -0.30901700258255 0
v -0.01 1.07341613769531 0.066
vn 0.95105654001236 -0.30901700258255 0
v -0.0109788694381714 1.07040356445313 0.066
vn 0.95105654001236 -0.30901700258255 0
v -0.0109788694381714 1.07040356445313 -0.066
vn 0.95105654001236 -0.30901700258255 0
v -0.0290211296081543 1.07959643554688 -0.066
vn -0.80901700258255 0.587785243988037 0
v -0.0290211296081543 1.07959643554688 0.066
vn -0.80901700258255 0.587785243988037 0
v -0.0271592102050781 1.0821591796875 0.066
vn -0.80901700258255 0.587785243988037 0
v -0.0271592102050781 1.0821591796875 -0.066
vn -0.80901700258255 0.587785243988037 0
v -0.0271592102050781 1.0821591796875 -0.066
vn -0.587785243988037 0.80901700258255 0
v -0.0271592102050781 1.0821591796875 0.066
vn -0.587785243988037 0.80901700258255 0
v -0.0245964946746826 1.08402111816406 0.066
vn -0.587785243988037 0.80901700258255 0
v -0.0245964946746826 1.08402111816406 -0.066
vn -0.587785243988037 0.80901700258255 0
v -0.0184161548614502 1.065 -0.066
vn 0 -1 0
v -0.0184161548614502 1.065 0.066
vn 0 -1 0
v -0.0215838451385498 1.065 0.066
vn 0 -1 0
v -0.0215838451385498 1.065 -0.066
vn 0 -1 0
v -0.0245964946746826 1.08402111816406 -0.066
vn -0.30901700258255 0.95105654001236 0
v -0.0245964946746826 1.08402111816406 0.066
vn -0.30901700258255 0.95105654001236 0
v -0.0215838451385498 1.085 0.066
vn -0.30901700258255 0.95105654001236 0
v -0.0215838451385498 1.085 -0.066
vn -0.30901700258255 0.95105654001236 0
v -0.0215838451385498 1.065 -0.066
vn -0.30901700258255 -0.95105654001236 0
v -0.0215838451385498 1.065 0.066
vn -0.30901700258255 -0.95105654001236 0
v -0.0245964946746826 1.06597888183594 0.066
vn -0.30901700258255 -0.95105654001236 0
v -0.0245964946746826 1.06597888183594 -0.066
vn -0.30901700258255 -0.95105654001236 0
v -0.0154035043716431 1.08402111816406 -0.066
vn 0.587785243988037 0.80901700258255 0
v -0.0154035043716431 1.08402111816406 0.066
vn 0.587785243988037 0.80901700258255 0
v -0.0128407907485962 1.0821591796875 0.066
vn 0.587785243988037 0.80901700258255 0
v -0.0128407907485962 1.0821591796875 -0.066
vn 0.587785243988037 0.80901700258255 0
v -0.0128407907485962 1.0821591796875 -0.066
vn 0.80901700258255 0.587785243988037 0
v -0.0128407907485962 1.0821591796875 0.066
vn 0.80901700258255 0.587785243988037 0
v -0.0109788694381714 1.07959643554688 0.066
vn 0.80901700258255 0.587785243988037 0
v -0.0109788694381714 1.07959643554688 -0.066
vn 0.80901700258255 0.587785243988037 0
v -0.03 1.07341613769531 -0.066
vn -1 -2.62862716077401E-14 0
v -0.03 1.07341613769531 0.066
vn -1 -2.62862716077401E-14 0
v -0.03 1.07658386230469 0.066
vn -1 -2.62862716077401E-14 0
v -0.03 1.07658386230469 -0.066
vn -1 -2.62862716077401E-14 0
v 0.086 1.098 0.09
vn -1 0 0
v 0.086 1.13043151855469 0.09
vn -1 0 0
v 0.086 1.15356396484375 0.102777626037598
vn -1 0 0
v 0.086 1.18154309082031 0.110274627685547
vn -1 0 0
v 0.086 1.201 0.152
vn -1 0 0
v 0.086 1.242 0.152
vn -1 0 0
v 0.086 1.26502868652344 0.140757522583008
vn -1 0 0
v 0.086 1.28332092285156 0.122810333251953
vn -1 0 0
v 0.086 1.295 0.1
vn -1 0 0
v 0.086 1.295 0.0467949180603027
vn -1 0 0
v 0.086 1.29750366210937 0.0424584159851074
vn -1 0 0
v 0.086 1.305 0.0144817743301392
vn -1 0 0
v 0.086 1.305 -0.0144817743301392
vn -1 0 0
v 0.086 1.29750366210937 -0.0424584159851074
vn -1 0 0
v 0.086 1.28302185058594 -0.0675415878295898
vn -1 0 0
v 0.086 1.26254162597656 -0.0880219039916992
vn -1 0 0
v 0.086 1.23745837402344 -0.102503684997559
vn -1 0 0
v 0.086 1.20948181152344 -0.11
vn -1 0 0
v 0.086 1.18051818847656 -0.11
vn -1 0 0
v 0.086 1.15254162597656 -0.102503684997559
vn -1 0 0
v 0.086 1.13088452148438 -0.09
vn -1 0 0
v 0.086 1.098 -0.09
vn -1 0 0
v 0.086 1.098 -0.066
vn -1 0 0
v 0.086 1.10608801269531 -0.066
vn -1 0 0
v 0.086 1.09249633789062 -0.0424584159851074
vn -1 0 0
v 0.086 1.085 -0.0144817743301392
vn -1 0 0
v 0.086 1.085 0.0144817743301392
vn -1 0 0
v 0.086 1.09249633789062 0.0424584159851074
vn -1 0 0
v 0.086 1.10608801269531 0.066
vn -1 0 0
v 0.086 1.098 0.066
vn -1 0 0
v -0.0109788694381714 1.07959643554688 -0.066
vn 0.95105654001236 0.30901700258255 0
v -0.0109788694381714 1.07959643554688 0.066
vn 0.95105654001236 0.30901700258255 0
v -0.01 1.07658386230469 0.066
vn 0.95105654001236 0.30901700258255 0
v -0.01 1.07658386230469 -0.066
vn 0.95105654001236 0.30901700258255 0
v -0.03 1.07658386230469 -0.066
vn -0.95105654001236 0.30901700258255 0
v -0.03 1.07658386230469 0.066
vn -0.95105654001236 0.30901700258255 0
v -0.0290211296081543 1.07959643554688 0.066
vn -0.95105654001236 0.30901700258255 0
v -0.0290211296081543 1.07959643554688 -0.066
vn -0.95105654001236 0.30901700258255 0
v -0.0154035043716431 1.06597888183594 -0.066
vn 0.30901700258255 -0.95105654001236 0
v -0.0154035043716431 1.06597888183594 0.066
vn 0.30901700258255 -0.95105654001236 0
v -0.0184161548614502 1.065 0.066
vn 0.30901700258255 -0.95105654001236 0
v -0.0184161548614502 1.065 -0.066
vn 0.30901700258255 -0.95105654001236 0
v -0.0109788694381714 1.07040356445313 -0.066
vn 0.80901700258255 -0.587785243988037 0
v -0.0109788694381714 1.07040356445313 0.066
vn 0.80901700258255 -0.587785243988037 0
v -0.0128407907485962 1.0678408203125 0.066
vn 0.80901700258255 -0.587785243988037 0
v -0.0128407907485962 1.0678408203125 -0.066
vn 0.80901700258255 -0.587785243988037 0
v 0.086 1.09249633789062 -0.0424584159851074
vn 0 -0.866025388240814 -0.5
v 0.086 1.10608801269531 -0.066
vn 0 -0.866025388240814 -0.5
v 0.126 1.10608801269531 -0.066
vn 0 -0.866025388240814 -0.5
v 0.126 1.09249633789062 -0.0424584159851074
vn 0 -0.866025388240814 -0.5
v -0.0128407907485962 1.0678408203125 -0.066
vn 0.587785243988037 -0.80901700258255 0
v -0.0128407907485962 1.0678408203125 0.066
vn 0.587785243988037 -0.80901700258255 0
v -0.0154035043716431 1.06597888183594 0.066
vn 0.587785243988037 -0.80901700258255 0
v -0.0154035043716431 1.06597888183594 -0.066
vn 0.587785243988037 -0.80901700258255 0
v -0.0215838451385498 1.085 -0.066
vn 5.25725432154803E-14 1 0
v -0.0215838451385498 1.085 0.066
vn 5.25725432154803E-14 1 0
v -0.0184161548614502 1.085 0.066
vn 5.25725432154803E-14 1 0
v -0.0184161548614502 1.085 -0.066
vn 5.25725432154803E-14 1 0
v -0.0184161548614502 1.085 -0.066
vn 0.30901700258255 0.95105654001236 0
v -0.0184161548614502 1.085 0.066
vn 0.30901700258255 0.95105654001236 0
v -0.0154035043716431 1.08402111816406 0.066
vn 0.30901700258255 0.95105654001236 0
v -0.0154035043716431 1.08402111816406 -0.066
vn 0.30901700258255 0.95105654001236 0
v -0.0245964946746826 1.06597888183594 -0.066
vn -0.587785243988037 -0.80901700258255 0
v -0.0245964946746826 1.06597888183594 0.066
vn -0.587785243988037 -0.80901700258255 0
v -0.0271592102050781 1.0678408203125 0.066
vn -0.587785243988037 -0.80901700258255 0
v -0.0271592102050781 1.0678408203125 -0.066
vn -0.587785243988037 -0.80901700258255 0
v -0.0271592102050781 1.0678408203125 -0.066
vn -0.80901700258255 -0.587785243988037 0
v -0.0271592102050781 1.0678408203125 0.066
vn -0.80901700258255 -0.587785243988037 0
v -0.0290211296081543 1.07040356445313 0.066
vn -0.80901700258255 -0.587785243988037 0
v -0.0290211296081543 1.07040356445313 -0.066
vn -0.80901700258255 -0.587785243988037 0
v 0.287928192138672 1.19792822265625 -0.082
vn -0.866025388240814 -0.5 0
v 0.289 1.19607177734375 -0.082
vn -0.866025388240814 -0.5 0
v 0.289 1.19607177734375 -0.066
vn -0.866025388240814 -0.5 0
v 0.287928192138672 1.19792822265625 -0.066
vn -0.866025388240814 -0.5 0
v 0.281 1.19392822265625 -0.082
vn 1 0 0
v 0.281 1.19607177734375 -0.082
vn 1 0 0
v 0.281 1.19607177734375 -0.066
vn 1 0 0
v 0.281 1.19392822265625 -0.066
vn 1 0 0
v 0.283928192138672 1.191 -0.082
vn 0.5 0.866025388240814 0
v 0.282071807861328 1.19207177734375 -0.082
vn 0.5 0.866025388240814 0
v 0.282071807861328 1.19207177734375 -0.066
vn 0.5 0.866025388240814 0
v 0.283928192138672 1.191 -0.066
vn 0.5 0.866025388240814 0
v 0.287928192138672 1.19207177734375 -0.082
vn -0.5 0.866025388240814 0
v 0.286071807861328 1.191 -0.082
vn -0.5 0.866025388240814 0
v 0.286071807861328 1.191 -0.066
vn -0.5 0.866025388240814 0
v 0.287928192138672 1.19207177734375 -0.066
vn -0.5 0.866025388240814 0
v 0.289 1.19607177734375 -0.082
vn -1 0 0
v 0.289 1.19392822265625 -0.082
vn -1 0 0
v 0.289 1.19392822265625 -0.066
vn -1 0 0
v 0.289 1.19607177734375 -0.066
vn -1 0 0
v 0.281 1.19607177734375 -0.082
vn 0.866025388240814 -0.5 0
v 0.282071807861328 1.19792822265625 -0.082
vn 0.866025388240814 -0.5 0
v 0.282071807861328 1.19792822265625 -0.066
vn 0.866025388240814 -0.5 0
v 0.281 1.19607177734375 -0.066
vn 0.866025388240814 -0.5 0
v 0.283928192138672 1.199 -0.082
vn 4.04629756485747E-16 -1 0
v 0.286071807861328 1.199 -0.082
vn 4.04629756485747E-16 -1 0
v 0.286071807861328 1.199 -0.066
vn 4.04629756485747E-16 -1 0
v 0.283928192138672 1.199 -0.066
vn 4.04629756485747E-16 -1 0
v 0.282071807861328 1.19207177734375 -0.082
vn 0.866025388240814 0.5 0
v 0.281 1.19392822265625 -0.082
vn 0.866025388240814 0.5 0
v 0.281 1.19392822265625 -0.066
vn 0.866025388240814 0.5 0
v 0.282071807861328 1.19207177734375 -0.066
vn 0.866025388240814 0.5 0
v 0.286071807861328 1.191 -0.082
vn 4.04629756485747E-16 1 0
v 0.283928192138672 1.191 -0.082
vn 4.04629756485747E-16 1 0
v 0.283928192138672 1.191 -0.066
vn 4.04629756485747E-16 1 0
v 0.286071807861328 1.191 -0.066
vn 4.04629756485747E-16 1 0
v 0.282071807861328 1.19792822265625 -0.082
vn 0.5 -0.866025388240814 0
v 0.283928192138672 1.199 -0.082
vn 0.5 -0.866025388240814 0
v 0.283928192138672 1.199 -0.066
vn 0.5 -0.866025388240814 0
v 0.282071807861328 1.19792822265625 -0.066
vn 0.5 -0.866025388240814 0
v 0.286071807861328 1.199 -0.082
vn -0.5 -0.866025388240814 0
v 0.287928192138672 1.19792822265625 -0.082
vn -0.5 -0.866025388240814 0
v 0.287928192138672 1.19792822265625 -0.066
vn -0.5 -0.866025388240814 0
v 0.286071807861328 1.199 -0.066
vn -0.5 -0.866025388240814 0
v 0.289 1.19392822265625 -0.082
vn -0.866025388240814 0.5 0
v 0.287928192138672 1.19207177734375 -0.082
vn -0.866025388240814 0.5 0
v 0.287928192138672 1.19207177734375 -0.066
vn -0.866025388240814 0.5 0
v 0.289 1.19392822265625 -0.066
vn -0.866025388240814 0.5 0
v 0.293 1.18359631347656 -0.072
vn 0 0 -1
v 0.293 1.20640368652344 -0.072
vn 0 0 -1
v 0.311 1.20640368652344 -0.072
vn 0 0 -1
v 0.311 1.18359631347656 -0.072
vn 0 0 -1
v 0.311 1.18359631347656 0.072
vn 1 0 0
v 0.311 1.1619052734375 0.0649521408081055
vn 1 0 0
v 0.311 1.14345373535156 0.0515463104248047
vn 1 0 0
v 0.311 1.1300478515625 0.0330947685241699
vn 1 0 0
v 0.311 1.123 0.0114036798477173
vn 1 0 0
v 0.311 1.123 -0.0114036798477173
vn 1 0 0
v 0.311 1.1300478515625 -0.0330947685241699
vn 1 0 0
v 0.311 1.14345373535156 -0.0515463104248047
vn 1 0 0
v 0.311 1.1619052734375 -0.0649521408081055
vn 1 0 0
v 0.311 1.18359631347656 -0.072
vn 1 0 0
v 0.311 1.20640368652344 -0.072
vn 1 0 0
v 0.311 1.2280947265625 -0.0649521408081055
vn 1 0 0
v 0.311 1.24654626464844 -0.0515463104248047
vn 1 0 0
v 0.311 1.2599521484375 -0.0330947685241699
vn 1 0 0
v 0.311 1.267 -0.0114036798477173
vn 1 0 0
v 0.311 1.267 0.0114036798477173
vn 1 0 0
v 0.311 1.2599521484375 0.0330947685241699
vn 1 0 0
v 0.311 1.24654626464844 0.0515463104248047
vn 1 0 0
v 0.311 1.2280947265625 0.0649521408081055
vn 1 0 0
v 0.311 1.20640368652344 0.072
vn 1 0 0
v 0.164 1.28140002441406 0.105266098022461
vn 0 1 -1.12719346207229E-16
v 0.164 1.28140002441406 -0.0178519630432129
vn 0 1 -1.12719346207229E-16
v 0.126 1.28140002441406 -0.0178519630432129
vn 0 1 -1.12719346207229E-16
v 0.126 1.28140002441406 0.105266098022461
vn 0 1 -1.12719346207229E-16
v 0.164 1.163 0.152
vn 1 0 0
v 0.164 1.163 0.143
vn 1 0 0
v 0.164 1.17 0.15
vn 1 0 0
v 0.164 1.23 0.15
vn 1 0 0
v 0.164 1.237 0.143
vn 1 0 0
v 0.164 1.237 0.083
vn 1 0 0
v 0.164 1.23 0.076
vn 1 0 0
v 0.164 1.17 0.076
vn 1 0 0
v 0.164 1.163 0.083
vn 1 0 0
v 0.164 1.163 0.082
vn 1 0 0
v 0.164 1.14513513183594 0.082
vn 1 0 0
v 0.164 1.18051818847656 0.0691216049194336
vn 1 0 0
v 0.164 1.18051818847656 0.0688969421386719
vn 1 0 0
v 0.164 1.1839130859375 0.07
vn 1 0 0
v 0.164 1.2060869140625 0.07
vn 1 0 0
v 0.164 1.22717541503906 0.0631479110717773
vn 1 0 0
v 0.164 1.24511450195313 0.0501144676208496
vn 1 0 0
v 0.164 1.25814794921875 0.0321754684448242
vn 1 0 0
v 0.164 1.265 0.0110869112014771
vn 1 0 0
v 0.164 1.265 -0.0110869112014771
vn 1 0 0
v 0.164 1.25850744628906 -0.0310689964294434
vn 1 0 0
v 0.164 1.28140002441406 -0.0178519630432129
vn 1 0 0
v 0.164 1.28140002441406 0.105266098022461
vn 1 0 0
v 0.164 1.27867407226563 0.115439422607422
vn 1 0 0
v 0.164 1.27340795898437 0.124560577392578
vn 1 0 0
v 0.164 1.26596057128906 0.132007965087891
vn 1 0 0
v 0.164 1.25683947753906 0.137274063110352
vn 1 0 0
v 0.164 1.24666613769531 0.14
vn 1 0 0
v 0.164 1.242 0.14
vn 1 0 0
v 0.164 1.242 0.152
vn 1 0 0
v 0.126 1.242 0.152
vn 1 0 0
v 0.126 1.242 0.14
vn 1 0 0
v 0.126 1.24666613769531 0.14
vn 1 0 0
v 0.126 1.25683947753906 0.137274063110352
vn 1 0 0
v 0.126 1.26596057128906 0.132007965087891
vn 1 0 0
v 0.126 1.27340795898437 0.124560577392578
vn 1 0 0
v 0.126 1.27867407226563 0.115439422607422
vn 1 0 0
v 0.126 1.28140002441406 0.105266098022461
vn 1 0 0
v 0.126 1.28140002441406 -0.0178519630432129
vn 1 0 0
v 0.126 1.295 -0.01
vn 1 0 0
v 0.126 1.295 0.1
vn 1 0 0
v 0.126 1.28332092285156 0.122810333251953
vn 1 0 0
v 0.126 1.26502868652344 0.140757522583008
vn 1 0 0
v 0.086 1.295 0.1
vn 0 0.890111565589905 0.455742657184601
v 0.086 1.28332092285156 0.122810333251953
vn 0 0.890111565589905 0.455742657184601
v 0.126 1.28332092285156 0.122810333251953
vn 0 0.890111565589905 0.455742657184601
v 0.126 1.295 0.1
vn 0 0.890111565589905 0.455742657184601
v 0.147701751708984 1.07951062011719 -0.09
vn -0.30901700258255 0.95105654001236 0
v 0.149208084106445 1.08 -0.09
vn -0.30901700258255 0.95105654001236 0
v 0.149208084106445 1.08 -0.124
vn -0.30901700258255 0.95105654001236 0
v 0.147701751708984 1.07951062011719 -0.124
vn -0.30901700258255 0.95105654001236 0
v 0.150791915893555 1.08 -0.09
vn 0.30901700258255 0.95105654001236 0
v 0.152298248291016 1.07951062011719 -0.09
vn 0.30901700258255 0.95105654001236 0
v 0.152298248291016 1.07951062011719 -0.124
vn 0.30901700258255 0.95105654001236 0
v 0.150791915893555 1.08 -0.124
vn 0.30901700258255 0.95105654001236 0
v 0.153579605102539 1.07857958984375 -0.09
vn 0.80901700258255 0.587785243988037 0
v 0.154510559082031 1.07729821777344 -0.09
vn 0.80901700258255 0.587785243988037 0
v 0.154510559082031 1.07729821777344 -0.124
vn 0.80901700258255 0.587785243988037 0
v 0.153579605102539 1.07857958984375 -0.124
vn 0.80901700258255 0.587785243988037 0
v 0.145489440917969 1.07270178222656 -0.09
vn -0.95105654001236 -0.30901700258255 0
v 0.145 1.07420812988281 -0.09
vn -0.95105654001236 -0.30901700258255 0
v 0.145 1.07420812988281 -0.124
vn -0.95105654001236 -0.30901700258255 0
v 0.145489440917969 1.07270178222656 -0.124
vn -0.95105654001236 -0.30901700258255 0
v 0.145 1.07579187011719 -0.09
vn -0.95105654001236 0.30901700258255 0
v 0.145489440917969 1.07729821777344 -0.09
vn -0.95105654001236 0.30901700258255 0
v 0.145489440917969 1.07729821777344 -0.124
vn -0.95105654001236 0.30901700258255 0
v 0.145 1.07579187011719 -0.124
vn -0.95105654001236 0.30901700258255 0
v 0.146420394897461 1.07857958984375 -0.09
vn -0.587785243988037 0.80901700258255 0
v 0.147701751708984 1.07951062011719 -0.09
vn -0.587785243988037 0.80901700258255 0
v 0.147701751708984 1.07951062011719 -0.124
vn -0.587785243988037 0.80901700258255 0
v 0.146420394897461 1.07857958984375 -0.124
vn -0.587785243988037 0.80901700258255 0
v 0.149208084106445 1.08 -0.09
vn 0 1 0
v 0.150791915893555 1.08 -0.09
vn 0 1 0
v 0.150791915893555 1.08 -0.124
vn 0 1 0
v 0.149208084106445 1.08 -0.124
vn 0 1 0
v 0.152298248291016 1.07951062011719 -0.09
vn 0.587785243988037 0.80901700258255 0
v 0.153579605102539 1.07857958984375 -0.09
vn 0.587785243988037 0.80901700258255 0
v 0.153579605102539 1.07857958984375 -0.124
vn 0.587785243988037 0.80901700258255 0
v 0.152298248291016 1.07951062011719 -0.124
vn 0.587785243988037 0.80901700258255 0
v 0.149208084106445 1.07 -0.09
vn -0.30901700258255 -0.95105654001236 0
v 0.147701751708984 1.07048937988281 -0.09
vn -0.30901700258255 -0.95105654001236 0
v 0.147701751708984 1.07048937988281 -0.124
vn -0.30901700258255 -0.95105654001236 0
v 0.149208084106445 1.07 -0.124
vn -0.30901700258255 -0.95105654001236 0
v 0.146420394897461 1.07142041015625 -0.09
vn -0.80901700258255 -0.587785243988037 0
v 0.145489440917969 1.07270178222656 -0.09
vn -0.80901700258255 -0.587785243988037 0
v 0.145489440917969 1.07270178222656 -0.124
vn -0.80901700258255 -0.587785243988037 0
v 0.146420394897461 1.07142041015625 -0.124
vn -0.80901700258255 -0.587785243988037 0
v 0.145 1.07420812988281 -0.09
vn -1 -1.42383968385149E-14 0
v 0.145 1.07579187011719 -0.09
vn -1 -1.42383968385149E-14 0
v 0.145 1.07579187011719 -0.124
vn -1 -1.42383968385149E-14 0
v 0.145 1.07420812988281 -0.124
vn -1 -1.42383968385149E-14 0
v 0.145489440917969 1.07729821777344 -0.09
vn -0.80901700258255 0.587785243988037 0
v 0.146420394897461 1.07857958984375 -0.09
vn -0.80901700258255 0.587785243988037 0
v 0.146420394897461 1.07857958984375 -0.124
vn -0.80901700258255 0.587785243988037 0
v 0.145489440917969 1.07729821777344 -0.124
vn -0.80901700258255 0.587785243988037 0
v 0.150791915893555 1.07 -0.09
vn 4.38104515501896E-14 -1 0
v 0.149208084106445 1.07 -0.09
vn 4.38104515501896E-14 -1 0
v 0.149208084106445 1.07 -0.124
vn 4.38104515501896E-14 -1 0
v 0.150791915893555 1.07 -0.124
vn 4.38104515501896E-14 -1 0
v 0.147701751708984 1.07048937988281 -0.09
vn -0.587785243988037 -0.80901700258255 0
v 0.146420394897461 1.07142041015625 -0.09
vn -0.587785243988037 -0.80901700258255 0
v 0.146420394897461 1.07142041015625 -0.124
vn -0.587785243988037 -0.80901700258255 0
v 0.147701751708984 1.07048937988281 -0.124
vn -0.587785243988037 -0.80901700258255 0
v 0.154510559082031 1.07729821777344 -0.09
vn 0.95105654001236 0.30901700258255 0
v 0.155 1.07579187011719 -0.09
vn 0.95105654001236 0.30901700258255 0
v 0.155 1.07579187011719 -0.124
vn 0.95105654001236 0.30901700258255 0
v 0.154510559082031 1.07729821777344 -0.124
vn 0.95105654001236 0.30901700258255 0
v 0.152298248291016 1.07048937988281 -0.09
vn 0.30901700258255 -0.95105654001236 0
v 0.150791915893555 1.07 -0.09
vn 0.30901700258255 -0.95105654001236 0
v 0.150791915893555 1.07 -0.124
vn 0.30901700258255 -0.95105654001236 0
v 0.152298248291016 1.07048937988281 -0.124
vn 0.30901700258255 -0.95105654001236 0
v 0.155 1.07420812988281 -0.09
vn 0.95105654001236 -0.30901700258255 0
v 0.154510559082031 1.07270178222656 -0.09
vn 0.95105654001236 -0.30901700258255 0
v 0.154510559082031 1.07270178222656 -0.124
vn 0.95105654001236 -0.30901700258255 0
v 0.155 1.07420812988281 -0.124
vn 0.95105654001236 -0.30901700258255 0
v 0.153579605102539 1.07142041015625 -0.09
vn 0.587785243988037 -0.80901700258255 0
v 0.152298248291016 1.07048937988281 -0.09
vn 0.587785243988037 -0.80901700258255 0
v 0.152298248291016 1.07048937988281 -0.124
vn 0.587785243988037 -0.80901700258255 0
v 0.153579605102539 1.07142041015625 -0.124
vn 0.587785243988037 -0.80901700258255 0
v 0.155 1.07579187011719 -0.09
vn 1 -5.4763064437737E-15 0
v 0.155 1.07420812988281 -0.09
vn 1 -5.4763064437737E-15 0
v 0.155 1.07420812988281 -0.124
vn 1 -5.4763064437737E-15 0
v 0.155 1.07579187011719 -0.124
vn 1 -5.4763064437737E-15 0
v 0.154510559082031 1.07270178222656 -0.09
vn 0.80901700258255 -0.587785243988037 0
v 0.153579605102539 1.07142041015625 -0.09
vn 0.80901700258255 -0.587785243988037 0
v 0.153579605102539 1.07142041015625 -0.124
vn 0.80901700258255 -0.587785243988037 0
v 0.154510559082031 1.07270178222656 -0.124
vn 0.80901700258255 -0.587785243988037 0
v 0.164 1.18051818847656 0.0688969421386719
vn 1.25055361997474E-16 1 0
v 0.164 1.18051818847656 0.0691216049194336
vn 1.25055361997474E-16 1 0
v 0.280203002929688 1.18051818847656 0.0691216049194336
vn 1.25055361997474E-16 1 0
v 0.280203002929688 1.18051818847656 0.0688969421386719
vn 1.25055361997474E-16 1 0
v -0.0184161548614502 1.065 0.066
vn 0 0 -1
v -0.0154035043716431 1.06597888183594 0.066
vn 0 0 -1
v -0.0128407907485962 1.0678408203125 0.066
vn 0 0 -1
v -0.0109788694381714 1.07040356445313 0.066
vn 0 0 -1
v -0.01 1.07341613769531 0.066
vn 0 0 -1
v -0.01 1.07658386230469 0.066
vn 0 0 -1
v -0.0109788694381714 1.07959643554688 0.066
vn 0 0 -1
v -0.0128407907485962 1.0821591796875 0.066
vn 0 0 -1
v -0.0154035043716431 1.08402111816406 0.066
vn 0 0 -1
v -0.0184161548614502 1.085 0.066
vn 0 0 -1
v -0.0215838451385498 1.085 0.066
vn 0 0 -1
v -0.0245964946746826 1.08402111816406 0.066
vn 0 0 -1
v -0.0271592102050781 1.0821591796875 0.066
vn 0 0 -1
v -0.0290211296081543 1.07959643554688 0.066
vn 0 0 -1
v -0.03 1.07658386230469 0.066
vn 0 0 -1
v -0.03 1.07341613769531 0.066
vn 0 0 -1
v -0.0290211296081543 1.07040356445313 0.066
vn 0 0 -1
v -0.0271592102050781 1.0678408203125 0.066
vn 0 0 -1
v -0.0245964946746826 1.06597888183594 0.066
vn 0 0 -1
v -0.0215838451385498 1.065 0.066
vn 0 0 -1
v 0.126 1.10608801269531 0.066
vn 0 0 -1
v 0.126 1.11792895507813 0.066
vn 0 0 -1
v 0.24406706237793 1.11792895507813 0.066
vn 0 0 -1
v 0.201961517333984 1.045 0.066
vn 0 0 -1
v 0.18 1.02303845214844 0.066
vn 0 0 -1
v 0.15 1.015 0.066
vn 0 0 -1
v 0.065 1.015 0.066
vn 0 0 -1
v -0.0247515335083008 1.045 0.066
vn 0 0 -1
v -0.0337894859313965 1.04793664550781 0.066
vn 0 0 -1
v -0.0414776268005371 1.05352233886719 0.066
vn 0 0 -1
v -0.0470633926391602 1.06121057128906 0.066
vn 0 0 -1
v -0.05 1.07024841308594 0.066
vn 0 0 -1
v -0.05 1.07975158691406 0.066
vn 0 0 -1
v -0.0470633926391602 1.08878942871094 0.066
vn 0 0 -1
v -0.0414776268005371 1.09647766113281 0.066
vn 0 0 -1
v -0.0337894859313965 1.10206335449219 0.066
vn 0 0 -1
v -0.0247515335083008 1.105 0.066
vn 0 0 -1
v -0.0152484664916992 1.105 0.066
vn 0 0 -1
v -0.00621051359176636 1.10206335449219 0.066
vn 0 0 -1
v -0.000617735683917999 1.098 0.066
vn 0 0 -1
v 0.086 1.098 0.066
vn 0 0 -1
v 0.086 1.10608801269531 0.066
vn 0 0 -1
v 0.086 1.085 -0.0144817743301392
vn 0 -0.965925812721252 -0.258819043636322
v 0.086 1.09249633789062 -0.0424584159851074
vn 0 -0.965925812721252 -0.258819043636322
v 0.126 1.09249633789062 -0.0424584159851074
vn 0 -0.965925812721252 -0.258819043636322
v 0.126 1.085 -0.0144817743301392
vn 0 -0.965925812721252 -0.258819043636322
v 0.086 1.09249633789062 0.0424584159851074
vn 0 -0.965925812721252 0.258819043636322
v 0.086 1.085 0.0144817743301392
vn 0 -0.965925812721252 0.258819043636322
v 0.126 1.085 0.0144817743301392
vn 0 -0.965925812721252 0.258819043636322
v 0.126 1.09249633789062 0.0424584159851074
vn 0 -0.965925812721252 0.258819043636322
v 0.126 1.09249633789062 0.0424584159851074
vn 0 -0.866025388240814 0.5
v 0.126 1.10608801269531 0.066
vn 0 -0.866025388240814 0.5
v 0.086 1.10608801269531 0.066
vn 0 -0.866025388240814 0.5
v 0.086 1.09249633789062 0.0424584159851074
vn 0 -0.866025388240814 0.5
v 0.086 1.085 0.0144817743301392
vn 0 -1 0
v 0.086 1.085 -0.0144817743301392
vn 0 -1 0
v 0.126 1.085 -0.0144817743301392
vn 0 -1 0
v 0.126 1.085 0.0144817743301392
vn 0 -1 0
v 0.259774566650391 1.14513513183594 0.082
vn 0 0 1
v 0.164 1.14513513183594 0.082
vn 0 0 1
v 0.164 1.163 0.082
vn 0 0 1
v 0.126 1.163 0.082
vn 0 0 1
v 0.126 1.1214365234375 0.082
vn 0 0 1
v 0.112 1.1214365234375 0.082
vn 0 0 1
v 0.112 1.098 0.082
vn 0 0 1
v 0.119751029968262 1.098 0.082
vn 0 0 1
v 0.128112838745117 1.10606372070312 0.082
vn 0 0 1
v 0.13852001953125 1.11122448730469 0.082
vn 0 0 1
v 0.15 1.113 0.082
vn 0 0 1
v 0.166487579345703 1.10923681640625 0.082
vn 0 0 1
v 0.179709594726563 1.09869262695312 0.082
vn 0 0 1
v 0.187047256469727 1.08345581054688 0.082
vn 0 0 1
v 0.187047256469727 1.06654418945313 0.082
vn 0 0 1
v 0.179709594726563 1.05130737304687 0.082
vn 0 0 1
v 0.166487579345703 1.04076318359375 0.082
vn 0 0 1
v 0.15 1.037 0.082
vn 0 0 1
v 0.136154449462891 1.03961218261719 0.082
vn 0 0 1
v 0.12421240234375 1.04708947753906 0.082
vn 0 0 1
v 0.115815658569336 1.05840393066406 0.082
vn 0 0 1
v 0.112118606567383 1.072 0.082
vn 0 0 1
v 0.00407704210281372 1.072 0.082
vn 0 0 1
v 0.00407704210281372 1.098 0.082
vn 0 0 1
v -0.000617735683917999 1.098 0.082
vn 0 0 1
v -0.00621051359176636 1.10206335449219 0.082
vn 0 0 1
v -0.0152484664916992 1.105 0.082
vn 0 0 1
v -0.0247515335083008 1.105 0.082
vn 0 0 1
v -0.0337894859313965 1.10206335449219 0.082
vn 0 0 1
v -0.0414776268005371 1.09647766113281 0.082
vn 0 0 1
v -0.0470633926391602 1.08878942871094 0.082
vn 0 0 1
v -0.05 1.07975158691406 0.082
vn 0 0 1
v -0.05 1.07024841308594 0.082
vn 0 0 1
v -0.0470633926391602 1.06121057128906 0.082
vn 0 0 1
v -0.0414776268005371 1.05352233886719 0.082
vn 0 0 1
v -0.0337894859313965 1.04793664550781 0.082
vn 0 0 1
v -0.0247515335083008 1.045 0.082
vn 0 0 1
v 0.065 1.015 0.082
vn 0 0 1
v 0.15 1.015 0.082
vn 0 0 1
v 0.18 1.02303845214844 0.082
vn 0 0 1
v 0.201961517333984 1.045 0.082
vn 0 0 1
v 0.164 1.18051818847656 0.0691216049194336
vn 0 0.342020153999329 0.939692616462708
v 0.164 1.14513513183594 0.082
vn 0 0.342020153999329 0.939692616462708
v 0.259774566650391 1.14513513183594 0.082
vn 0 0.342020153999329 0.939692616462708
v 0.280203002929688 1.18051818847656 0.0691216049194336
vn 0 0.342020153999329 0.939692616462708
v 0.18 1.02303845214844 0.066
vn 0.70710676908493 -0.70710676908493 0
v 0.201961517333984 1.045 0.066
vn 0.70710676908493 -0.70710676908493 0
v 0.201961517333984 1.045 0.082
vn 0.70710676908493 -0.70710676908493 0
v 0.18 1.02303845214844 0.082
vn 0.70710676908493 -0.70710676908493 0
v 0.086 1.201 0.152
vn 0 -0.906307816505432 0.422618269920349
v 0.086 1.18154309082031 0.110274627685547
vn 0 -0.906307816505432 0.422618269920349
v 0.126 1.18154309082031 0.110274627685547
vn 0 -0.906307816505432 0.422618269920349
v 0.126 1.201 0.152
vn 0 -0.906307816505432 0.422618269920349
v 0.086 1.098 0.066
vn 1.60218783367323E-16 1 0
v -0.000617735683917999 1.098 0.066
vn 1.60218783367323E-16 1 0
v -0.000617735683917999 1.098 0.082
vn 1.60218783367323E-16 1 0
v 0.00407704210281372 1.098 0.082
vn 1.60218783367323E-16 1 0
v 0.061 1.098 0.09
vn 1.60218783367323E-16 1 0
v 0.086 1.098 0.09
vn 1.60218783367323E-16 1 0
v 0.086 1.28332092285156 0.122810333251953
vn 0 0.700340688228607 0.71380877494812
v 0.086 1.26502868652344 0.140757522583008
vn 0 0.700340688228607 0.71380877494812
v 0.126 1.26502868652344 0.140757522583008
vn 0 0.700340688228607 0.71380877494812
v 0.126 1.28332092285156 0.122810333251953
vn 0 0.700340688228607 0.71380877494812
v 0.086 1.13043151855469 0.09
vn 0 -0.483509451150894 0.875339150428772
v 0.112 1.13043151855469 0.09
vn 0 -0.483509451150894 0.875339150428772
v 0.112 1.12820874023438 0.0887721939086914
vn 0 -0.483509451150894 0.875339150428772
v 0.126 1.12820874023438 0.0887721939086914
vn 0 -0.483509451150894 0.875339150428772
v 0.126 1.15356396484375 0.102777626037598
vn 0 -0.483509451150894 0.875339150428772
v 0.086 1.15356396484375 0.102777626037598
vn 0 -0.483509451150894 0.875339150428772
v 0.086 1.242 0.152
vn 0 0 1
v 0.086 1.201 0.152
vn 0 0 1
v 0.126 1.201 0.152
vn 0 0 1
v 0.126 1.163 0.152
vn 0 0 1
v 0.164 1.163 0.152
vn 0 0 1
v 0.164 1.242 0.152
vn 0 0 1
v 0.126 1.242 0.152
vn 0 0 1
v 0.086 1.18154309082031 0.110274627685547
vn 0 -0.258819043636322 0.965925812721252
v 0.086 1.15356396484375 0.102777626037598
vn 0 -0.258819043636322 0.965925812721252
v 0.126 1.15356396484375 0.102777626037598
vn 0 -0.258819043636322 0.965925812721252
v 0.126 1.163 0.105306007385254
vn 0 -0.258819043636322 0.965925812721252
v 0.126 1.18154309082031 0.110274627685547
vn 0 -0.258819043636322 0.965925812721252
v 0.086 1.26502868652344 0.140757522583008
vn 0 0.438706994056702 0.898630142211914
v 0.086 1.242 0.152
vn 0 0.438706994056702 0.898630142211914
v 0.126 1.242 0.152
vn 0 0.438706994056702 0.898630142211914
v 0.126 1.26502868652344 0.140757522583008
vn 0 0.438706994056702 0.898630142211914
v 0.112 1.13043151855469 0.09
vn 0 0 1
v 0.086 1.13043151855469 0.09
vn 0 0 1
v 0.086 1.098 0.09
vn 0 0 1
v 0.061 1.098 0.09
vn 0 0 1
v 0.061 1.072 0.09
vn 0 0 1
v 0.112118606567383 1.072 0.09
vn 0 0 1
v 0.115815658569336 1.05840393066406 0.09
vn 0 0 1
v 0.12421240234375 1.04708947753906 0.09
vn 0 0 1
v 0.136154449462891 1.03961218261719 0.09
vn 0 0 1
v 0.15 1.037 0.09
vn 0 0 1
v 0.166487579345703 1.04076318359375 0.09
vn 0 0 1
v 0.179709594726563 1.05130737304687 0.09
vn 0 0 1
v 0.187047256469727 1.06654418945313 0.09
vn 0 0 1
v 0.187047256469727 1.08345581054688 0.09
vn 0 0 1
v 0.179709594726563 1.09869262695312 0.09
vn 0 0 1
v 0.166487579345703 1.10923681640625 0.09
vn 0 0 1
v 0.15 1.113 0.09
vn 0 0 1
v 0.13852001953125 1.11122448730469 0.09
vn 0 0 1
v 0.128112838745117 1.10606372070312 0.09
vn 0 0 1
v 0.119751029968262 1.098 0.09
vn 0 0 1
v 0.112 1.098 0.09
vn 0 0 1
v 0.153579605102539 1.07142041015625 0.09
vn 0 0 1
v 0.152298248291016 1.07048937988281 0.09
vn 0 0 1
v 0.150791915893555 1.07 0.09
vn 0 0 1
v 0.149208084106445 1.07 0.09
vn 0 0 1
v 0.147701751708984 1.07048937988281 0.09
vn 0 0 1
v 0.146420394897461 1.07142041015625 0.09
vn 0 0 1
v 0.145489440917969 1.07270178222656 0.09
vn 0 0 1
v 0.145 1.07420812988281 0.09
vn 0 0 1
v 0.145 1.07579187011719 0.09
vn 0 0 1
v 0.145489440917969 1.07729821777344 0.09
vn 0 0 1
v 0.146420394897461 1.07857958984375 0.09
vn 0 0 1
v 0.147701751708984 1.07951062011719 0.09
vn 0 0 1
v 0.149208084106445 1.08 0.09
vn 0 0 1
v 0.150791915893555 1.08 0.09
vn 0 0 1
v 0.152298248291016 1.07951062011719 0.09
vn 0 0 1
v 0.153579605102539 1.07857958984375 0.09
vn 0 0 1
v 0.154510559082031 1.07729821777344 0.09
vn 0 0 1
v 0.155 1.07579187011719 0.09
vn 0 0 1
v 0.155 1.07420812988281 0.09
vn 0 0 1
v 0.154510559082031 1.07270178222656 0.09
vn 0 0 1
v 0.286071807861328 1.199 -0.066
vn 0 0 -1
v 0.287928192138672 1.19792822265625 -0.066
vn 0 0 -1
v 0.289 1.19607177734375 -0.066
vn 0 0 -1
v 0.289 1.19392822265625 -0.066
vn 0 0 -1
v 0.287928192138672 1.19207177734375 -0.066
vn 0 0 -1
v 0.286071807861328 1.191 -0.066
vn 0 0 -1
v 0.283928192138672 1.191 -0.066
vn 0 0 -1
v 0.282071807861328 1.19207177734375 -0.066
vn 0 0 -1
v 0.281 1.19392822265625 -0.066
vn 0 0 -1
v 0.281 1.19607177734375 -0.066
vn 0 0 -1
v 0.282071807861328 1.19792822265625 -0.066
vn 0 0 -1
v 0.283928192138672 1.199 -0.066
vn 0 0 -1
v 0.164 1.27867407226563 0.115439422607422
vn 0 0.965925812721252 0.258819043636322
v 0.164 1.28140002441406 0.105266098022461
vn 0 0.965925812721252 0.258819043636322
v 0.126 1.28140002441406 0.105266098022461
vn 0 0.965925812721252 0.258819043636322
v 0.126 1.27867407226563 0.115439422607422
vn 0 0.965925812721252 0.258819043636322
v 0.164 1.23 0.15
vn 0 0 1
v 0.164 1.17 0.15
vn 0 0 1
v 0.326 1.17 0.15
vn 0 0 1
v 0.326 1.1155 0.15
vn 0 0 1
v 0.36 1.1155 0.15
vn 0 0 1
v 0.36 1.2335 0.15
vn 0 0 1
v 0.326 1.2335 0.15
vn 0 0 1
v 0.326 1.23 0.15
vn 0 0 1
v 0.164 1.26596057128906 0.132007965087891
vn 0 0.70710676908493 0.70710676908493
v 0.164 1.27340795898437 0.124560577392578
vn 0 0.70710676908493 0.70710676908493
v 0.126 1.27340795898437 0.124560577392578
vn 0 0.70710676908493 0.70710676908493
v 0.126 1.26596057128906 0.132007965087891
vn 0 0.70710676908493 0.70710676908493
v 0.164 1.23 0.076
vn 0 0.70710676908493 -0.70710676908493
v 0.164 1.237 0.083
vn 0 0.70710676908493 -0.70710676908493
v 0.326 1.237 0.083
vn 0 0.70710676908493 -0.70710676908493
v 0.326 1.23 0.076
vn 0 0.70710676908493 -0.70710676908493
v 0.164 1.17 0.076
vn 0 0 -1
v 0.164 1.23 0.076
vn 0 0 -1
v 0.326 1.23 0.076
vn 0 0 -1
v 0.326 1.2335 0.076
vn 0 0 -1
v 0.36 1.2335 0.076
vn 0 0 -1
v 0.36 1.1155 0.076
vn 0 0 -1
v 0.326 1.1155 0.076
vn 0 0 -1
v 0.326 1.17 0.076
vn 0 0 -1
v 0.164 1.237 0.143
vn 0 0.70710676908493 0.70710676908493
v 0.164 1.23 0.15
vn 0 0.70710676908493 0.70710676908493
v 0.326 1.23 0.15
vn 0 0.70710676908493 0.70710676908493
v 0.326 1.237 0.143
vn 0 0.70710676908493 0.70710676908493
v 0.164 1.17 0.15
vn 0 -0.70710676908493 0.70710676908493
v 0.164 1.163 0.143
vn 0 -0.70710676908493 0.70710676908493
v 0.326 1.163 0.143
vn 0 -0.70710676908493 0.70710676908493
v 0.326 1.17 0.15
vn 0 -0.70710676908493 0.70710676908493
v 0.164 1.25683947753906 0.137274063110352
vn 0 0.5 0.866025388240814
v 0.164 1.26596057128906 0.132007965087891
vn 0 0.5 0.866025388240814
v 0.126 1.26596057128906 0.132007965087891
vn 0 0.5 0.866025388240814
v 0.126 1.25683947753906 0.137274063110352
vn 0 0.5 0.866025388240814
v 0.164 1.24666613769531 0.14
vn 0 0.258819043636322 0.965925812721252
v 0.164 1.25683947753906 0.137274063110352
vn 0 0.258819043636322 0.965925812721252
v 0.126 1.25683947753906 0.137274063110352
vn 0 0.258819043636322 0.965925812721252
v 0.126 1.24666613769531 0.14
vn 0 0.258819043636322 0.965925812721252
v 0.164 1.237 0.083
vn 0 1 0
v 0.164 1.237 0.143
vn 0 1 0
v 0.326 1.237 0.143
vn 0 1 0
v 0.326 1.237 0.083
vn 0 1 0
v 0.164 1.27340795898437 0.124560577392578
vn 0 0.866025388240814 0.5
v 0.164 1.27867407226563 0.115439422607422
vn 0 0.866025388240814 0.5
v 0.126 1.27867407226563 0.115439422607422
vn 0 0.866025388240814 0.5
v 0.126 1.27340795898437 0.124560577392578
vn 0 0.866025388240814 0.5
v 0.164 1.163 0.083
vn 0 -0.70710676908493 -0.70710676908493
v 0.164 1.17 0.076
vn 0 -0.70710676908493 -0.70710676908493
v 0.326 1.17 0.076
vn 0 -0.70710676908493 -0.70710676908493
v 0.326 1.163 0.083
vn 0 -0.70710676908493 -0.70710676908493
v 0.126 1.163 0.082
vn 0 -1 0
v 0.164 1.163 0.082
vn 0 -1 0
v 0.164 1.163 0.083
vn 0 -1 0
v 0.326 1.163 0.083
vn 0 -1 0
v 0.326 1.163 0.143
vn 0 -1 0
v 0.164 1.163 0.143
vn 0 -1 0
v 0.164 1.163 0.152
vn 0 -1 0
v 0.126 1.163 0.152
vn 0 -1 0
v 0.126 1.163 0.105306007385254
vn 0 -1 0
v 0.164 1.242 0.14
vn 0 0 1
v 0.164 1.24666613769531 0.14
vn 0 0 1
v 0.126 1.24666613769531 0.14
vn 0 0 1
v 0.126 1.242 0.14
vn 0 0 1
v 0.164 1.242 0.152
vn 0 1 5.78241176305455E-16
v 0.164 1.242 0.14
vn 0 1 5.78241176305455E-16
v 0.126 1.242 0.14
vn 0 1 5.78241176305455E-16
v 0.126 1.242 0.152
vn 0 1 5.78241176305455E-16
v 0.152298248291016 1.07048937988281 -0.124
vn 0 0 -1
v 0.150791915893555 1.07 -0.124
vn 0 0 -1
v 0.149208084106445 1.07 -0.124
vn 0 0 -1
v 0.147701751708984 1.07048937988281 -0.124
vn 0 0 -1
v 0.146420394897461 1.07142041015625 -0.124
vn 0 0 -1
v 0.145489440917969 1.07270178222656 -0.124
vn 0 0 -1
v 0.145 1.07420812988281 -0.124
vn 0 0 -1
v 0.145 1.07579187011719 -0.124
vn 0 0 -1
v 0.145489440917969 1.07729821777344 -0.124
vn 0 0 -1
v 0.146420394897461 1.07857958984375 -0.124
vn 0 0 -1
v 0.147701751708984 1.07951062011719 -0.124
vn 0 0 -1
v 0.149208084106445 1.08 -0.124
vn 0 0 -1
v 0.150791915893555 1.08 -0.124
vn 0 0 -1
v 0.152298248291016 1.07951062011719 -0.124
vn 0 0 -1
v 0.153579605102539 1.07857958984375 -0.124
vn 0 0 -1
v 0.154510559082031 1.07729821777344 -0.124
vn 0 0 -1
v 0.155 1.07579187011719 -0.124
vn 0 0 -1
v 0.155 1.07420812988281 -0.124
vn 0 0 -1
v 0.154510559082031 1.07270178222656 -0.124
vn 0 0 -1
v 0.153579605102539 1.07142041015625 -0.124
vn 0 0 -1
v -0.000617735683917999 1.098 0.066
vn 0.587785243988037 0.80901700258255 0
v -0.00621051359176636 1.10206335449219 0.066
vn 0.587785243988037 0.80901700258255 0
v -0.00621051359176636 1.10206335449219 0.082
vn 0.587785243988037 0.80901700258255 0
v -0.000617735683917999 1.098 0.082
vn 0.587785243988037 0.80901700258255 0
v -0.05 1.07024841308594 0.066
vn -0.95105654001236 -0.30901700258255 0
v -0.0470633926391602 1.06121057128906 0.066
vn -0.95105654001236 -0.30901700258255 0
v -0.0470633926391602 1.06121057128906 0.082
vn -0.95105654001236 -0.30901700258255 0
v -0.05 1.07024841308594 0.082
vn -0.95105654001236 -0.30901700258255 0
v -0.0337894859313965 1.04793664550781 0.066
vn -0.30901700258255 -0.95105654001236 0
v -0.0247515335083008 1.045 0.066
vn -0.30901700258255 -0.95105654001236 0
v -0.0247515335083008 1.045 0.082
vn -0.30901700258255 -0.95105654001236 0
v -0.0337894859313965 1.04793664550781 0.082
vn -0.30901700258255 -0.95105654001236 0
v -0.0247515335083008 1.045 0.066
vn -0.317015320062637 -0.948420405387878 0
v 0.065 1.015 0.066
vn -0.317015320062637 -0.948420405387878 0
v 0.065 1.015 0.082
vn -0.317015320062637 -0.948420405387878 0
v -0.0247515335083008 1.045 0.082
vn -0.317015320062637 -0.948420405387878 0
v -0.0337894859313965 1.10206335449219 0.066
vn -0.587785243988037 0.80901700258255 0
v -0.0414776268005371 1.09647766113281 0.066
vn -0.587785243988037 0.80901700258255 0
v -0.0414776268005371 1.09647766113281 0.082
vn -0.587785243988037 0.80901700258255 0
v -0.0337894859313965 1.10206335449219 0.082
vn -0.587785243988037 0.80901700258255 0
v 0.065 1.015 0.066
vn 0 -1 0
v 0.15 1.015 0.066
vn 0 -1 0
v 0.15 1.015 0.082
vn 0 -1 0
v 0.065 1.015 0.082
vn 0 -1 0
v -0.0414776268005371 1.09647766113281 0.066
vn -0.80901700258255 0.587785243988037 0
v -0.0470633926391602 1.08878942871094 0.066
vn -0.80901700258255 0.587785243988037 0
v -0.0470633926391602 1.08878942871094 0.082
vn -0.80901700258255 0.587785243988037 0
v -0.0414776268005371 1.09647766113281 0.082
vn -0.80901700258255 0.587785243988037 0
v -0.00621051359176636 1.10206335449219 0.066
vn 0.30901700258255 0.95105654001236 0
v -0.0152484664916992 1.105 0.066
vn 0.30901700258255 0.95105654001236 0
v -0.0152484664916992 1.105 0.082
vn 0.30901700258255 0.95105654001236 0
v -0.00621051359176636 1.10206335449219 0.082
vn 0.30901700258255 0.95105654001236 0
v -0.0470633926391602 1.06121057128906 0.066
vn -0.80901700258255 -0.587785243988037 0
v -0.0414776268005371 1.05352233886719 0.066
vn -0.80901700258255 -0.587785243988037 0
v -0.0414776268005371 1.05352233886719 0.082
vn -0.80901700258255 -0.587785243988037 0
v -0.0470633926391602 1.06121057128906 0.082
vn -0.80901700258255 -0.587785243988037 0
v -0.0152484664916992 1.105 0.066
vn 0 1 0
v -0.0247515335083008 1.105 0.066
vn 0 1 0
v -0.0247515335083008 1.105 0.082
vn 0 1 0
v -0.0152484664916992 1.105 0.082
vn 0 1 0
v -0.0414776268005371 1.05352233886719 0.066
vn -0.587785243988037 -0.80901700258255 0
v -0.0337894859313965 1.04793664550781 0.066
vn -0.587785243988037 -0.80901700258255 0
v -0.0337894859313965 1.04793664550781 0.082
vn -0.587785243988037 -0.80901700258255 0
v -0.0414776268005371 1.05352233886719 0.082
vn -0.587785243988037 -0.80901700258255 0
v -0.0247515335083008 1.105 0.066
vn -0.30901700258255 0.95105654001236 0
v -0.0337894859313965 1.10206335449219 0.066
vn -0.30901700258255 0.95105654001236 0
v -0.0337894859313965 1.10206335449219 0.082
vn -0.30901700258255 0.95105654001236 0
v -0.0247515335083008 1.105 0.082
vn -0.30901700258255 0.95105654001236 0
v -0.0470633926391602 1.08878942871094 0.066
vn -0.95105654001236 0.30901700258255 0
v -0.05 1.07975158691406 0.066
vn -0.95105654001236 0.30901700258255 0
v -0.05 1.07975158691406 0.082
vn -0.95105654001236 0.30901700258255 0
v -0.0470633926391602 1.08878942871094 0.082
vn -0.95105654001236 0.30901700258255 0
v 0.15 1.015 0.066
vn 0.258819043636322 -0.965925812721252 0
v 0.18 1.02303845214844 0.066
vn 0.258819043636322 -0.965925812721252 0
v 0.18 1.02303845214844 0.082
vn 0.258819043636322 -0.965925812721252 0
v 0.15 1.015 0.082
vn 0.258819043636322 -0.965925812721252 0
v -0.05 1.07975158691406 0.066
vn -1 0 0
v -0.05 1.07024841308594 0.066
vn -1 0 0
v -0.05 1.07024841308594 0.082
vn -1 0 0
v -0.05 1.07975158691406 0.082
vn -1 0 0
v 0.112 1.1214365234375 0.082
vn 1 0 0
v 0.112 1.12820874023438 0.0887721939086914
vn 1 0 0
v 0.112 1.13043151855469 0.09
vn 1 0 0
v 0.112 1.098 0.09
vn 1 0 0
v 0.112 1.098 0.082
vn 1 0 0
v 0.15 1.037 0.082
vn 0 -1 0
v 0.15 1.037 0.09
vn 0 -1 0
v 0.136154449462891 1.03961218261719 0.09
vn -0.364356458187103 -0.931259572505951 0
v 0.12421240234375 1.04708947753906 0.09
vn -0.678620874881744 -0.734488725662231 0
v 0.115815658569336 1.05840393066406 0.09
vn -0.89958792924881 -0.43673974275589 0
v 0.112118606567383 1.072 0.09
vn -0.996878802776337 -0.0789473652839661 0
v 0.112118606567383 1.072 0.082
vn -0.996878802776337 -0.0789473652839661 0
v 0.115815658569336 1.05840393066406 0.082
vn -0.89958792924881 -0.43673974275589 0
v 0.12421240234375 1.04708947753906 0.082
vn -0.678620874881744 -0.734488725662231 0
v 0.136154449462891 1.03961218261719 0.082
vn -0.364356458187103 -0.931259572505951 0
v 0.119751029968262 1.098 0.082
vn 0 1 0
v 0.112 1.098 0.082
vn 0 1 0
v 0.112 1.098 0.09
vn 0 1 0
v 0.119751029968262 1.098 0.09
vn 0 1 0
v 0.126 1.12820874023438 0.0887721939086914
vn 0 -0.70710676908493 0.70710676908493
v 0.112 1.12820874023438 0.0887721939086914
vn 0 -0.70710676908493 0.70710676908493
v 0.112 1.1214365234375 0.082
vn 0 -0.70710676908493 0.70710676908493
v 0.126 1.1214365234375 0.082
vn 0 -0.70710676908493 0.70710676908493
v 0.00407704210281372 1.098 0.082
vn -0.139173105359077 0 0.990268051624298
v 0.00407704210281372 1.072 0.082
vn -0.139173105359077 0 0.990268051624298
v 0.061 1.072 0.09
vn -0.139173105359077 0 0.990268051624298
v 0.061 1.098 0.09
vn -0.139173105359077 0 0.990268051624298
v 0.15 1.113 0.09
vn 0 1 0
v 0.166487579345703 1.10923681640625 0.09
vn 0.433883726596832 0.900968849658966 0
v 0.179709594726563 1.09869262695312 0.09
vn 0.781831502914429 0.623489797115326 0
v 0.187047256469727 1.08345581054688 0.09
vn 0.97492790222168 0.222520932555199 0
v 0.187047256469727 1.06654418945313 0.09
vn 0.97492790222168 -0.222520932555199 0
v 0.179709594726563 1.05130737304687 0.09
vn 0.781831502914429 -0.623489797115326 0
v 0.166487579345703 1.04076318359375 0.09
vn 0.433883726596832 -0.900968849658966 0
v 0.15 1.037 0.09
vn 0 -1 0
v 0.15 1.037 0.082
vn 0 -1 0
v 0.166487579345703 1.04076318359375 0.082
vn 0.433883726596832 -0.900968849658966 0
v 0.179709594726563 1.05130737304687 0.082
vn 0.781831502914429 -0.623489797115326 0
v 0.187047256469727 1.06654418945313 0.082
vn 0.97492790222168 -0.222520932555199 0
v 0.187047256469727 1.08345581054688 0.082
vn 0.97492790222168 0.222520932555199 0
v 0.179709594726563 1.09869262695312 0.082
vn 0.781831502914429 0.623489797115326 0
v 0.166487579345703 1.10923681640625 0.082
vn 0.433883726596832 0.900968849658966 0
v 0.15 1.113 0.082
vn 0 1 0
v 0.00407704210281372 1.072 0.082
vn 0 -1 0
v 0.112118606567383 1.072 0.082
vn 0 -1 0
v 0.112118606567383 1.072 0.09
vn 0 -1 0
v 0.061 1.072 0.09
vn 0 -1 0
v 0.119751029968262 1.098 0.09
vn -0.796025454998016 0.60526317358017 0
v 0.128112838745117 1.10606372070312 0.09
vn -0.575977921485901 0.817465245723724 0
v 0.13852001953125 1.11122448730469 0.09
vn -0.302104920148849 0.953274667263031 0
v 0.15 1.113 0.09
vn 0 1 0
v 0.15 1.113 0.082
vn 0 1 0
v 0.13852001953125 1.11122448730469 0.082
vn -0.302104920148849 0.953274667263031 0
v 0.128112838745117 1.10606372070312 0.082
vn -0.575977921485901 0.817465245723724 0
v 0.119751029968262 1.098 0.082
vn -0.796025454998016 0.60526317358017 0
v 0.126 1.1214365234375 0.082
vn 1 0 0
v 0.126 1.163 0.082
vn 1 0 0
v 0.126 1.163 0.105306007385254
vn 1 0 0
v 0.126 1.15356396484375 0.102777626037598
vn 1 0 0
v 0.126 1.12820874023438 0.0887721939086914
vn 1 0 0
v 0.126 1.163 0.152
vn -1 0 0
v 0.126 1.201 0.152
vn -1 0 0
v 0.126 1.18154309082031 0.110274627685547
vn -1 0 0
v 0.126 1.163 0.105306007385254
vn -1 0 0
v 0.145 1.07420812988281 0.09
vn -0.95105654001236 -0.30901700258255 0
v 0.145489440917969 1.07270178222656 0.09
vn -0.95105654001236 -0.30901700258255 0
v 0.145489440917969 1.07270178222656 0.124
vn -0.95105654001236 -0.30901700258255 0
v 0.145 1.07420812988281 0.124
vn -0.95105654001236 -0.30901700258255 0
v 0.146420394897461 1.07142041015625 0.09
vn -0.587785243988037 -0.80901700258255 0
v 0.147701751708984 1.07048937988281 0.09
vn -0.587785243988037 -0.80901700258255 0
v 0.147701751708984 1.07048937988281 0.124
vn -0.587785243988037 -0.80901700258255 0
v 0.146420394897461 1.07142041015625 0.124
vn -0.587785243988037 -0.80901700258255 0
v 0.149208084106445 1.07 0.09
vn 4.38104515501896E-14 -1 0
v 0.150791915893555 1.07 0.09
vn 4.38104515501896E-14 -1 0
v 0.150791915893555 1.07 0.124
vn 4.38104515501896E-14 -1 0
v 0.149208084106445 1.07 0.124
vn 4.38104515501896E-14 -1 0
v 0.149208084106445 1.08 0.09
vn -0.30901700258255 0.95105654001236 0
v 0.147701751708984 1.07951062011719 0.09
vn -0.30901700258255 0.95105654001236 0
v 0.147701751708984 1.07951062011719 0.124
vn -0.30901700258255 0.95105654001236 0
v 0.149208084106445 1.08 0.124
vn -0.30901700258255 0.95105654001236 0
v 0.146420394897461 1.07857958984375 0.09
vn -0.80901700258255 0.587785243988037 0
v 0.145489440917969 1.07729821777344 0.09
vn -0.80901700258255 0.587785243988037 0
v 0.145489440917969 1.07729821777344 0.124
vn -0.80901700258255 0.587785243988037 0
v 0.146420394897461 1.07857958984375 0.124
vn -0.80901700258255 0.587785243988037 0
v 0.145 1.07579187011719 0.09
vn -1 -1.42383968385149E-14 0
v 0.145 1.07420812988281 0.09
vn -1 -1.42383968385149E-14 0
v 0.145 1.07420812988281 0.124
vn -1 -1.42383968385149E-14 0
v 0.145 1.07579187011719 0.124
vn -1 -1.42383968385149E-14 0
v 0.145489440917969 1.07270178222656 0.09
vn -0.80901700258255 -0.587785243988037 0
v 0.146420394897461 1.07142041015625 0.09
vn -0.80901700258255 -0.587785243988037 0
v 0.146420394897461 1.07142041015625 0.124
vn -0.80901700258255 -0.587785243988037 0
v 0.145489440917969 1.07270178222656 0.124
vn -0.80901700258255 -0.587785243988037 0
v 0.147701751708984 1.07048937988281 0.09
vn -0.30901700258255 -0.95105654001236 0
v 0.149208084106445 1.07 0.09
vn -0.30901700258255 -0.95105654001236 0
v 0.149208084106445 1.07 0.124
vn -0.30901700258255 -0.95105654001236 0
v 0.147701751708984 1.07048937988281 0.124
vn -0.30901700258255 -0.95105654001236 0
v 0.155 1.07579187011719 0.09
vn 0.95105654001236 0.30901700258255 0
v 0.154510559082031 1.07729821777344 0.09
vn 0.95105654001236 0.30901700258255 0
v 0.154510559082031 1.07729821777344 0.124
vn 0.95105654001236 0.30901700258255 0
v 0.155 1.07579187011719 0.124
vn 0.95105654001236 0.30901700258255 0
v 0.153579605102539 1.07857958984375 0.09
vn 0.587785243988037 0.80901700258255 0
v 0.152298248291016 1.07951062011719 0.09
vn 0.587785243988037 0.80901700258255 0
v 0.152298248291016 1.07951062011719 0.124
vn 0.587785243988037 0.80901700258255 0
v 0.153579605102539 1.07857958984375 0.124
vn 0.587785243988037 0.80901700258255 0
v 0.150791915893555 1.08 0.09
vn 0 1 0
v 0.149208084106445 1.08 0.09
vn 0 1 0
v 0.149208084106445 1.08 0.124
vn 0 1 0
v 0.150791915893555 1.08 0.124
vn 0 1 0
v 0.147701751708984 1.07951062011719 0.09
vn -0.587785243988037 0.80901700258255 0
v 0.146420394897461 1.07857958984375 0.09
vn -0.587785243988037 0.80901700258255 0
v 0.146420394897461 1.07857958984375 0.124
vn -0.587785243988037 0.80901700258255 0
v 0.147701751708984 1.07951062011719 0.124
vn -0.587785243988037 0.80901700258255 0
v 0.145489440917969 1.07729821777344 0.09
vn -0.95105654001236 0.30901700258255 0
v 0.145 1.07579187011719 0.09
vn -0.95105654001236 0.30901700258255 0
v 0.145 1.07579187011719 0.124
vn -0.95105654001236 0.30901700258255 0
v 0.145489440917969 1.07729821777344 0.124
vn -0.95105654001236 0.30901700258255 0
v 0.153579605102539 1.07142041015625 0.09
vn 0.80901700258255 -0.587785243988037 0
v 0.154510559082031 1.07270178222656 0.09
vn 0.80901700258255 -0.587785243988037 0
v 0.154510559082031 1.07270178222656 0.124
vn 0.80901700258255 -0.587785243988037 0
v 0.153579605102539 1.07142041015625 0.124
vn 0.80901700258255 -0.587785243988037 0
v 0.155 1.07420812988281 0.09
vn 1 -5.4763064437737E-15 0
v 0.155 1.07579187011719 0.09
vn 1 -5.4763064437737E-15 0
v 0.155 1.07579187011719 0.124
vn 1 -5.4763064437737E-15 0
v 0.155 1.07420812988281 0.124
vn 1 -5.4763064437737E-15 0
v 0.154510559082031 1.07729821777344 0.09
vn 0.80901700258255 0.587785243988037 0
v 0.153579605102539 1.07857958984375 0.09
vn 0.80901700258255 0.587785243988037 0
v 0.153579605102539 1.07857958984375 0.124
vn 0.80901700258255 0.587785243988037 0
v 0.154510559082031 1.07729821777344 0.124
vn 0.80901700258255 0.587785243988037 0
v 0.152298248291016 1.07951062011719 0.09
vn 0.30901700258255 0.95105654001236 0
v 0.150791915893555 1.08 0.09
vn 0.30901700258255 0.95105654001236 0
v 0.150791915893555 1.08 0.124
vn 0.30901700258255 0.95105654001236 0
v 0.152298248291016 1.07951062011719 0.124
vn 0.30901700258255 0.95105654001236 0
v 0.154510559082031 1.07270178222656 0.09
vn 0.95105654001236 -0.30901700258255 0
v 0.155 1.07420812988281 0.09
vn 0.95105654001236 -0.30901700258255 0
v 0.155 1.07420812988281 0.124
vn 0.95105654001236 -0.30901700258255 0
v 0.154510559082031 1.07270178222656 0.124
vn 0.95105654001236 -0.30901700258255 0
v 0.150791915893555 1.07 0.09
vn 0.30901700258255 -0.95105654001236 0
v 0.152298248291016 1.07048937988281 0.09
vn 0.30901700258255 -0.95105654001236 0
v 0.152298248291016 1.07048937988281 0.124
vn 0.30901700258255 -0.95105654001236 0
v 0.150791915893555 1.07 0.124
vn 0.30901700258255 -0.95105654001236 0
v 0.152298248291016 1.07048937988281 0.09
vn 0.587785243988037 -0.80901700258255 0
v 0.153579605102539 1.07142041015625 0.09
vn 0.587785243988037 -0.80901700258255 0
v 0.153579605102539 1.07142041015625 0.124
vn 0.587785243988037 -0.80901700258255 0
v 0.152298248291016 1.07048937988281 0.124
vn 0.587785243988037 -0.80901700258255 0
v 0.326 1.1155 0.15
vn 0 -0.70710676908493 0.70710676908493
v 0.326 1.1085 0.143
vn 0 -0.70710676908493 0.70710676908493
v 0.36 1.1085 0.143
vn 0 -0.70710676908493 0.70710676908493
v 0.36 1.1155 0.15
vn 0 -0.70710676908493 0.70710676908493
v 0.36 1.2335 0.076
vn 1 0 0
v 0.36 1.2405 0.083
vn 1 0 0
v 0.36 1.2405 0.143
vn 1 0 0
v 0.36 1.2335 0.15
vn 1 0 0
v 0.36 1.1155 0.15
vn 1 0 0
v 0.36 1.1085 0.143
vn 1 0 0
v 0.36 1.1085 0.083
vn 1 0 0
v 0.36 1.1155 0.076
vn 1 0 0
v 0.326 1.2405 0.143
vn 0 0.70710676908493 0.70710676908493
v 0.326 1.2335 0.15
vn 0 0.70710676908493 0.70710676908493
v 0.36 1.2335 0.15
vn 0 0.70710676908493 0.70710676908493
v 0.36 1.2405 0.143
vn 0 0.70710676908493 0.70710676908493
v 0.326 1.2335 0.076
vn -1 0 0
v 0.326 1.23 0.076
vn -1 0 0
v 0.326 1.237 0.083
vn -1 0 0
v 0.326 1.237 0.143
vn -1 0 0
v 0.326 1.23 0.15
vn -1 0 0
v 0.326 1.2335 0.15
vn -1 0 0
v 0.326 1.2405 0.143
vn -1 0 0
v 0.326 1.2405 0.083
vn -1 0 0
v 0.326 1.1155 0.15
vn -1 0 0
v 0.326 1.17 0.15
vn -1 0 0
v 0.326 1.163 0.143
vn -1 0 0
v 0.326 1.163 0.083
vn -1 0 0
v 0.326 1.17 0.076
vn -1 0 0
v 0.326 1.1155 0.076
vn -1 0 0
v 0.326 1.1085 0.083
vn -1 0 0
v 0.326 1.1085 0.143
vn -1 0 0
v 0.326 1.2335 0.076
vn 0 0.70710676908493 -0.70710676908493
v 0.326 1.2405 0.083
vn 0 0.70710676908493 -0.70710676908493
v 0.36 1.2405 0.083
vn 0 0.70710676908493 -0.70710676908493
v 0.36 1.2335 0.076
vn 0 0.70710676908493 -0.70710676908493
v 0.326 1.1085 0.083
vn 0 -0.70710676908493 -0.70710676908493
v 0.326 1.1155 0.076
vn 0 -0.70710676908493 -0.70710676908493
v 0.36 1.1155 0.076
vn 0 -0.70710676908493 -0.70710676908493
v 0.36 1.1085 0.083
vn 0 -0.70710676908493 -0.70710676908493
v 0.150791915893555 1.07 0.124
vn 0 0 1
v 0.152298248291016 1.07048937988281 0.124
vn 0 0 1
v 0.153579605102539 1.07142041015625 0.124
vn 0 0 1
v 0.154510559082031 1.07270178222656 0.124
vn 0 0 1
v 0.155 1.07420812988281 0.124
vn 0 0 1
v 0.155 1.07579187011719 0.124
vn 0 0 1
v 0.154510559082031 1.07729821777344 0.124
vn 0 0 1
v 0.153579605102539 1.07857958984375 0.124
vn 0 0 1
v 0.152298248291016 1.07951062011719 0.124
vn 0 0 1
v 0.150791915893555 1.08 0.124
vn 0 0 1
v 0.149208084106445 1.08 0.124
vn 0 0 1
v 0.147701751708984 1.07951062011719 0.124
vn 0 0 1
v 0.146420394897461 1.07857958984375 0.124
vn 0 0 1
v 0.145489440917969 1.07729821777344 0.124
vn 0 0 1
v 0.145 1.07579187011719 0.124
vn 0 0 1
v 0.145 1.07420812988281 0.124
vn 0 0 1
v 0.145489440917969 1.07270178222656 0.124
vn 0 0 1
v 0.146420394897461 1.07142041015625 0.124
vn 0 0 1
v 0.147701751708984 1.07048937988281 0.124
vn 0 0 1
v 0.149208084106445 1.07 0.124
vn 0 0 1
v 0.326 1.1085 0.143
vn 0 -1 0
v 0.326 1.1085 0.083
vn 0 -1 0
v 0.36 1.1085 0.083
vn 0 -1 0
v 0.36 1.1085 0.143
vn 0 -1 0
v 0.326 1.2405 0.083
vn 0 1 0
v 0.326 1.2405 0.143
vn 0 1 0
v 0.36 1.2405 0.143
vn 0 1 0
v 0.36 1.2405 0.083
vn 0 1 0
usemtl Mat0
f 3//3 4//4 2//2
f 2//2 4//4 5//5
f 1//1 5//5 6//6
f 12//12 6//6 7//7
f 11//11 7//7 8//8
f 10//10 8//8 9//9
f 10//10 11//11 8//8
f 11//11 12//12 7//7
f 12//12 1//1 6//6
f 5//5 1//1 2//2
f 13//13 14//14 16//16
f 16//16 14//14 15//15
f 17//17 18//18 20//20
f 20//20 18//18 19//19
f 21//21 22//22 24//24
f 24//24 22//22 23//23
f 25//25 26//26 28//28
f 28//28 26//26 27//27
f 29//29 30//30 32//32
f 32//32 30//30 31//31
f 33//33 34//34 36//36
f 36//36 34//34 35//35
f 37//37 38//38 40//40
f 40//40 38//38 39//39
f 41//41 42//42 44//44
f 44//44 42//42 43//43
f 45//45 46//46 48//48
f 48//48 46//46 47//47
f 49//49 50//50 52//52
f 52//52 50//50 51//51
f 53//53 54//54 56//56
f 56//56 54//54 55//55
f 57//57 58//58 60//60
f 60//60 58//58 59//59
f 72//72 61//61 75//75
f 76//76 72//72 75//75
f 76//76 71//71 72//72
f 76//76 70//70 71//71
f 76//76 69//69 70//70
f 76//76 73//73 69//69
f 69//69 73//73 68//68
f 68//68 73//73 67//67
f 67//67 73//73 66//66
f 66//66 73//73 74//74
f 65//65 74//74 64//64
f 65//65 66//66 74//74
f 63//63 74//74 62//62
f 63//63 64//64 74//74
f 74//74 75//75 62//62
f 62//62 75//75 61//61
f 77//77 78//78 80//80
f 80//80 78//78 79//79
f 82//82 83//83 81//81
f 81//81 83//83 84//84
f 88//88 84//84 86//86
f 87//87 88//88 86//86
f 84//84 85//85 86//86
f 88//88 81//81 84//84
f 89//89 90//90 96//96
f 96//96 90//90 91//91
f 95//95 91//91 93//93
f 94//94 95//95 93//93
f 91//91 92//92 93//93
f 95//95 96//96 91//91
f 98//98 99//99 97//97
f 97//97 99//99 100//100
f 101//101 102//102 110//110
f 110//110 102//102 109//109
f 109//109 102//102 103//103
f 108//108 103//103 104//104
f 105//105 108//108 104//104
f 105//105 107//107 108//108
f 105//105 106//106 107//107
f 108//108 109//109 103//103
f 111//111 112//112 114//114
f 114//114 112//112 113//113
f 117//117 118//118 116//116
f 116//116 118//118 119//119
f 115//115 119//119 120//120
f 122//122 120//120 121//121
f 122//122 115//115 120//120
f 122//122 123//123 115//115
f 115//115 123//123 124//124
f 116//116 119//119 115//115
f 126//126 127//127 125//125
f 125//125 127//127 128//128
f 130//130 131//131 129//129
f 129//129 131//131 132//132
f 134//134 135//135 133//133
f 133//133 135//135 136//136
f 137//137 138//138 140//140
f 140//140 138//138 139//139
f 142//142 143//143 141//141
f 141//141 143//143 144//144
f 146//146 148//148 145//145
f 146//146 147//147 148//148
f 148//148 149//149 145//145
f 145//145 149//149 152//152
f 153//153 145//145 152//152
f 153//153 155//155 145//145
f 153//153 154//154 155//155
f 149//149 150//150 152//152
f 152//152 150//150 151//151
f 156//156 157//157 192//192
f 192//192 157//157 158//158
f 191//191 158//158 190//190
f 191//191 192//192 158//158
f 190//190 158//158 189//189
f 189//189 158//158 159//159
f 188//188 159//159 187//187
f 188//188 189//189 159//159
f 159//159 160//160 187//187
f 187//187 160//160 186//186
f 186//186 160//160 185//185
f 185//185 160//160 161//161
f 184//184 161//161 162//162
f 183//183 162//162 182//182
f 183//183 184//184 162//162
f 182//182 162//162 181//181
f 181//181 162//162 163//163
f 180//180 163//163 179//179
f 180//180 181//181 163//163
f 179//179 163//163 178//178
f 178//178 163//163 164//164
f 165//165 178//178 164//164
f 165//165 166//166 178//178
f 178//178 166//166 167//167
f 168//168 178//178 167//167
f 168//168 169//169 178//178
f 178//178 169//169 170//170
f 171//171 178//178 170//170
f 171//171 172//172 178//178
f 178//178 172//172 173//173
f 174//174 178//178 173//173
f 174//174 175//175 178//178
f 178//178 175//175 176//176
f 177//177 178//178 176//176
f 184//184 185//185 161//161
f 194//194 195//195 193//193
f 193//193 195//195 196//196
f 200//200 196//196 198//198
f 199//199 200//200 198//198
f 196//196 197//197 198//198
f 200//200 193//193 196//196
f 202//202 203//203 201//201
f 201//201 203//203 207//207
f 208//208 201//201 207//207
f 203//203 204//204 207//207
f 207//207 204//204 205//205
f 206//206 207//207 205//205
f 210//210 212//212 209//209
f 210//210 211//211 212//212
f 212//212 213//213 209//209
f 209//209 213//213 232//232
f 232//232 213//213 214//214
f 230//230 214//214 215//215
f 229//229 215//215 216//216
f 228//228 216//216 217//217
f 227//227 217//217 218//218
f 226//226 218//218 219//219
f 225//225 219//219 224//224
f 225//225 226//226 219//219
f 219//219 220//220 224//224
f 224//224 220//220 221//221
f 222//222 224//224 221//221
f 222//222 223//223 224//224
f 226//226 227//227 218//218
f 227//227 228//228 217//217
f 228//228 229//229 216//216
f 229//229 230//230 215//215
f 231//231 232//232 230//230
f 230//230 232//232 214//214
f 272//272 233//233 254//254
f 255//255 272//272 254//254
f 255//255 271//271 272//272
f 255//255 256//256 271//271
f 271//271 256//256 270//270
f 270//270 256//256 257//257
f 269//269 257//257 258//258
f 259//259 269//269 258//258
f 259//259 268//268 269//269
f 259//259 260//260 268//268
f 268//268 260//260 267//267
f 267//267 260//260 261//261
f 266//266 261//261 262//262
f 265//265 262//262 263//263
f 264//264 265//265 263//263
f 248//248 249//249 238//238
f 239//239 248//248 238//238
f 239//239 247//247 248//248
f 239//239 240//240 247//247
f 247//247 240//240 246//246
f 246//246 240//240 241//241
f 245//245 241//241 242//242
f 244//244 242//242 243//243
f 244//244 245//245 242//242
f 238//238 250//250 237//237
f 238//238 249//249 250//250
f 237//237 251//251 236//236
f 237//237 250//250 251//251
f 245//245 246//246 241//241
f 251//251 252//252 236//236
f 236//236 252//252 235//235
f 235//235 252//252 253//253
f 234//234 253//253 254//254
f 233//233 234//234 254//254
f 265//265 266//266 262//262
f 266//266 267//267 261//261
f 269//269 270//270 257//257
f 253//253 234//234 235//235
f 273//273 274//274 276//276
f 276//276 274//274 275//275
f 278//278 279//279 277//277
f 277//277 279//279 282//282
f 282//282 279//279 281//281
f 281//281 279//279 280//280
f 283//283 284//284 286//286
f 286//286 284//284 285//285
f 287//287 288//288 290//290
f 290//290 288//288 289//289
f 292//292 293//293 291//291
f 291//291 293//293 294//294
f 295//295 296//296 298//298
f 298//298 296//296 297//297
f 300//300 302//302 299//299
f 300//300 301//301 302//302
f 299//299 302//302 305//305
f 306//306 299//299 305//305
f 304//304 305//305 303//303
f 303//303 305//305 302//302
f 326//326 307//307 344//344
f 345//345 326//326 344//344
f 345//345 325//325 326//326
f 345//345 324//324 325//325
f 345//345 331//331 324//324
f 345//345 346//346 331//331
f 331//331 346//346 329//329
f 330//330 331//331 329//329
f 307//307 308//308 344//344
f 344//344 308//308 309//309
f 310//310 344//344 309//309
f 310//310 343//343 344//344
f 310//310 311//311 343//343
f 343//343 311//311 342//342
f 342//342 311//311 312//312
f 341//341 312//312 313//313
f 340//340 313//313 314//314
f 339//339 314//314 338//338
f 339//339 340//340 314//314
f 314//314 315//315 338//338
f 338//338 315//315 337//337
f 337//337 315//315 316//316
f 336//336 316//316 317//317
f 335//335 317//317 318//318
f 319//319 335//335 318//318
f 319//319 334//334 335//335
f 319//319 320//320 334//334
f 334//334 320//320 333//333
f 333//333 320//320 332//332
f 332//332 320//320 321//321
f 322//322 332//332 321//321
f 322//322 323//323 332//332
f 332//332 323//323 324//324
f 331//331 332//332 324//324
f 328//328 329//329 327//327
f 327//327 329//329 348//348
f 348//348 329//329 347//347
f 347//347 329//329 346//346
f 335//335 336//336 317//317
f 336//336 337//337 316//316
f 340//340 341//341 313//313
f 341//341 342//342 312//312
f 349//349 350//350 352//352
f 352//352 350//350 351//351
f 353//353 354//354 356//356
f 356//356 354//354 355//355
f 358//358 359//359 357//357
f 357//357 359//359 360//360
f 361//361 362//362 364//364
f 364//364 362//362 363//363
f 365//365 366//366 368//368
f 368//368 366//366 367//367
f 369//369 370//370 372//372
f 372//372 370//370 371//371
f 373//373 374//374 376//376
f 376//376 374//374 375//375
f 377//377 378//378 380//380
f 380//380 378//378 379//379
f 381//381 382//382 384//384
f 384//384 382//382 383//383
f 385//385 386//386 400//400
f 400//400 386//386 399//399
f 399//399 386//386 387//387
f 398//398 387//387 388//388
f 397//397 388//388 389//389
f 396//396 389//389 390//390
f 395//395 390//390 391//391
f 394//394 391//391 392//392
f 393//393 394//394 392//392
f 394//394 395//395 391//391
f 395//395 396//396 390//390
f 396//396 397//397 389//389
f 397//397 398//398 388//388
f 398//398 399//399 387//387
f 401//401 402//402 404//404
f 404//404 402//402 403//403
f 405//405 406//406 408//408
f 408//408 406//406 407//407
f 409//409 410//410 412//412
f 412//412 410//410 411//411
f 413//413 414//414 416//416
f 416//416 414//414 415//415
f 417//417 418//418 424//424
f 424//424 418//418 419//419
f 423//423 419//419 420//420
f 422//422 420//420 421//421
f 422//422 423//423 420//420
f 423//423 424//424 419//419
f 426//426 427//427 425//425
f 425//425 427//427 428//428
f 429//429 430//430 432//432
f 432//432 430//430 431//431
f 433//433 434//434 442//442
f 442//442 434//434 441//441
f 441//441 434//434 435//435
f 440//440 435//435 436//436
f 439//439 436//436 437//437
f 438//438 439//439 437//437
f 439//439 440//440 436//436
f 440//440 441//441 435//435
f 443//443 444//444 446//446
f 446//446 444//444 445//445
f 448//448 450//450 447//447
f 448//448 449//449 450//450
f 450//450 451//451 447//447
f 447//447 451//451 452//452
f 453//453 454//454 456//456
f 456//456 454//454 455//455
f 457//457 458//458 460//460
f 460//460 458//458 459//459
f 461//461 462//462 464//464
f 464//464 462//462 463//463
f 465//465 466//466 468//468
f 468//468 466//466 467//467
f 480//480 469//469 483//483
f 484//484 480//480 483//483
f 484//484 479//479 480//480
f 484//484 478//478 479//479
f 484//484 477//477 478//478
f 484//484 481//481 477//477
f 477//477 481//481 476//476
f 476//476 481//481 475//475
f 475//475 481//481 474//474
f 474//474 481//481 482//482
f 473//473 482//482 472//472
f 473//473 474//474 482//482
f 471//471 482//482 470//470
f 471//471 472//472 482//482
f 482//482 483//483 470//470
f 470//470 483//483 469//469
f 486//486 487//487 485//485
f 485//485 487//487 488//488
f 490//490 488//488 489//489
f 490//490 485//485 488//488
f 491//491 492//492 496//496
f 496//496 492//492 495//495
f 495//495 492//492 494//494
f 494//494 492//492 493//493
f 497//497 498//498 500//500
f 500//500 498//498 499//499
f 501//501 502//502 504//504
f 504//504 502//502 503//503
f 505//505 506//506 508//508
f 508//508 506//506 507//507
f 514//514 509//509 512//512
f 513//513 514//514 512//512
f 511//511 512//512 510//510
f 510//510 512//512 509//509
f 515//515 516//516 518//518
f 518//518 516//516 517//517
f 519//519 520//520 524//524
f 524//524 520//520 521//521
f 522//522 524//524 521//521
f 522//522 523//523 524//524
f 525//525 526//526 528//528
f 528//528 526//526 527//527
f 529//529 530//530 532//532
f 532//532 530//530 531//531
f 538//538 533//533 537//537
f 537//537 533//533 534//534
f 535//535 537//537 534//534
f 535//535 536//536 537//537
f 539//539 540//540 542//542
f 542//542 540//540 541//541
f 544//544 575//575 543//543
f 544//544 545//545 575//575
f 575//575 545//545 574//574
f 574//574 545//545 546//546
f 573//573 546//546 547//547
f 548//548 573//573 547//547
f 548//548 572//572 573//573
f 548//548 549//549 572//572
f 572//572 549//549 571//571
f 571//571 549//549 550//550
f 570//570 550//550 551//551
f 552//552 570//570 551//551
f 552//552 569//569 570//570
f 552//552 553//553 569//569
f 569//569 553//553 568//568
f 568//568 553//553 554//554
f 567//567 554//554 555//555
f 566//566 555//555 556//556
f 557//557 566//566 556//556
f 557//557 580//580 566//566
f 557//557 558//558 580//580
f 580//580 558//558 579//579
f 579//579 558//558 559//559
f 560//560 579//579 559//559
f 560//560 578//578 579//579
f 560//560 561//561 578//578
f 578//578 561//561 577//577
f 577//577 561//561 562//562
f 576//576 562//562 543//543
f 575//575 576//576 543//543
f 564//564 565//565 563//563
f 563//563 565//565 583//583
f 583//583 565//565 580//580
f 581//581 583//583 580//580
f 581//581 582//582 583//583
f 565//565 566//566 580//580
f 566//566 567//567 555//555
f 567//567 568//568 554//554
f 570//570 571//571 550//550
f 573//573 574//574 546//546
f 576//576 577//577 562//562
f 584//584 585//585 587//587
f 587//587 585//585 586//586
f 588//588 589//589 591//591
f 591//591 589//589 590//590
f 592//592 593//593 595//595
f 595//595 593//593 594//594
f 596//596 597//597 599//599
f 599//599 597//597 598//598
f 600//600 601//601 603//603
f 603//603 601//601 602//602
f 604//604 605//605 607//607
f 607//607 605//605 606//606
f 608//608 609//609 611//611
f 611//611 609//609 610//610
f 613//613 614//614 612//612
f 612//612 614//614 615//615
f 616//616 617//617 619//619
f 619//619 617//617 618//618
f 620//620 621//621 623//623
f 623//623 621//621 622//622
f 624//624 625//625 627//627
f 627//627 625//625 626//626
f 628//628 629//629 631//631
f 631//631 629//629 630//630
f 632//632 633//633 635//635
f 635//635 633//633 634//634
f 636//636 637//637 641//641
f 641//641 637//637 640//640
f 640//640 637//637 639//639
f 639//639 637//637 638//638
f 642//642 643//643 645//645
f 645//645 643//643 644//644
f 646//646 647//647 649//649
f 649//649 647//647 648//648
f 650//650 651//651 653//653
f 653//653 651//651 652//652
f 655//655 656//656 654//654
f 654//654 656//656 657//657
f 658//658 659//659 661//661
f 661//661 659//659 660//660
f 662//662 663//663 665//665
f 665//665 663//663 664//664
f 666//666 667//667 669//669
f 669//669 667//667 668//668
f 670//670 671//671 673//673
f 673//673 671//671 672//672
f 679//679 674//674 677//677
f 678//678 679//679 677//677
f 676//676 677//677 675//675
f 675//675 677//677 674//674
f 680//680 681//681 683//683
f 683//683 681//681 682//682
f 685//685 686//686 684//684
f 684//684 686//686 687//687
f 688//688 689//689 691//691
f 691//691 689//689 690//690
f 692//692 693//693 695//695
f 695//695 693//693 694//694
f 696//696 697//697 699//699
f 699//699 697//697 698//698
f 700//700 701//701 703//703
f 703//703 701//701 702//702
f 704//704 705//705 707//707
f 707//707 705//705 706//706
f 708//708 709//709 711//711
f 711//711 709//709 710//710
f 712//712 713//713 715//715
f 715//715 713//713 714//714
f 717//717 718//718 716//716
f 716//716 718//718 719//719
f 724//724 725//725 721//721
f 723//723 721//721 722//722
f 723//723 724//724 721//721
f 725//725 726//726 721//721
f 721//721 726//726 720//720
f 720//720 726//726 727//727
f 728//728 720//720 727//727
f 728//728 729//729 720//720
f 730//730 731//731 740//740
f 740//740 731//731 732//732
f 739//739 732//732 736//736
f 738//738 736//736 737//737
f 738//738 739//739 736//736
f 736//736 732//732 735//735
f 735//735 732//732 733//733
f 734//734 735//735 733//733
f 739//739 740//740 732//732
f 742//742 743//743 741//741
f 741//741 743//743 744//744
f 746//746 747//747 745//745
f 745//745 747//747 748//748
f 750//750 751//751 749//749
f 749//749 751//751 752//752
f 754//754 755//755 753//753
f 753//753 755//755 756//756
f 758//758 759//759 757//757
f 757//757 759//759 760//760
f 762//762 763//763 761//761
f 761//761 763//763 764//764
f 766//766 767//767 765//765
f 765//765 767//767 768//768
f 770//770 771//771 769//769
f 769//769 771//771 772//772
f 774//774 775//775 773//773
f 773//773 775//775 776//776
f 778//778 779//779 777//777
f 777//777 779//779 780//780
f 782//782 783//783 781//781
f 781//781 783//783 784//784
f 786//786 787//787 785//785
f 785//785 787//787 788//788
f 818//818 789//789 817//817
f 817//817 789//789 790//790
f 798//798 790//790 791//791
f 792//792 798//798 791//791
f 792//792 797//797 798//798
f 792//792 796//796 797//797
f 792//792 795//795 796//796
f 792//792 794//794 795//795
f 792//792 793//793 794//794
f 799//799 800//800 798//798
f 798//798 800//800 801//801
f 802//802 798//798 801//801
f 802//802 803//803 798//798
f 798//798 803//803 804//804
f 809//809 804//804 805//805
f 806//806 809//809 805//805
f 806//806 807//807 809//809
f 809//809 807//807 808//808
f 810//810 812//812 809//809
f 810//810 811//811 812//812
f 813//813 814//814 812//812
f 812//812 814//814 817//817
f 809//809 817//817 798//798
f 804//804 809//809 798//798
f 814//814 815//815 817//817
f 817//817 815//815 816//816
f 817//817 790//790 798//798
f 812//812 817//817 809//809
f 820//820 821//821 819//819
f 819//819 821//821 822//822
f 824//824 825//825 823//823
f 823//823 825//825 826//826
f 828//828 829//829 827//827
f 827//827 829//829 830//830
f 832//832 833//833 831//831
f 831//831 833//833 834//834
f 835//835 836//836 838//838
f 838//838 836//836 837//837
f 840//840 841//841 839//839
f 839//839 841//841 842//842
f 844//844 845//845 843//843
f 843//843 845//845 846//846
f 848//848 849//849 847//847
f 847//847 849//849 850//850
f 852//852 853//853 851//851
f 851//851 853//853 854//854
f 856//856 857//857 855//855
f 855//855 857//857 858//858
f 859//859 860//860 862//862
f 862//862 860//860 861//861
f 863//863 864//864 866//866
f 866//866 864//864 865//865
f 867//867 868//868 870//870
f 870//870 868//868 869//869
f 871//871 872//872 874//874
f 874//874 872//872 873//873
f 875//875 876//876 878//878
f 878//878 876//876 877//877
f 879//879 880//880 882//882
f 882//882 880//880 881//881
f 883//883 884//884 886//886
f 886//886 884//884 885//885
f 887//887 888//888 890//890
f 890//890 888//888 889//889
f 891//891 892//892 894//894
f 894//894 892//892 893//893
f 895//895 896//896 898//898
f 898//898 896//896 897//897
f 899//899 900//900 902//902
f 902//902 900//900 901//901
f 903//903 904//904 906//906
f 906//906 904//904 905//905
f 907//907 908//908 910//910
f 910//910 908//908 909//909
f 930//930 911//911 929//929
f 929//929 911//911 912//912
f 928//928 912//912 913//913
f 927//927 913//913 914//914
f 926//926 914//914 915//915
f 925//925 915//915 916//916
f 924//924 916//916 917//917
f 923//923 917//917 918//918
f 922//922 918//918 919//919
f 921//921 919//919 920//920
f 921//921 922//922 919//919
f 922//922 923//923 918//918
f 923//923 924//924 917//917
f 924//924 925//925 916//916
f 925//925 926//926 915//915
f 926//926 927//927 914//914
f 927//927 928//928 913//913
f 928//928 929//929 912//912
f 931//931 932//932 934//934
f 934//934 932//932 933//933
f 936//936 937//937 935//935
f 935//935 937//937 938//938
f 964//964 938//938 939//939
f 963//963 939//939 940//940
f 962//962 940//940 961//961
f 962//962 963//963 940//940
f 949//949 950//950 941//941
f 942//942 949//949 941//941
f 942//942 948//948 949//949
f 942//942 946//946 948//948
f 942//942 945//945 946//946
f 942//942 944//944 945//945
f 942//942 943//943 944//944
f 946//946 947//947 948//948
f 950//950 951//951 941//941
f 941//941 951//951 940//940
f 940//940 951//951 957//957
f 958//958 940//940 957//957
f 958//958 959//959 940//940
f 940//940 959//959 960//960
f 961//961 940//940 960//960
f 951//951 952//952 957//957
f 957//957 952//952 953//953
f 956//956 953//953 954//954
f 955//955 956//956 954//954
f 956//956 957//957 953//953
f 963//963 964//964 939//939
f 964//964 935//935 938//938
f 966//966 967//967 965//965
f 965//965 967//967 968//968
f 977//977 968//968 969//969
f 970//970 977//977 969//969
f 970//970 976//976 977//977
f 970//970 971//971 976//976
f 976//976 971//971 972//972
f 975//975 972//972 974//974
f 975//975 976//976 972//972
f 972//972 973//973 974//974
f 977//977 965//965 968//968
f 978//978 979//979 981//981
f 981//981 979//979 980//980
f 982//982 983//983 985//985
f 985//985 983//983 984//984
f 986//986 987//987 989//989
f 989//989 987//987 988//988
f 990//990 991//991 993//993
f 993//993 991//991 992//992
f 994//994 995//995 997//997
f 997//997 995//995 996//996
f 998//998 999//999 1001//1001
f 1001//1001 999//999 1000//1000
f 1002//1002 1003//1003 1005//1005
f 1005//1005 1003//1003 1004//1004
f 1006//1006 1007//1007 1009//1009
f 1009//1009 1007//1007 1008//1008
f 1010//1010 1011//1011 1013//1013
f 1013//1013 1011//1011 1012//1012
f 1014//1014 1015//1015 1017//1017
f 1017//1017 1015//1015 1016//1016
f 1018//1018 1019//1019 1021//1021
f 1021//1021 1019//1019 1020//1020
f 1022//1022 1023//1023 1025//1025
f 1025//1025 1023//1023 1024//1024
f 1026//1026 1027//1027 1029//1029
f 1029//1029 1027//1027 1028//1028
f 1030//1030 1031//1031 1033//1033
f 1033//1033 1031//1031 1032//1032
f 1034//1034 1035//1035 1037//1037
f 1037//1037 1035//1035 1036//1036
f 1038//1038 1039//1039 1041//1041
f 1041//1041 1039//1039 1040//1040
f 1042//1042 1043//1043 1045//1045
f 1045//1045 1043//1043 1044//1044
f 1046//1046 1047//1047 1049//1049
f 1049//1049 1047//1047 1048//1048
f 1050//1050 1051//1051 1053//1053
f 1053//1053 1051//1051 1052//1052
f 1054//1054 1055//1055 1057//1057
f 1057//1057 1055//1055 1056//1056
f 1058//1058 1059//1059 1061//1061
f 1061//1061 1059//1059 1060//1060
f 1063//1063 1064//1064 1062//1062
f 1062//1062 1064//1064 1065//1065
f 1085//1085 1066//1066 1093//1093
f 1084//1084 1093//1093 1094//1094
f 1083//1083 1094//1094 1095//1095
f 1082//1082 1095//1095 1096//1096
f 1081//1081 1096//1096 1097//1097
f 1098//1098 1081//1081 1097//1097
f 1098//1098 1080//1080 1081//1081
f 1098//1098 1099//1099 1080//1080
f 1080//1080 1099//1099 1079//1079
f 1079//1079 1099//1099 1100//1100
f 1078//1078 1100//1100 1101//1101
f 1077//1077 1101//1101 1102//1102
f 1076//1076 1102//1102 1103//1103
f 1075//1075 1103//1103 1074//1074
f 1075//1075 1076//1076 1103//1103
f 1066//1066 1067//1067 1093//1093
f 1093//1093 1067//1067 1068//1068
f 1092//1092 1068//1068 1069//1069
f 1070//1070 1092//1092 1069//1069
f 1070//1070 1106//1106 1092//1092
f 1070//1070 1105//1105 1106//1106
f 1070//1070 1071//1071 1105//1105
f 1105//1105 1071//1071 1072//1072
f 1073//1073 1105//1105 1072//1072
f 1073//1073 1074//1074 1105//1105
f 1105//1105 1074//1074 1104//1104
f 1104//1104 1074//1074 1103//1103
f 1076//1076 1077//1077 1102//1102
f 1077//1077 1078//1078 1101//1101
f 1078//1078 1079//1079 1100//1100
f 1081//1081 1082//1082 1096//1096
f 1082//1082 1083//1083 1095//1095
f 1083//1083 1084//1084 1094//1094
f 1084//1084 1085//1085 1093//1093
f 1087//1087 1088//1088 1086//1086
f 1086//1086 1088//1088 1089//1089
f 1090//1090 1086//1086 1089//1089
f 1090//1090 1091//1091 1086//1086
f 1086//1086 1091//1091 1106//1106
f 1107//1107 1086//1086 1106//1106
f 1091//1091 1092//1092 1106//1106
f 1092//1092 1093//1093 1068//1068
f 1108//1108 1109//1109 1111//1111
f 1111//1111 1109//1109 1110//1110
f 1112//1112 1113//1113 1115//1115
f 1115//1115 1113//1113 1114//1114
f 1116//1116 1117//1117 1119//1119
f 1119//1119 1117//1117 1118//1118
f 1121//1121 1122//1122 1120//1120
f 1120//1120 1122//1122 1123//1123
f 1134//1134 1135//1135 1125//1125
f 1128//1128 1125//1125 1127//1127
f 1128//1128 1134//1134 1125//1125
f 1128//1128 1133//1133 1134//1134
f 1128//1128 1132//1132 1133//1133
f 1128//1128 1129//1129 1132//1132
f 1132//1132 1129//1129 1131//1131
f 1131//1131 1129//1129 1130//1130
f 1125//1125 1126//1126 1127//1127
f 1135//1135 1136//1136 1125//1125
f 1125//1125 1136//1136 1124//1124
f 1124//1124 1136//1136 1137//1137
f 1164//1164 1137//1137 1138//1138
f 1139//1139 1164//1164 1138//1138
f 1139//1139 1163//1163 1164//1164
f 1139//1139 1140//1140 1163//1163
f 1163//1163 1140//1140 1162//1162
f 1162//1162 1140//1140 1141//1141
f 1142//1142 1162//1162 1141//1141
f 1142//1142 1143//1143 1162//1162
f 1162//1162 1143//1143 1161//1161
f 1161//1161 1143//1143 1144//1144
f 1145//1145 1161//1161 1144//1144
f 1145//1145 1146//1146 1161//1161
f 1161//1161 1146//1146 1160//1160
f 1160//1160 1146//1146 1159//1159
f 1159//1159 1146//1146 1158//1158
f 1158//1158 1146//1146 1157//1157
f 1157//1157 1146//1146 1156//1156
f 1156//1156 1146//1146 1155//1155
f 1155//1155 1146//1146 1154//1154
f 1154//1154 1146//1146 1153//1153
f 1153//1153 1146//1146 1152//1152
f 1152//1152 1146//1146 1151//1151
f 1151//1151 1146//1146 1150//1150
f 1150//1150 1146//1146 1149//1149
f 1149//1149 1146//1146 1148//1148
f 1148//1148 1146//1146 1147//1147
f 1164//1164 1124//1124 1137//1137
f 1166//1166 1167//1167 1165//1165
f 1165//1165 1167//1167 1168//1168
f 1169//1169 1170//1170 1172//1172
f 1172//1172 1170//1170 1171//1171
f 1173//1173 1174//1174 1176//1176
f 1176//1176 1174//1174 1175//1175
f 1182//1182 1177//1177 1181//1181
f 1181//1181 1177//1177 1178//1178
f 1180//1180 1178//1178 1179//1179
f 1180//1180 1181//1181 1178//1178
f 1183//1183 1184//1184 1186//1186
f 1186//1186 1184//1184 1185//1185
f 1187//1187 1188//1188 1192//1192
f 1192//1192 1188//1188 1191//1191
f 1191//1191 1188//1188 1190//1190
f 1190//1190 1188//1188 1189//1189
f 1193//1193 1194//1194 1199//1199
f 1199//1199 1194//1194 1195//1195
f 1198//1198 1195//1195 1197//1197
f 1198//1198 1199//1199 1195//1195
f 1195//1195 1196//1196 1197//1197
f 1204//1204 1200//1200 1203//1203
f 1203//1203 1200//1200 1201//1201
f 1202//1202 1203//1203 1201//1201
f 1205//1205 1206//1206 1208//1208
f 1208//1208 1206//1206 1207//1207
f 1210//1210 1211//1211 1209//1209
f 1209//1209 1211//1211 1229//1229
f 1229//1229 1211//1211 1214//1214
f 1228//1228 1214//1214 1238//1238
f 1239//1239 1228//1228 1238//1238
f 1239//1239 1240//1240 1228//1228
f 1228//1228 1240//1240 1227//1227
f 1227//1227 1240//1240 1241//1241
f 1226//1226 1241//1241 1242//1242
f 1225//1225 1242//1242 1243//1243
f 1224//1224 1243//1243 1244//1244
f 1245//1245 1224//1224 1244//1244
f 1245//1245 1223//1223 1224//1224
f 1245//1245 1246//1246 1223//1223
f 1223//1223 1246//1246 1222//1222
f 1222//1222 1246//1246 1247//1247
f 1248//1248 1222//1222 1247//1247
f 1248//1248 1221//1221 1222//1222
f 1248//1248 1249//1249 1221//1221
f 1221//1221 1249//1249 1220//1220
f 1220//1220 1249//1249 1230//1230
f 1219//1219 1230//1230 1231//1231
f 1232//1232 1219//1219 1231//1231
f 1232//1232 1218//1218 1219//1219
f 1232//1232 1233//1233 1218//1218
f 1218//1218 1233//1233 1217//1217
f 1217//1217 1233//1233 1234//1234
f 1216//1216 1234//1234 1235//1235
f 1215//1215 1235//1235 1236//1236
f 1237//1237 1215//1215 1236//1236
f 1237//1237 1214//1214 1215//1215
f 1237//1237 1238//1238 1214//1214
f 1212//1212 1213//1213 1211//1211
f 1211//1211 1213//1213 1214//1214
f 1215//1215 1216//1216 1235//1235
f 1216//1216 1217//1217 1234//1234
f 1219//1219 1220//1220 1230//1230
f 1224//1224 1225//1225 1243//1243
f 1225//1225 1226//1226 1242//1242
f 1226//1226 1227//1227 1241//1241
f 1228//1228 1229//1229 1214//1214
f 1252//1252 1253//1253 1251//1251
f 1251//1251 1253//1253 1254//1254
f 1250//1250 1254//1254 1255//1255
f 1261//1261 1255//1255 1256//1256
f 1260//1260 1256//1256 1257//1257
f 1259//1259 1257//1257 1258//1258
f 1259//1259 1260//1260 1257//1257
f 1260//1260 1261//1261 1256//1256
f 1261//1261 1250//1250 1255//1255
f 1254//1254 1250//1250 1251//1251
f 1262//1262 1263//1263 1265//1265
f 1265//1265 1263//1263 1264//1264
f 1266//1266 1267//1267 1273//1273
f 1273//1273 1267//1267 1268//1268
f 1271//1271 1268//1268 1270//1270
f 1271//1271 1273//1273 1268//1268
f 1271//1271 1272//1272 1273//1273
f 1268//1268 1269//1269 1270//1270
f 1274//1274 1275//1275 1277//1277
f 1277//1277 1275//1275 1276//1276
f 1278//1278 1279//1279 1281//1281
f 1281//1281 1279//1279 1280//1280
f 1282//1282 1283//1283 1289//1289
f 1289//1289 1283//1283 1284//1284
f 1286//1286 1284//1284 1285//1285
f 1286//1286 1289//1289 1284//1284
f 1286//1286 1287//1287 1289//1289
f 1289//1289 1287//1287 1288//1288
f 1290//1290 1291//1291 1293//1293
f 1293//1293 1291//1291 1292//1292
f 1294//1294 1295//1295 1297//1297
f 1297//1297 1295//1295 1296//1296
f 1298//1298 1299//1299 1301//1301
f 1301//1301 1299//1299 1300//1300
f 1302//1302 1303//1303 1305//1305
f 1305//1305 1303//1303 1304//1304
f 1307//1307 1308//1308 1306//1306
f 1306//1306 1308//1308 1309//1309
f 1310//1310 1311//1311 1313//1313
f 1313//1313 1311//1311 1312//1312
f 1314//1314 1315//1315 1317//1317
f 1317//1317 1315//1315 1316//1316
f 1319//1319 1320//1320 1318//1318
f 1318//1318 1320//1320 1326//1326
f 1326//1326 1320//1320 1323//1323
f 1325//1325 1323//1323 1324//1324
f 1325//1325 1326//1326 1323//1323
f 1320//1320 1321//1321 1323//1323
f 1323//1323 1321//1321 1322//1322
f 1327//1327 1328//1328 1330//1330
f 1330//1330 1328//1328 1329//1329
f 1331//1331 1332//1332 1334//1334
f 1334//1334 1332//1332 1333//1333
f 1341//1341 1342//1342 1340//1340
f 1340//1340 1342//1342 1343//1343
f 1339//1339 1343//1343 1344//1344
f 1338//1338 1344//1344 1345//1345
f 1337//1337 1345//1345 1346//1346
f 1336//1336 1346//1346 1347//1347
f 1335//1335 1347//1347 1348//1348
f 1354//1354 1348//1348 1349//1349
f 1353//1353 1349//1349 1350//1350
f 1352//1352 1350//1350 1351//1351
f 1352//1352 1353//1353 1350//1350
f 1336//1336 1337//1337 1346//1346
f 1337//1337 1338//1338 1345//1345
f 1338//1338 1339//1339 1344//1344
f 1339//1339 1340//1340 1343//1343
f 1353//1353 1354//1354 1349//1349
f 1354//1354 1335//1335 1348//1348
f 1347//1347 1335//1335 1336//1336
f 1355//1355 1356//1356 1358//1358
f 1358//1358 1356//1356 1357//1357
f 1359//1359 1360//1360 1362//1362
f 1362//1362 1360//1360 1361//1361
f 1363//1363 1364//1364 1366//1366
f 1366//1366 1364//1364 1365//1365
f 1367//1367 1368//1368 1370//1370
f 1370//1370 1368//1368 1369//1369
f 1371//1371 1372//1372 1374//1374
f 1374//1374 1372//1372 1373//1373
f 1375//1375 1376//1376 1378//1378
f 1378//1378 1376//1376 1377//1377
f 1379//1379 1380//1380 1382//1382
f 1382//1382 1380//1380 1381//1381
f 1383//1383 1384//1384 1386//1386
f 1386//1386 1384//1384 1385//1385
f 1387//1387 1388//1388 1390//1390
f 1390//1390 1388//1388 1389//1389
f 1391//1391 1392//1392 1394//1394
f 1394//1394 1392//1392 1393//1393
f 1395//1395 1396//1396 1398//1398
f 1398//1398 1396//1396 1397//1397
f 1399//1399 1400//1400 1402//1402
f 1402//1402 1400//1400 1401//1401
f 1403//1403 1404//1404 1406//1406
f 1406//1406 1404//1404 1405//1405
f 1407//1407 1408//1408 1410//1410
f 1410//1410 1408//1408 1409//1409
f 1411//1411 1412//1412 1414//1414
f 1414//1414 1412//1412 1413//1413
f 1419//1419 1415//1415 1418//1418
f 1418//1418 1415//1415 1416//1416
f 1417//1417 1418//1418 1416//1416
f 1421//1421 1422//1422 1420//1420
f 1420//1420 1422//1422 1429//1429
f 1429//1429 1422//1422 1423//1423
f 1428//1428 1423//1423 1424//1424
f 1427//1427 1424//1424 1425//1425
f 1426//1426 1427//1427 1425//1425
f 1427//1427 1428//1428 1424//1424
f 1428//1428 1429//1429 1423//1423
f 1430//1430 1431//1431 1433//1433
f 1433//1433 1431//1431 1432//1432
f 1435//1435 1436//1436 1434//1434
f 1434//1434 1436//1436 1437//1437
f 1439//1439 1440//1440 1438//1438
f 1438//1438 1440//1440 1441//1441
f 1442//1442 1443//1443 1457//1457
f 1457//1457 1443//1443 1456//1456
f 1456//1456 1443//1443 1444//1444
f 1455//1455 1444//1444 1445//1445
f 1454//1454 1445//1445 1446//1446
f 1453//1453 1446//1446 1447//1447
f 1452//1452 1447//1447 1448//1448
f 1451//1451 1448//1448 1449//1449
f 1450//1450 1451//1451 1449//1449
f 1451//1451 1452//1452 1448//1448
f 1452//1452 1453//1453 1447//1447
f 1453//1453 1454//1454 1446//1446
f 1454//1454 1455//1455 1445//1445
f 1455//1455 1456//1456 1444//1444
f 1458//1458 1459//1459 1461//1461
f 1461//1461 1459//1459 1460//1460
f 1469//1469 1462//1462 1468//1468
f 1468//1468 1462//1462 1463//1463
f 1467//1467 1463//1463 1464//1464
f 1466//1466 1464//1464 1465//1465
f 1466//1466 1467//1467 1464//1464
f 1467//1467 1468//1468 1463//1463
f 1470//1470 1471//1471 1474//1474
f 1474//1474 1471//1471 1473//1473
f 1473//1473 1471//1471 1472//1472
f 1476//1476 1477//1477 1475//1475
f 1475//1475 1477//1477 1478//1478
f 1479//1479 1480//1480 1482//1482
f 1482//1482 1480//1480 1481//1481
f 1483//1483 1484//1484 1486//1486
f 1486//1486 1484//1484 1485//1485
f 1487//1487 1488//1488 1490//1490
f 1490//1490 1488//1488 1489//1489
f 1491//1491 1492//1492 1494//1494
f 1494//1494 1492//1492 1493//1493
f 1495//1495 1496//1496 1498//1498
f 1498//1498 1496//1496 1497//1497
f 1499//1499 1500//1500 1502//1502
f 1502//1502 1500//1500 1501//1501
f 1503//1503 1504//1504 1506//1506
f 1506//1506 1504//1504 1505//1505
f 1507//1507 1508//1508 1510//1510
f 1510//1510 1508//1508 1509//1509
f 1511//1511 1512//1512 1514//1514
f 1514//1514 1512//1512 1513//1513
f 1515//1515 1516//1516 1518//1518
f 1518//1518 1516//1516 1517//1517
f 1519//1519 1520//1520 1522//1522
f 1522//1522 1520//1520 1521//1521
f 1523//1523 1524//1524 1526//1526
f 1526//1526 1524//1524 1525//1525
f 1527//1527 1528//1528 1530//1530
f 1530//1530 1528//1528 1529//1529
f 1531//1531 1532//1532 1534//1534
f 1534//1534 1532//1532 1533//1533
f 1535//1535 1536//1536 1538//1538
f 1538//1538 1536//1536 1537//1537
f 1539//1539 1540//1540 1542//1542
f 1542//1542 1540//1540 1541//1541
f 1543//1543 1544//1544 1546//1546
f 1546//1546 1544//1544 1545//1545
f 1547//1547 1548//1548 1550//1550
f 1550//1550 1548//1548 1549//1549
f 1551//1551 1552//1552 1554//1554
f 1554//1554 1552//1552 1553//1553
f 1555//1555 1556//1556 1558//1558
f 1558//1558 1556//1556 1557//1557
f 1559//1559 1560//1560 1562//1562
f 1562//1562 1560//1560 1561//1561
f 1564//1564 1566//1566 1563//1563
f 1564//1564 1565//1565 1566//1566
f 1566//1566 1567//1567 1563//1563
f 1563//1563 1567//1567 1570//1570
f 1570//1570 1567//1567 1569//1569
f 1569//1569 1567//1567 1568//1568
f 1571//1571 1572//1572 1574//1574
f 1574//1574 1572//1572 1573//1573
f 1576//1576 1577//1577 1575//1575
f 1575//1575 1577//1577 1582//1582
f 1582//1582 1577//1577 1581//1581
f 1581//1581 1577//1577 1578//1578
f 1580//1580 1578//1578 1579//1579
f 1580//1580 1581//1581 1578//1578
f 1584//1584 1585//1585 1583//1583
f 1583//1583 1585//1585 1590//1590
f 1590//1590 1585//1585 1589//1589
f 1589//1589 1585//1585 1586//1586
f 1588//1588 1586//1586 1587//1587
f 1588//1588 1589//1589 1586//1586
f 1591//1591 1592//1592 1594//1594
f 1594//1594 1592//1592 1593//1593
f 1595//1595 1596//1596 1598//1598
f 1598//1598 1596//1596 1597//1597
f 1603//1603 1604//1604 1602//1602
f 1602//1602 1604//1604 1605//1605
f 1601//1601 1605//1605 1606//1606
f 1600//1600 1606//1606 1607//1607
f 1599//1599 1607//1607 1608//1608
f 1618//1618 1608//1608 1609//1609
f 1617//1617 1609//1609 1610//1610
f 1616//1616 1610//1610 1611//1611
f 1615//1615 1611//1611 1612//1612
f 1614//1614 1612//1612 1613//1613
f 1614//1614 1615//1615 1612//1612
f 1600//1600 1601//1601 1606//1606
f 1601//1601 1602//1602 1605//1605
f 1615//1615 1616//1616 1611//1611
f 1616//1616 1617//1617 1610//1610
f 1617//1617 1618//1618 1609//1609
f 1618//1618 1599//1599 1608//1608
f 1607//1607 1599//1599 1600//1600
f 1620//1620 1621//1621 1619//1619
f 1619//1619 1621//1621 1622//1622
f 1624//1624 1625//1625 1623//1623
f 1623//1623 1625//1625 1626//1626
