mtllib Link1.mtl
v 0.167134231567383 0.404987976074219 -0.1885
vn 0 0 -1
v 0.168159317016602 0.405732757568359 -0.1885
vn 0 0 -1
v 0.169364379882812 0.406124298095703 -0.1885
vn 0 0 -1
v 0.170631454467773 0.406124298095703 -0.1885
vn 0 0 -1
v 0.171836517333984 0.405732757568359 -0.1885
vn 0 0 -1
v 0.172861602783203 0.404987976074219 -0.1885
vn 0 0 -1
v 0.173606369018555 0.403962890625 -0.1885
vn 0 0 -1
v 0.173997924804688 0.402757843017578 -0.1885
vn 0 0 -1
v 0.173997924804688 0.401490753173828 -0.1885
vn 0 0 -1
v 0.173606369018555 0.400285705566406 -0.1885
vn 0 0 -1
v 0.172861602783203 0.399260620117187 -0.1885
vn 0 0 -1
v 0.171836517333984 0.398515838623047 -0.1885
vn 0 0 -1
v 0.170631454467773 0.398124298095703 -0.1885
vn 0 0 -1
v 0.169364379882812 0.398124298095703 -0.1885
vn 0 0 -1
v 0.168159317016602 0.398515838623047 -0.1885
vn 0 0 -1
v 0.167134231567383 0.399260620117187 -0.1885
vn 0 0 -1
v 0.166389465332031 0.400285705566406 -0.1885
vn 0 0 -1
v 0.165997924804688 0.401490753173828 -0.1885
vn 0 0 -1
v 0.165997924804688 0.402757843017578 -0.1885
vn 0 0 -1
v 0.166389465332031 0.403962890625 -0.1885
vn 0 0 -1
v 0.172861602783203 0.399260620117187 -0.2045
vn -0.587785243988037 0.80901700258255 0
v 0.171836517333984 0.398515838623047 -0.2045
vn -0.587785243988037 0.80901700258255 0
v 0.171836517333984 0.398515838623047 -0.1885
vn -0.587785243988037 0.80901700258255 0
v 0.172861602783203 0.399260620117187 -0.1885
vn -0.587785243988037 0.80901700258255 0
v 0.173997924804688 0.401490753173828 -0.2045
vn -0.95105654001236 0.30901700258255 0
v 0.173606369018555 0.400285705566406 -0.2045
vn -0.95105654001236 0.30901700258255 0
v 0.173606369018555 0.400285705566406 -0.1885
vn -0.95105654001236 0.30901700258255 0
v 0.173997924804688 0.401490753173828 -0.1885
vn -0.95105654001236 0.30901700258255 0
v 0.173606369018555 0.403962890625 -0.2045
vn -0.95105654001236 -0.30901700258255 0
v 0.173997924804688 0.402757843017578 -0.2045
vn -0.95105654001236 -0.30901700258255 0
v 0.173997924804688 0.402757843017578 -0.1885
vn -0.95105654001236 -0.30901700258255 0
v 0.173606369018555 0.403962890625 -0.1885
vn -0.95105654001236 -0.30901700258255 0
v 0.167134231567383 0.399260620117187 -0.2045
vn 0.80901700258255 0.587785243988037 0
v 0.166389465332031 0.400285705566406 -0.2045
vn 0.80901700258255 0.587785243988037 0
v 0.166389465332031 0.400285705566406 -0.1885
vn 0.80901700258255 0.587785243988037 0
v 0.167134231567383 0.399260620117187 -0.1885
vn 0.80901700258255 0.587785243988037 0
v 0.171836517333984 0.405732757568359 -0.2045
vn -0.587785243988037 -0.80901700258255 0
v 0.172861602783203 0.404987976074219 -0.2045
vn -0.587785243988037 -0.80901700258255 0
v 0.172861602783203 0.404987976074219 -0.1885
vn -0.587785243988037 -0.80901700258255 0
v 0.171836517333984 0.405732757568359 -0.1885
vn -0.587785243988037 -0.80901700258255 0
v 0.169364379882812 0.398124298095703 -0.2045
vn 0.30901700258255 0.95105654001236 0
v 0.168159317016602 0.398515838623047 -0.2045
vn 0.30901700258255 0.95105654001236 0
v 0.168159317016602 0.398515838623047 -0.1885
vn 0.30901700258255 0.95105654001236 0
v 0.169364379882812 0.398124298095703 -0.1885
vn 0.30901700258255 0.95105654001236 0
v 0.169364379882812 0.406124298095703 -0.2045
vn 0 -1 0
v 0.170631454467773 0.406124298095703 -0.2045
vn 0 -1 0
v 0.170631454467773 0.406124298095703 -0.1885
vn 0 -1 0
v 0.169364379882812 0.406124298095703 -0.1885
vn 0 -1 0
v 0.171836517333984 0.398515838623047 -0.2045
vn -0.30901700258255 0.95105654001236 0
v 0.170631454467773 0.398124298095703 -0.2045
vn -0.30901700258255 0.95105654001236 0
v 0.170631454467773 0.398124298095703 -0.1885
vn -0.30901700258255 0.95105654001236 0
v 0.171836517333984 0.398515838623047 -0.1885
vn -0.30901700258255 0.95105654001236 0
v 0.173606369018555 0.400285705566406 -0.2045
vn -0.80901700258255 0.587785243988037 0
v 0.172861602783203 0.399260620117187 -0.2045
vn -0.80901700258255 0.587785243988037 0
v 0.172861602783203 0.399260620117187 -0.1885
vn -0.80901700258255 0.587785243988037 0
v 0.173606369018555 0.400285705566406 -0.1885
vn -0.80901700258255 0.587785243988037 0
v 0.173997924804688 0.402757843017578 -0.2045
vn -1 -6.57156756312186E-14 0
v 0.173997924804688 0.401490753173828 -0.2045
vn -1 -6.57156756312186E-14 0
v 0.173997924804688 0.401490753173828 -0.1885
vn -1 -6.57156756312186E-14 0
v 0.173997924804688 0.402757843017578 -0.1885
vn -1 -6.57156756312186E-14 0
v 0.165997924804688 0.402757843017578 -0.2045
vn 0.95105654001236 -0.30901700258255 0
v 0.166389465332031 0.403962890625 -0.2045
vn 0.95105654001236 -0.30901700258255 0
v 0.166389465332031 0.403962890625 -0.1885
vn 0.95105654001236 -0.30901700258255 0
v 0.165997924804688 0.402757843017578 -0.1885
vn 0.95105654001236 -0.30901700258255 0
v 0.166389465332031 0.400285705566406 -0.2045
vn 0.95105654001236 0.30901700258255 0
v 0.165997924804688 0.401490753173828 -0.2045
vn 0.95105654001236 0.30901700258255 0
v 0.165997924804688 0.401490753173828 -0.1885
vn 0.95105654001236 0.30901700258255 0
v 0.166389465332031 0.400285705566406 -0.1885
vn 0.95105654001236 0.30901700258255 0
v 0.168159317016602 0.398515838623047 -0.2045
vn 0.587785243988037 0.80901700258255 0
v 0.167134231567383 0.399260620117187 -0.2045
vn 0.587785243988037 0.80901700258255 0
v 0.167134231567383 0.399260620117187 -0.1885
vn 0.587785243988037 0.80901700258255 0
v 0.168159317016602 0.398515838623047 -0.1885
vn 0.587785243988037 0.80901700258255 0
v 0.170631454467773 0.398124298095703 -0.2045
vn 0 1 0
v 0.169364379882812 0.398124298095703 -0.2045
vn 0 1 0
v 0.169364379882812 0.398124298095703 -0.1885
vn 0 1 0
v 0.170631454467773 0.398124298095703 -0.1885
vn 0 1 0
v 0.166389465332031 0.403962890625 -0.2045
vn 0.80901700258255 -0.587785243988037 0
v 0.167134231567383 0.404987976074219 -0.2045
vn 0.80901700258255 -0.587785243988037 0
v 0.167134231567383 0.404987976074219 -0.1885
vn 0.80901700258255 -0.587785243988037 0
v 0.166389465332031 0.403962890625 -0.1885
vn 0.80901700258255 -0.587785243988037 0
v 0.165997924804688 0.401490753173828 -0.2045
vn 1 0 0
v 0.165997924804688 0.402757843017578 -0.2045
vn 1 0 0
v 0.165997924804688 0.402757843017578 -0.1885
vn 1 0 0
v 0.165997924804688 0.401490753173828 -0.1885
vn 1 0 0
v 0.167134231567383 0.404987976074219 -0.2045
vn 0.587785243988037 -0.80901700258255 0
v 0.168159317016602 0.405732757568359 -0.2045
vn 0.587785243988037 -0.80901700258255 0
v 0.168159317016602 0.405732757568359 -0.1885
vn 0.587785243988037 -0.80901700258255 0
v 0.167134231567383 0.404987976074219 -0.1885
vn 0.587785243988037 -0.80901700258255 0
v 0.172861602783203 0.404987976074219 -0.2045
vn -0.80901700258255 -0.587785243988037 0
v 0.173606369018555 0.403962890625 -0.2045
vn -0.80901700258255 -0.587785243988037 0
v 0.173606369018555 0.403962890625 -0.1885
vn -0.80901700258255 -0.587785243988037 0
v 0.172861602783203 0.404987976074219 -0.1885
vn -0.80901700258255 -0.587785243988037 0
v 0.170631454467773 0.406124298095703 -0.2045
vn -0.30901700258255 -0.95105654001236 0
v 0.171836517333984 0.405732757568359 -0.2045
vn -0.30901700258255 -0.95105654001236 0
v 0.171836517333984 0.405732757568359 -0.1885
vn -0.30901700258255 -0.95105654001236 0
v 0.170631454467773 0.406124298095703 -0.1885
vn -0.30901700258255 -0.95105654001236 0
v 0.168159317016602 0.405732757568359 -0.2045
vn 0.30901700258255 -0.95105654001236 0
v 0.169364379882812 0.406124298095703 -0.2045
vn 0.30901700258255 -0.95105654001236 0
v 0.169364379882812 0.406124298095703 -0.1885
vn 0.30901700258255 -0.95105654001236 0
v 0.168159317016602 0.405732757568359 -0.1885
vn 0.30901700258255 -0.95105654001236 0
v 0.0792392196655273 0.496841156005859 -0.2045
vn 0 0 -1
v 0.0780341567993164 0.497232696533203 -0.2045
vn 0 0 -1
v 0.0767670822143555 0.497232696533203 -0.2045
vn 0 0 -1
v 0.0755620193481445 0.496841156005859 -0.2045
vn 0 0 -1
v 0.0745369338989258 0.496096374511719 -0.2045
vn 0 0 -1
v 0.0737921676635742 0.4950712890625 -0.2045
vn 0 0 -1
v 0.0734006195068359 0.493866241455078 -0.2045
vn 0 0 -1
v 0.0734006195068359 0.492599151611328 -0.2045
vn 0 0 -1
v 0.0737921676635742 0.491394104003906 -0.2045
vn 0 0 -1
v 0.0745369338989258 0.490369018554688 -0.2045
vn 0 0 -1
v 0.0755620193481445 0.489624237060547 -0.2045
vn 0 0 -1
v 0.0767670822143555 0.489232696533203 -0.2045
vn 0 0 -1
v 0.0780341567993164 0.489232696533203 -0.2045
vn 0 0 -1
v 0.0792392196655273 0.489624237060547 -0.2045
vn 0 0 -1
v 0.0802643051147461 0.490369018554688 -0.2045
vn 0 0 -1
v 0.0810090713500977 0.491394104003906 -0.2045
vn 0 0 -1
v 0.0814006195068359 0.492599151611328 -0.2045
vn 0 0 -1
v 0.0814006195068359 0.493866241455078 -0.2045
vn 0 0 -1
v 0.0810090713500977 0.4950712890625 -0.2045
vn 0 0 -1
v 0.0802643051147461 0.496096374511719 -0.2045
vn 0 0 -1
v 0.160162094116211 0.3984375 -0.2045
vn 0 0 -1
v 0.15918473815918 0.402085083007812 -0.2045
vn 0 0 -1
v 0.138451416015625 0.402085083007812 -0.2045
vn 0 0 -1
v 0.116484687805176 0.409222503662109 -0.2045
vn 0 0 -1
v 0.0977986831665039 0.422798675537109 -0.2045
vn 0 0 -1
v 0.0842224960327148 0.441484680175781 -0.2045
vn 0 0 -1
v 0.077085075378418 0.463451416015625 -0.2045
vn 0 0 -1
v 0.077085075378418 0.484184722900391 -0.2045
vn 0 0 -1
v 0.0734375 0.485162109375 -0.2045
vn 0 0 -1
v 0.0707808456420898 0.486887359619141 -0.2045
vn 0 0 -1
v 0.0687873611450195 0.489349090576172 -0.2045
vn 0 0 -1
v 0.0676521606445313 0.492306396484375 -0.2045
vn 0 0 -1
v 0.0674863739013672 0.495469757080078 -0.2045
vn 0 0 -1
v 0.0683062362670898 0.498529479980469 -0.2045
vn 0 0 -1
v 0.0700314788818359 0.501186157226562 -0.2045
vn 0 0 -1
v 0.0724932403564453 0.503179626464844 -0.2045
vn 0 0 -1
v 0.0754505310058594 0.504314819335937 -0.2045
vn 0 0 -1
v 0.0786138763427734 0.504480621337891 -0.2045
vn 0 0 -1
v 0.0825673522949219 0.503421295166016 -0.2045
vn 0 0 -1
v 0.0842224960327148 0.508515319824219 -0.2045
vn 0 0 -1
v 0.0977986831665039 0.527201293945313 -0.2045
vn 0 0 -1
v 0.116484687805176 0.540777526855469 -0.2045
vn 0 0 -1
v 0.138451416015625 0.547914916992188 -0.2045
vn 0 0 -1
v 0.161548583984375 0.547914916992188 -0.2045
vn 0 0 -1
v 0.18351530456543 0.540777526855469 -0.2045
vn 0 0 -1
v 0.194010299682617 0.533152465820313 -0.2045
vn 0 0 -1
v 0.197081893920898 0.536223999023438 -0.2045
vn 0 0 -1
v 0.199904312133789 0.537662109375 -0.2045
vn 0 0 -1
v 0.203033004760742 0.538157653808594 -0.2045
vn 0 0 -1
v 0.206161697387695 0.537662109375 -0.2045
vn 0 0 -1
v 0.208984130859375 0.536223999023438 -0.2045
vn 0 0 -1
v 0.211224029541016 0.533984130859375 -0.2045
vn 0 0 -1
v 0.212662124633789 0.531161682128906 -0.2045
vn 0 0 -1
v 0.213157653808594 0.528033020019531 -0.2045
vn 0 0 -1
v 0.212662124633789 0.524904296875 -0.2045
vn 0 0 -1
v 0.211224029541016 0.522081909179688 -0.2045
vn 0 0 -1
v 0.208152435302734 0.519010314941406 -0.2045
vn 0 0 -1
v 0.215777496337891 0.508515319824219 -0.2045
vn 0 0 -1
v 0.222914916992188 0.486548583984375 -0.2045
vn 0 0 -1
v 0.222914916992188 0.463451416015625 -0.2045
vn 0 0 -1
v 0.215777496337891 0.441484680175781 -0.2045
vn 0 0 -1
v 0.202201324462891 0.422798675537109 -0.2045
vn 0 0 -1
v 0.18351530456543 0.409222503662109 -0.2045
vn 0 0 -1
v 0.178421279907227 0.407567352294922 -0.2045
vn 0 0 -1
v 0.179480621337891 0.403613891601563 -0.2045
vn 0 0 -1
v 0.179314834594727 0.400450531005859 -0.2045
vn 0 0 -1
v 0.178179626464844 0.397493225097656 -0.2045
vn 0 0 -1
v 0.176186141967773 0.395031494140625 -0.2045
vn 0 0 -1
v 0.173529495239258 0.393306243896484 -0.2045
vn 0 0 -1
v 0.170469741821289 0.392486389160156 -0.2045
vn 0 0 -1
v 0.167306396484375 0.392652160644531 -0.2045
vn 0 0 -1
v 0.164349105834961 0.393787353515625 -0.2045
vn 0 0 -1
v 0.161887344360352 0.395780853271484 -0.2045
vn 0 0 -1
v 0.203235000610352 0.5318701171875 -0.2045
vn 0 0 -1
v 0.201967926025391 0.5318701171875 -0.2045
vn 0 0 -1
v 0.20076286315918 0.531478576660156 -0.2045
vn 0 0 -1
v 0.199737777709961 0.530733825683594 -0.2045
vn 0 0 -1
v 0.198993011474609 0.529708740234375 -0.2045
vn 0 0 -1
v 0.198601455688477 0.528503662109375 -0.2045
vn 0 0 -1
v 0.198601455688477 0.527236572265625 -0.2045
vn 0 0 -1
v 0.198993011474609 0.526031494140625 -0.2045
vn 0 0 -1
v 0.199737777709961 0.525006408691406 -0.2045
vn 0 0 -1
v 0.20076286315918 0.524261657714844 -0.2045
vn 0 0 -1
v 0.201967926025391 0.5238701171875 -0.2045
vn 0 0 -1
v 0.203235000610352 0.5238701171875 -0.2045
vn 0 0 -1
v 0.204440048217773 0.524261657714844 -0.2045
vn 0 0 -1
v 0.205465133666992 0.525006408691406 -0.2045
vn 0 0 -1
v 0.206209915161133 0.526031494140625 -0.2045
vn 0 0 -1
v 0.206601455688477 0.527236572265625 -0.2045
vn 0 0 -1
v 0.206601455688477 0.528503662109375 -0.2045
vn 0 0 -1
v 0.206209915161133 0.529708740234375 -0.2045
vn 0 0 -1
v 0.205465133666992 0.530733825683594 -0.2045
vn 0 0 -1
v 0.204440048217773 0.531478576660156 -0.2045
vn 0 0 -1
v 0.169364379882812 0.406124298095703 -0.2045
vn 0 0 -1
v 0.168159317016602 0.405732757568359 -0.2045
vn 0 0 -1
v 0.167134231567383 0.404987976074219 -0.2045
vn 0 0 -1
v 0.166389465332031 0.403962890625 -0.2045
vn 0 0 -1
v 0.165997924804688 0.402757843017578 -0.2045
vn 0 0 -1
v 0.165997924804688 0.401490753173828 -0.2045
vn 0 0 -1
v 0.166389465332031 0.400285705566406 -0.2045
vn 0 0 -1
v 0.167134231567383 0.399260620117187 -0.2045
vn 0 0 -1
v 0.168159317016602 0.398515838623047 -0.2045
vn 0 0 -1
v 0.169364379882812 0.398124298095703 -0.2045
vn 0 0 -1
v 0.170631454467773 0.398124298095703 -0.2045
vn 0 0 -1
v 0.171836517333984 0.398515838623047 -0.2045
vn 0 0 -1
v 0.172861602783203 0.399260620117187 -0.2045
vn 0 0 -1
v 0.173606369018555 0.400285705566406 -0.2045
vn 0 0 -1
v 0.173997924804688 0.401490753173828 -0.2045
vn 0 0 -1
v 0.173997924804688 0.402757843017578 -0.2045
vn 0 0 -1
v 0.173606369018555 0.403962890625 -0.2045
vn 0 0 -1
v 0.172861602783203 0.404987976074219 -0.2045
vn 0 0 -1
v 0.171836517333984 0.405732757568359 -0.2045
vn 0 0 -1
v 0.170631454467773 0.406124298095703 -0.2045
vn 0 0 -1
v 0.178179626464844 0.397493225097656 -0.2045
vn 0.777145981788635 -0.629320383071899 0
v 0.178179626464844 0.397493225097656 -0.179690658569336
vn 0.777145981788635 -0.629320383071899 0
v 0.176186141967773 0.395031494140625 -0.179212203979492
vn 0.777145981788635 -0.629320383071899 0
v 0.176186141967773 0.395031494140625 -0.2045
vn 0.777145981788635 -0.629320383071899 0
v 0.213157653808594 0.528033020019531 -0.2045
vn 0.987688362598419 -0.156434461474419 0
v 0.213157653808594 0.528033020019531 -0.179733276367188
vn 0.987688362598419 -0.156434461474419 0
v 0.212662124633789 0.524904296875 -0.180354446411133
vn 0.987688362598419 -0.156434461474419 0
v 0.212662124633789 0.524904296875 -0.2045
vn 0.987688362598419 -0.156434461474419 0
v 0.0802643051147461 0.496096374511719 -0.2045
vn -0.80901700258255 -0.587785243988037 0
v 0.0810090713500977 0.4950712890625 -0.2045
vn -0.80901700258255 -0.587785243988037 0
v 0.0810090713500977 0.4950712890625 -0.1885
vn -0.80901700258255 -0.587785243988037 0
v 0.0802643051147461 0.496096374511719 -0.1885
vn -0.80901700258255 -0.587785243988037 0
v 0.0814006195068359 0.493866241455078 -0.2045
vn -1 0 0
v 0.0814006195068359 0.492599151611328 -0.2045
vn -1 0 0
v 0.0814006195068359 0.492599151611328 -0.1885
vn -1 0 0
v 0.0814006195068359 0.493866241455078 -0.1885
vn -1 0 0
v 0.176186141967773 0.395031494140625 -0.2045
vn 0.544639050960541 -0.838670551776886 0
v 0.176186141967773 0.395031494140625 -0.179212203979492
vn 0.544639050960541 -0.838670551776886 0
v 0.173529495239258 0.393306243896484 -0.178984848022461
vn 0.544639050960541 -0.838670551776886 0
v 0.173529495239258 0.393306243896484 -0.2045
vn 0.544639050960541 -0.838670551776886 0
v 0.1382646484375 0.549094116210938 -0.182
vn 0 0.998629510402679 -0.0523359552025795
v 0.1617353515625 0.549094116210938 -0.182
vn 0 0.998629510402679 -0.0523359552025795
v 0.161548583984375 0.547914916992188 -0.2045
vn 0 0.998629510402679 -0.0523359552025795
v 0.138451416015625 0.547914916992188 -0.2045
vn 0 0.998629510402679 -0.0523359552025795
v 0.0734375 0.485162109375 -0.2045
vn -0.544639050960541 -0.838670551776886 0
v 0.0734375 0.485162109375 -0.181315444946289
vn -0.544639050960541 -0.838670551776886 0
v 0.0707808456420898 0.486887359619141 -0.180578689575195
vn -0.544639050960541 -0.838670551776886 0
v 0.0707808456420898 0.486887359619141 -0.2045
vn -0.544639050960541 -0.838670551776886 0
v 0.0780341567993164 0.497232696533203 -0.2045
vn -0.30901700258255 -0.95105654001236 0
v 0.0792392196655273 0.496841156005859 -0.2045
vn -0.30901700258255 -0.95105654001236 0
v 0.0792392196655273 0.496841156005859 -0.1885
vn -0.30901700258255 -0.95105654001236 0
v 0.0780341567993164 0.497232696533203 -0.1885
vn -0.30901700258255 -0.95105654001236 0
v 0.173529495239258 0.393306243896484 -0.2045
vn 0.258819043636322 -0.965925812721252 0
v 0.173529495239258 0.393306243896484 -0.178984848022461
vn 0.258819043636322 -0.965925812721252 0
v 0.170469741821289 0.392486389160156 -0.179030822753906
vn 0.258819043636322 -0.965925812721252 0
v 0.170469741821289 0.392486389160156 -0.2045
vn 0.258819043636322 -0.965925812721252 0
v 0.216841247558594 0.509057312011719 -0.182
vn 0.949753105640411 0.308593511581421 -0.0523359552025795
v 0.224094100952148 0.4867353515625 -0.182
vn 0.949753105640411 0.308593511581421 -0.0523359552025795
v 0.222914916992188 0.486548583984375 -0.2045
vn 0.949753105640411 0.308593511581421 -0.0523359552025795
v 0.215777496337891 0.508515319824219 -0.2045
vn 0.949753105640411 0.308593511581421 -0.0523359552025795
v 0.1617353515625 0.549094116210938 -0.182
vn 0.308593511581421 0.949753105640411 -0.0523359552025795
v 0.184057312011719 0.541841247558594 -0.182
vn 0.308593511581421 0.949753105640411 -0.0523359552025795
v 0.18351530456543 0.540777526855469 -0.2045
vn 0.308593511581421 0.949753105640411 -0.0523359552025795
v 0.161548583984375 0.547914916992188 -0.2045
vn 0.308593511581421 0.949753105640411 -0.0523359552025795
v 0.0754505310058594 0.504314819335937 -0.2045
vn -0.0523359552025795 0.998629510402679 0
v 0.0754505310058594 0.504314819335937 -0.18037336730957
vn -0.0523359552025795 0.998629510402679 0
v 0.0786138763427734 0.504480621337891 -0.181193496704102
vn -0.0523359552025795 0.998629510402679 0
v 0.0786138763427734 0.504480621337891 -0.2045
vn -0.0523359552025795 0.998629510402679 0
v 0.0780341567993164 0.489232696533203 -0.2045
vn 1.31431351262437E-13 1 0
v 0.0767670822143555 0.489232696533203 -0.2045
vn 1.31431351262437E-13 1 0
v 0.0767670822143555 0.489232696533203 -0.1885
vn 1.31431351262437E-13 1 0
v 0.0780341567993164 0.489232696533203 -0.1885
vn 1.31431351262437E-13 1 0
v 0.204440048217773 0.531478576660156 -0.2045
vn -0.587785243988037 -0.80901700258255 0
v 0.205465133666992 0.530733825683594 -0.2045
vn -0.587785243988037 -0.80901700258255 0
v 0.205465133666992 0.530733825683594 -0.1885
vn -0.587785243988037 -0.80901700258255 0
v 0.204440048217773 0.531478576660156 -0.1885
vn -0.587785243988037 -0.80901700258255 0
v 0.206209915161133 0.529708740234375 -0.2045
vn -0.95105654001236 -0.30901700258255 0
v 0.206601455688477 0.528503662109375 -0.2045
vn -0.95105654001236 -0.30901700258255 0
v 0.206601455688477 0.528503662109375 -0.1885
vn -0.95105654001236 -0.30901700258255 0
v 0.206209915161133 0.529708740234375 -0.1885
vn -0.95105654001236 -0.30901700258255 0
v 0.206161697387695 0.537662109375 -0.2045
vn 0.453990489244461 0.891006529331207 0
v 0.206161697387695 0.537662109375 -0.179334457397461
vn 0.453990489244461 0.891006529331207 0
v 0.208984130859375 0.536223999023438 -0.179197036743164
vn 0.453990489244461 0.891006529331207 0
v 0.208984130859375 0.536223999023438 -0.2045
vn 0.453990489244461 0.891006529331207 0
v 0.197081893920898 0.536223999023438 -0.2045
vn -0.453990489244461 0.891006529331207 0
v 0.197081893920898 0.536223999023438 -0.181137176513672
vn -0.453990489244461 0.891006529331207 0
v 0.199904312133789 0.537662109375 -0.180354446411133
vn -0.453990489244461 0.891006529331207 0
v 0.199904312133789 0.537662109375 -0.2045
vn -0.453990489244461 0.891006529331207 0
v 0.0786138763427734 0.504480621337891 -0.2045
vn 0.258819043636322 0.965925812721252 0
v 0.0786138763427734 0.504480621337891 -0.181193496704102
vn 0.258819043636322 0.965925812721252 0
v 0.0814267883300781 0.503726898193359 -0.182
vn 0.258819043636322 0.965925812721252 0
v 0.0825673522949219 0.503421295166016 -0.2045
vn 0.258819043636322 0.965925812721252 0
v 0.077085075378418 0.484184722900391 -0.2045
vn -0.258819043636322 -0.965925812721252 0
v 0.0759059066772461 0.484500701904297 -0.182
vn -0.258819043636322 -0.965925812721252 0
v 0.0734375 0.485162109375 -0.181315444946289
vn -0.258819043636322 -0.965925812721252 0
v 0.0734375 0.485162109375 -0.2045
vn -0.258819043636322 -0.965925812721252 0
v 0.0802643051147461 0.490369018554688 -0.2045
vn -0.587785243988037 0.80901700258255 0
v 0.0792392196655273 0.489624237060547 -0.2045
vn -0.587785243988037 0.80901700258255 0
v 0.0792392196655273 0.489624237060547 -0.1885
vn -0.587785243988037 0.80901700258255 0
v 0.0802643051147461 0.490369018554688 -0.1885
vn -0.587785243988037 0.80901700258255 0
v 0.201967926025391 0.5318701171875 -0.2045
vn 0 -1 0
v 0.203235000610352 0.5318701171875 -0.2045
vn 0 -1 0
v 0.203235000610352 0.5318701171875 -0.1885
vn 0 -1 0
v 0.201967926025391 0.5318701171875 -0.1885
vn 0 -1 0
v 0.199904312133789 0.537662109375 -0.2045
vn -0.156434461474419 0.987688362598419 0
v 0.199904312133789 0.537662109375 -0.180354446411133
vn -0.156434461474419 0.987688362598419 0
v 0.203033004760742 0.538157653808594 -0.179733276367188
vn -0.156434461474419 0.987688362598419 0
v 0.203033004760742 0.538157653808594 -0.2045
vn -0.156434461474419 0.987688362598419 0
v 0.0687873611450195 0.489349090576172 -0.2045
vn -0.93358039855957 -0.358367949724197 0
v 0.0687873611450195 0.489349090576172 -0.179898483276367
vn -0.93358039855957 -0.358367949724197 0
v 0.0676521606445313 0.492306396484375 -0.179345642089844
vn -0.93358039855957 -0.358367949724197 0
v 0.0676521606445313 0.492306396484375 -0.2045
vn -0.93358039855957 -0.358367949724197 0
v 0.0810090713500977 0.4950712890625 -0.2045
vn -0.95105654001236 -0.30901700258255 0
v 0.0814006195068359 0.493866241455078 -0.2045
vn -0.95105654001236 -0.30901700258255 0
v 0.0814006195068359 0.493866241455078 -0.1885
vn -0.95105654001236 -0.30901700258255 0
v 0.0810090713500977 0.4950712890625 -0.1885
vn -0.95105654001236 -0.30901700258255 0
v 0.0814006195068359 0.492599151611328 -0.2045
vn -0.95105654001236 0.30901700258255 0
v 0.0810090713500977 0.491394104003906 -0.2045
vn -0.95105654001236 0.30901700258255 0
v 0.0810090713500977 0.491394104003906 -0.1885
vn -0.95105654001236 0.30901700258255 0
v 0.0814006195068359 0.492599151611328 -0.1885
vn -0.95105654001236 0.30901700258255 0
v 0.206209915161133 0.526031494140625 -0.2045
vn -0.80901700258255 0.587785243988037 0
v 0.205465133666992 0.525006408691406 -0.2045
vn -0.80901700258255 0.587785243988037 0
v 0.205465133666992 0.525006408691406 -0.1885
vn -0.80901700258255 0.587785243988037 0
v 0.206209915161133 0.526031494140625 -0.1885
vn -0.80901700258255 0.587785243988037 0
v 0.204440048217773 0.524261657714844 -0.2045
vn -0.30901700258255 0.95105654001236 0
v 0.203235000610352 0.5238701171875 -0.2045
vn -0.30901700258255 0.95105654001236 0
v 0.203235000610352 0.5238701171875 -0.1885
vn -0.30901700258255 0.95105654001236 0
v 0.204440048217773 0.524261657714844 -0.1885
vn -0.30901700258255 0.95105654001236 0
v 0.164349105834961 0.393787353515625 -0.2045
vn -0.629320383071899 -0.777145981788635 0
v 0.164349105834961 0.393787353515625 -0.179898483276367
vn -0.629320383071899 -0.777145981788635 0
v 0.162644149780273 0.395167999267578 -0.180408737182617
vn -0.629320383071899 -0.777145981788635 0
v 0.161887344360352 0.395780853271484 -0.180578689575195
vn -0.629320383071899 -0.777145981788635 0
v 0.161887344360352 0.395780853271484 -0.2045
vn -0.629320383071899 -0.777145981788635 0
v 0.216841247558594 0.440942687988281 -0.182
vn 0.807908236980438 -0.586979687213898 -0.0523359552025795
v 0.203045516967773 0.421954498291016 -0.182
vn 0.807908236980438 -0.586979687213898 -0.0523359552025795
v 0.202201324462891 0.422798675537109 -0.2045
vn 0.807908236980438 -0.586979687213898 -0.0523359552025795
v 0.215777496337891 0.441484680175781 -0.2045
vn 0.807908236980438 -0.586979687213898 -0.0523359552025795
v 0.0792392196655273 0.496841156005859 -0.2045
vn -0.587785243988037 -0.80901700258255 0
v 0.0802643051147461 0.496096374511719 -0.2045
vn -0.587785243988037 -0.80901700258255 0
v 0.0802643051147461 0.496096374511719 -0.1885
vn -0.587785243988037 -0.80901700258255 0
v 0.0792392196655273 0.496841156005859 -0.1885
vn -0.587785243988037 -0.80901700258255 0
v 0.0745369338989258 0.490369018554688 -0.2045
vn 0.80901700258255 0.587785243988037 0
v 0.0737921676635742 0.491394104003906 -0.2045
vn 0.80901700258255 0.587785243988037 0
v 0.0737921676635742 0.491394104003906 -0.1885
vn 0.80901700258255 0.587785243988037 0
v 0.0745369338989258 0.490369018554688 -0.1885
vn 0.80901700258255 0.587785243988037 0
v 0.0734006195068359 0.492599151611328 -0.2045
vn 1 0 0
v 0.0734006195068359 0.493866241455078 -0.2045
vn 1 0 0
v 0.0734006195068359 0.493866241455078 -0.1885
vn 1 0 0
v 0.0734006195068359 0.492599151611328 -0.1885
vn 1 0 0
v 0.206601455688477 0.528503662109375 -0.2045
vn -1 0 0
v 0.206601455688477 0.527236572265625 -0.2045
vn -1 0 0
v 0.206601455688477 0.527236572265625 -0.1885
vn -1 0 0
v 0.206601455688477 0.528503662109375 -0.1885
vn -1 0 0
v 0.203045516967773 0.421954498291016 -0.182
vn 0.586979687213898 -0.807908236980438 -0.0523359552025795
v 0.184057312011719 0.408158752441406 -0.182
vn 0.586979687213898 -0.807908236980438 -0.0523359552025795
v 0.18351530456543 0.409222503662109 -0.2045
vn 0.586979687213898 -0.807908236980438 -0.0523359552025795
v 0.202201324462891 0.422798675537109 -0.2045
vn 0.586979687213898 -0.807908236980438 -0.0523359552025795
v 0.211224029541016 0.533984130859375 -0.2045
vn 0.891006529331207 0.453990489244461 0
v 0.211224029541016 0.533984130859375 -0.179197036743164
vn 0.891006529331207 0.453990489244461 0
v 0.212662124633789 0.531161682128906 -0.179334457397461
vn 0.891006529331207 0.453990489244461 0
v 0.212662124633789 0.531161682128906 -0.2045
vn 0.891006529331207 0.453990489244461 0
v 0.1382646484375 0.400905914306641 -0.182
vn -0.308593511581421 -0.949753105640411 -0.0523359552025795
v 0.115942680358887 0.408158752441406 -0.182
vn -0.308593511581421 -0.949753105640411 -0.0523359552025795
v 0.116484687805176 0.409222503662109 -0.2045
vn -0.308593511581421 -0.949753105640411 -0.0523359552025795
v 0.138451416015625 0.402085083007812 -0.2045
vn -0.308593511581421 -0.949753105640411 -0.0523359552025795
v 0.0767670822143555 0.489232696533203 -0.2045
vn 0.30901700258255 0.95105654001236 0
v 0.0755620193481445 0.489624237060547 -0.2045
vn 0.30901700258255 0.95105654001236 0
v 0.0755620193481445 0.489624237060547 -0.1885
vn 0.30901700258255 0.95105654001236 0
v 0.0767670822143555 0.489232696533203 -0.1885
vn 0.30901700258255 0.95105654001236 0
v 0.205465133666992 0.530733825683594 -0.2045
vn -0.80901700258255 -0.587785243988037 0
v 0.206209915161133 0.529708740234375 -0.2045
vn -0.80901700258255 -0.587785243988037 0
v 0.206209915161133 0.529708740234375 -0.1885
vn -0.80901700258255 -0.587785243988037 0
v 0.205465133666992 0.530733825683594 -0.1885
vn -0.80901700258255 -0.587785243988037 0
v 0.179480621337891 0.403613891601563 -0.2045
vn 0.998629510402679 -0.0523359552025795 0
v 0.179480621337891 0.403613891601563 -0.181193496704102
vn 0.998629510402679 -0.0523359552025795 0
v 0.179314834594727 0.400450531005859 -0.18037336730957
vn 0.998629510402679 -0.0523359552025795 0
v 0.179314834594727 0.400450531005859 -0.2045
vn 0.998629510402679 -0.0523359552025795 0
v 0.0969544830322266 0.528045532226562 -0.182
vn -0.586979687213898 0.807908236980438 -0.0523359552025795
v 0.115942680358887 0.541841247558594 -0.182
vn -0.586979687213898 0.807908236980438 -0.0523359552025795
v 0.116484687805176 0.540777526855469 -0.2045
vn -0.586979687213898 0.807908236980438 -0.0523359552025795
v 0.0977986831665039 0.527201293945313 -0.2045
vn -0.586979687213898 0.807908236980438 -0.0523359552025795
v 0.0810090713500977 0.491394104003906 -0.2045
vn -0.80901700258255 0.587785243988037 0
v 0.0802643051147461 0.490369018554688 -0.2045
vn -0.80901700258255 0.587785243988037 0
v 0.0802643051147461 0.490369018554688 -0.1885
vn -0.80901700258255 0.587785243988037 0
v 0.0810090713500977 0.491394104003906 -0.1885
vn -0.80901700258255 0.587785243988037 0
v 0.0792392196655273 0.489624237060547 -0.2045
vn -0.30901700258255 0.95105654001236 0
v 0.0780341567993164 0.489232696533203 -0.2045
vn -0.30901700258255 0.95105654001236 0
v 0.0780341567993164 0.489232696533203 -0.1885
vn -0.30901700258255 0.95105654001236 0
v 0.0792392196655273 0.489624237060547 -0.1885
vn -0.30901700258255 0.95105654001236 0
v 0.203235000610352 0.5318701171875 -0.2045
vn -0.30901700258255 -0.95105654001236 0
v 0.204440048217773 0.531478576660156 -0.2045
vn -0.30901700258255 -0.95105654001236 0
v 0.204440048217773 0.531478576660156 -0.1885
vn -0.30901700258255 -0.95105654001236 0
v 0.203235000610352 0.5318701171875 -0.1885
vn -0.30901700258255 -0.95105654001236 0
v 0.20076286315918 0.524261657714844 -0.2045
vn 0.587785243988037 0.80901700258255 0
v 0.199737777709961 0.525006408691406 -0.2045
vn 0.587785243988037 0.80901700258255 0
v 0.199737777709961 0.525006408691406 -0.1885
vn 0.587785243988037 0.80901700258255 0
v 0.20076286315918 0.524261657714844 -0.1885
vn 0.587785243988037 0.80901700258255 0
v 0.198993011474609 0.526031494140625 -0.2045
vn 0.95105654001236 0.30901700258255 0
v 0.198601455688477 0.527236572265625 -0.2045
vn 0.95105654001236 0.30901700258255 0
v 0.198601455688477 0.527236572265625 -0.1885
vn 0.95105654001236 0.30901700258255 0
v 0.198993011474609 0.526031494140625 -0.1885
vn 0.95105654001236 0.30901700258255 0
v 0.179314834594727 0.400450531005859 -0.2045
vn 0.93358039855957 -0.358367949724197 0
v 0.179314834594727 0.400450531005859 -0.18037336730957
vn 0.93358039855957 -0.358367949724197 0
v 0.178179626464844 0.397493225097656 -0.179690658569336
vn 0.93358039855957 -0.358367949724197 0
v 0.178179626464844 0.397493225097656 -0.2045
vn 0.93358039855957 -0.358367949724197 0
v 0.115942680358887 0.541841247558594 -0.182
vn -0.308593511581421 0.949753105640411 -0.0523359552025795
v 0.1382646484375 0.549094116210938 -0.182
vn -0.308593511581421 0.949753105640411 -0.0523359552025795
v 0.138451416015625 0.547914916992188 -0.2045
vn -0.308593511581421 0.949753105640411 -0.0523359552025795
v 0.116484687805176 0.540777526855469 -0.2045
vn -0.308593511581421 0.949753105640411 -0.0523359552025795
v 0.0700314788818359 0.501186157226562 -0.2045
vn -0.629320383071899 0.777145981788635 0
v 0.0700314788818359 0.501186157226562 -0.179212203979492
vn -0.629320383071899 0.777145981788635 0
v 0.0724932403564453 0.503179626464844 -0.179690658569336
vn -0.629320383071899 0.777145981788635 0
v 0.0724932403564453 0.503179626464844 -0.2045
vn -0.629320383071899 0.777145981788635 0
v 0.090628173828125 0.431999328613281 -0.197
vn -0.807908236980438 -0.586979687213898 -0.0523359552025795
v 0.0900653762817383 0.4314365234375 -0.182
vn -0.807908236980438 -0.586979687213898 -0.0523359552025795
v 0.0831587524414062 0.440942687988281 -0.182
vn -0.807908236980438 -0.586979687213898 -0.0523359552025795
v 0.0842224960327148 0.441484680175781 -0.2045
vn -0.807908236980438 -0.586979687213898 -0.0523359552025795
v 0.0977986831665039 0.422798675537109 -0.2045
vn -0.807908236980438 -0.586979687213898 -0.0523359552025795
v 0.0975172805786133 0.422517272949219 -0.197
vn -0.807908236980438 -0.586979687213898 -0.0523359552025795
v 0.0745369338989258 0.496096374511719 -0.2045
vn 0.587785243988037 -0.80901700258255 0
v 0.0755620193481445 0.496841156005859 -0.2045
vn 0.587785243988037 -0.80901700258255 0
v 0.0755620193481445 0.496841156005859 -0.1885
vn 0.587785243988037 -0.80901700258255 0
v 0.0745369338989258 0.496096374511719 -0.1885
vn 0.587785243988037 -0.80901700258255 0
v 0.205465133666992 0.525006408691406 -0.2045
vn -0.587785243988037 0.80901700258255 0
v 0.204440048217773 0.524261657714844 -0.2045
vn -0.587785243988037 0.80901700258255 0
v 0.204440048217773 0.524261657714844 -0.1885
vn -0.587785243988037 0.80901700258255 0
v 0.205465133666992 0.525006408691406 -0.1885
vn -0.587785243988037 0.80901700258255 0
v 0.203235000610352 0.5238701171875 -0.2045
vn 0 1 0
v 0.201967926025391 0.5238701171875 -0.2045
vn 0 1 0
v 0.201967926025391 0.5238701171875 -0.1885
vn 0 1 0
v 0.203235000610352 0.5238701171875 -0.1885
vn 0 1 0
v 0.212662124633789 0.524904296875 -0.2045
vn 0.891006529331207 -0.453990489244461 0
v 0.212662124633789 0.524904296875 -0.180354446411133
vn 0.891006529331207 -0.453990489244461 0
v 0.211224029541016 0.522081909179688 -0.181137176513672
vn 0.891006529331207 -0.453990489244461 0
v 0.211224029541016 0.522081909179688 -0.2045
vn 0.891006529331207 -0.453990489244461 0
v 0.0724932403564453 0.503179626464844 -0.2045
vn -0.358367949724197 0.93358039855957 0
v 0.0724932403564453 0.503179626464844 -0.179690658569336
vn -0.358367949724197 0.93358039855957 0
v 0.0754505310058594 0.504314819335937 -0.18037336730957
vn -0.358367949724197 0.93358039855957 0
v 0.0754505310058594 0.504314819335937 -0.2045
vn -0.358367949724197 0.93358039855957 0
v 0.0737921676635742 0.491394104003906 -0.2045
vn 0.95105654001236 0.30901700258255 0
v 0.0734006195068359 0.492599151611328 -0.2045
vn 0.95105654001236 0.30901700258255 0
v 0.0734006195068359 0.492599151611328 -0.1885
vn 0.95105654001236 0.30901700258255 0
v 0.0737921676635742 0.491394104003906 -0.1885
vn 0.95105654001236 0.30901700258255 0
v 0.0734006195068359 0.493866241455078 -0.2045
vn 0.95105654001236 -0.30901700258255 0
v 0.0737921676635742 0.4950712890625 -0.2045
vn 0.95105654001236 -0.30901700258255 0
v 0.0737921676635742 0.4950712890625 -0.1885
vn 0.95105654001236 -0.30901700258255 0
v 0.0734006195068359 0.493866241455078 -0.1885
vn 0.95105654001236 -0.30901700258255 0
v 0.206601455688477 0.527236572265625 -0.2045
vn -0.95105654001236 0.30901700258255 0
v 0.206209915161133 0.526031494140625 -0.2045
vn -0.95105654001236 0.30901700258255 0
v 0.206209915161133 0.526031494140625 -0.1885
vn -0.95105654001236 0.30901700258255 0
v 0.206601455688477 0.527236572265625 -0.1885
vn -0.95105654001236 0.30901700258255 0
v 0.211224029541016 0.522081909179688 -0.2045
vn 0.70710676908493 -0.70710676908493 0
v 0.211224029541016 0.522081909179688 -0.181137176513672
vn 0.70710676908493 -0.70710676908493 0
v 0.208996643066406 0.5198544921875 -0.182
vn 0.70710676908493 -0.70710676908493 0
v 0.208152435302734 0.519010314941406 -0.2045
vn 0.70710676908493 -0.70710676908493 0
v 0.194010299682617 0.533152465820313 -0.2045
vn -0.70710676908493 0.70710676908493 0
v 0.194854507446289 0.533996643066406 -0.182
vn -0.70710676908493 0.70710676908493 0
v 0.197081893920898 0.536223999023438 -0.181137176513672
vn -0.70710676908493 0.70710676908493 0
v 0.197081893920898 0.536223999023438 -0.2045
vn -0.70710676908493 0.70710676908493 0
v 0.184057312011719 0.541841247558594 -0.182
vn 0.586979687213898 0.807908236980438 -0.0523359552025795
v 0.194854507446289 0.533996643066406 -0.182
vn 0.586979687213898 0.807908236980438 -0.0523359552025795
v 0.194010299682617 0.533152465820313 -0.2045
vn 0.586979687213898 0.807908236980438 -0.0523359552025795
v 0.18351530456543 0.540777526855469 -0.2045
vn 0.586979687213898 0.807908236980438 -0.0523359552025795
v 0.0842224960327148 0.508515319824219 -0.2045
vn -0.949753105640411 0.308593511581421 -0.0523359552025795
v 0.0825673522949219 0.503421295166016 -0.2045
vn -0.949753105640411 0.308593511581421 -0.0523359552025795
v 0.0814267883300781 0.503726898193359 -0.182
vn -0.949753105640411 0.308593511581421 -0.0523359552025795
v 0.0831587524414062 0.509057312011719 -0.182
vn -0.949753105640411 0.308593511581421 -0.0523359552025795
v 0.0755620193481445 0.489624237060547 -0.2045
vn 0.587785243988037 0.80901700258255 0
v 0.0745369338989258 0.490369018554688 -0.2045
vn 0.587785243988037 0.80901700258255 0
v 0.0745369338989258 0.490369018554688 -0.1885
vn 0.587785243988037 0.80901700258255 0
v 0.0755620193481445 0.489624237060547 -0.1885
vn 0.587785243988037 0.80901700258255 0
v 0.198993011474609 0.529708740234375 -0.2045
vn 0.80901700258255 -0.587785243988037 0
v 0.199737777709961 0.530733825683594 -0.2045
vn 0.80901700258255 -0.587785243988037 0
v 0.199737777709961 0.530733825683594 -0.1885
vn 0.80901700258255 -0.587785243988037 0
v 0.198993011474609 0.529708740234375 -0.1885
vn 0.80901700258255 -0.587785243988037 0
v 0.224094100952148 0.4867353515625 -0.182
vn 0.998629510402679 0 -0.0523359552025795
v 0.224094100952148 0.4632646484375 -0.182
vn 0.998629510402679 0 -0.0523359552025795
v 0.222914916992188 0.463451416015625 -0.2045
vn 0.998629510402679 0 -0.0523359552025795
v 0.222914916992188 0.486548583984375 -0.2045
vn 0.998629510402679 0 -0.0523359552025795
v 0.0707808456420898 0.486887359619141 -0.2045
vn -0.777145981788635 -0.629320383071899 0
v 0.0707808456420898 0.486887359619141 -0.180578689575195
vn -0.777145981788635 -0.629320383071899 0
v 0.0701680068969727 0.487644134521484 -0.180408737182617
vn -0.777145981788635 -0.629320383071899 0
v 0.0687873611450195 0.489349090576172 -0.179898483276367
vn -0.777145981788635 -0.629320383071899 0
v 0.0687873611450195 0.489349090576172 -0.2045
vn -0.777145981788635 -0.629320383071899 0
v 0.199737777709961 0.525006408691406 -0.2045
vn 0.80901700258255 0.587785243988037 0
v 0.198993011474609 0.526031494140625 -0.2045
vn 0.80901700258255 0.587785243988037 0
v 0.198993011474609 0.526031494140625 -0.1885
vn 0.80901700258255 0.587785243988037 0
v 0.199737777709961 0.525006408691406 -0.1885
vn 0.80901700258255 0.587785243988037 0
v 0.198601455688477 0.527236572265625 -0.2045
vn 1 0 0
v 0.198601455688477 0.528503662109375 -0.2045
vn 1 0 0
v 0.198601455688477 0.528503662109375 -0.1885
vn 1 0 0
v 0.198601455688477 0.527236572265625 -0.1885
vn 1 0 0
v 0.170469741821289 0.392486389160156 -0.2045
vn -0.0523359552025795 -0.998629510402679 0
v 0.170469741821289 0.392486389160156 -0.179030822753906
vn -0.0523359552025795 -0.998629510402679 0
v 0.167306396484375 0.392652160644531 -0.179345642089844
vn -0.0523359552025795 -0.998629510402679 0
v 0.167306396484375 0.392652160644531 -0.2045
vn -0.0523359552025795 -0.998629510402679 0
v 0.184057312011719 0.408158752441406 -0.182
vn 0.308593511581421 -0.949753105640411 -0.0523359552025795
v 0.178726898193359 0.406426788330078 -0.182
vn 0.308593511581421 -0.949753105640411 -0.0523359552025795
v 0.178421279907227 0.407567352294922 -0.2045
vn 0.308593511581421 -0.949753105640411 -0.0523359552025795
v 0.18351530456543 0.409222503662109 -0.2045
vn 0.308593511581421 -0.949753105640411 -0.0523359552025795
v 0.215777496337891 0.508515319824219 -0.2045
vn 0.807908236980438 0.586979687213898 -0.0523359552025795
v 0.208152435302734 0.519010314941406 -0.2045
vn 0.807908236980438 0.586979687213898 -0.0523359552025795
v 0.208996643066406 0.5198544921875 -0.182
vn 0.807908236980438 0.586979687213898 -0.0523359552025795
v 0.216841247558594 0.509057312011719 -0.182
vn 0.807908236980438 0.586979687213898 -0.0523359552025795
v 0.0755620193481445 0.496841156005859 -0.2045
vn 0.30901700258255 -0.95105654001236 0
v 0.0767670822143555 0.497232696533203 -0.2045
vn 0.30901700258255 -0.95105654001236 0
v 0.0767670822143555 0.497232696533203 -0.1885
vn 0.30901700258255 -0.95105654001236 0
v 0.0755620193481445 0.496841156005859 -0.1885
vn 0.30901700258255 -0.95105654001236 0
v 0.201967926025391 0.5238701171875 -0.2045
vn 0.30901700258255 0.95105654001236 0
v 0.20076286315918 0.524261657714844 -0.2045
vn 0.30901700258255 0.95105654001236 0
v 0.20076286315918 0.524261657714844 -0.1885
vn 0.30901700258255 0.95105654001236 0
v 0.201967926025391 0.5238701171875 -0.1885
vn 0.30901700258255 0.95105654001236 0
v 0.167306396484375 0.392652160644531 -0.2045
vn -0.358367949724197 -0.93358039855957 0
v 0.167306396484375 0.392652160644531 -0.179345642089844
vn -0.358367949724197 -0.93358039855957 0
v 0.164349105834961 0.393787353515625 -0.179898483276367
vn -0.358367949724197 -0.93358039855957 0
v 0.164349105834961 0.393787353515625 -0.2045
vn -0.358367949724197 -0.93358039855957 0
v 0.224094100952148 0.4632646484375 -0.182
vn 0.949753105640411 -0.308593511581421 -0.0523359552025795
v 0.216841247558594 0.440942687988281 -0.182
vn 0.949753105640411 -0.308593511581421 -0.0523359552025795
v 0.215777496337891 0.441484680175781 -0.2045
vn 0.949753105640411 -0.308593511581421 -0.0523359552025795
v 0.222914916992188 0.463451416015625 -0.2045
vn 0.949753105640411 -0.308593511581421 -0.0523359552025795
v 0.208984130859375 0.536223999023438 -0.2045
vn 0.70710676908493 0.70710676908493 0
v 0.208984130859375 0.536223999023438 -0.179197036743164
vn 0.70710676908493 0.70710676908493 0
v 0.210104080200195 0.535104064941406 -0.179265747070313
vn 0.70710676908493 0.70710676908493 0
v 0.211224029541016 0.533984130859375 -0.179197036743164
vn 0.70710676908493 0.70710676908493 0
v 0.211224029541016 0.533984130859375 -0.2045
vn 0.70710676908493 0.70710676908493 0
v 0.203033004760742 0.538157653808594 -0.2045
vn 0.156434461474419 0.987688362598419 0
v 0.203033004760742 0.538157653808594 -0.179733276367188
vn 0.156434461474419 0.987688362598419 0
v 0.206161697387695 0.537662109375 -0.179334457397461
vn 0.156434461474419 0.987688362598419 0
v 0.206161697387695 0.537662109375 -0.2045
vn 0.156434461474419 0.987688362598419 0
v 0.160162094116211 0.3984375 -0.2045
vn -0.965925812721252 -0.258819043636322 0
v 0.160162094116211 0.3984375 -0.181315444946289
vn -0.965925812721252 -0.258819043636322 0
v 0.159500686645508 0.400905914306641 -0.182
vn -0.965925812721252 -0.258819043636322 0
v 0.15918473815918 0.402085083007812 -0.2045
vn -0.965925812721252 -0.258819043636322 0
v 0.0737921676635742 0.4950712890625 -0.2045
vn 0.80901700258255 -0.587785243988037 0
v 0.0745369338989258 0.496096374511719 -0.2045
vn 0.80901700258255 -0.587785243988037 0
v 0.0745369338989258 0.496096374511719 -0.1885
vn 0.80901700258255 -0.587785243988037 0
v 0.0737921676635742 0.4950712890625 -0.1885
vn 0.80901700258255 -0.587785243988037 0
v 0.0767670822143555 0.497232696533203 -0.2045
vn 0 -1 0
v 0.0780341567993164 0.497232696533203 -0.2045
vn 0 -1 0
v 0.0780341567993164 0.497232696533203 -0.1885
vn 0 -1 0
v 0.0767670822143555 0.497232696533203 -0.1885
vn 0 -1 0
v 0.178421279907227 0.407567352294922 -0.2045
vn 0.965925812721252 0.258819043636322 0
v 0.178726898193359 0.406426788330078 -0.182
vn 0.965925812721252 0.258819043636322 0
v 0.179480621337891 0.403613891601563 -0.181193496704102
vn 0.965925812721252 0.258819043636322 0
v 0.179480621337891 0.403613891601563 -0.2045
vn 0.965925812721252 0.258819043636322 0
v 0.0831587524414062 0.509057312011719 -0.182
vn -0.807908236980438 0.586979687213898 -0.0523359552025795
v 0.0969544830322266 0.528045532226562 -0.182
vn -0.807908236980438 0.586979687213898 -0.0523359552025795
v 0.0977986831665039 0.527201293945313 -0.2045
vn -0.807908236980438 0.586979687213898 -0.0523359552025795
v 0.0842224960327148 0.508515319824219 -0.2045
vn -0.807908236980438 0.586979687213898 -0.0523359552025795
v 0.0676521606445313 0.492306396484375 -0.2045
vn -0.998629510402679 -0.0523359552025795 0
v 0.0676521606445313 0.492306396484375 -0.179345642089844
vn -0.998629510402679 -0.0523359552025795 0
v 0.0674863739013672 0.495469757080078 -0.179030822753906
vn -0.998629510402679 -0.0523359552025795 0
v 0.0674863739013672 0.495469757080078 -0.2045
vn -0.998629510402679 -0.0523359552025795 0
v 0.0831587524414062 0.440942687988281 -0.182
vn -0.949753105640411 -0.308593511581421 -0.0523359552025795
v 0.0759059066772461 0.4632646484375 -0.182
vn -0.949753105640411 -0.308593511581421 -0.0523359552025795
v 0.077085075378418 0.463451416015625 -0.2045
vn -0.949753105640411 -0.308593511581421 -0.0523359552025795
v 0.0842224960327148 0.441484680175781 -0.2045
vn -0.949753105640411 -0.308593511581421 -0.0523359552025795
v 0.138451416015625 0.402085083007812 -0.2045
vn -1.18094191127054E-15 -0.998629510402679 -0.0523359552025795
v 0.15918473815918 0.402085083007812 -0.2045
vn -1.18094191127054E-15 -0.998629510402679 -0.0523359552025795
v 0.159500686645508 0.400905914306641 -0.182
vn -1.18094191127054E-15 -0.998629510402679 -0.0523359552025795
v 0.1382646484375 0.400905914306641 -0.182
vn -1.18094191127054E-15 -0.998629510402679 -0.0523359552025795
v 0.198601455688477 0.528503662109375 -0.2045
vn 0.95105654001236 -0.30901700258255 0
v 0.198993011474609 0.529708740234375 -0.2045
vn 0.95105654001236 -0.30901700258255 0
v 0.198993011474609 0.529708740234375 -0.1885
vn 0.95105654001236 -0.30901700258255 0
v 0.198601455688477 0.528503662109375 -0.1885
vn 0.95105654001236 -0.30901700258255 0
v 0.199737777709961 0.530733825683594 -0.2045
vn 0.587785243988037 -0.80901700258255 0
v 0.20076286315918 0.531478576660156 -0.2045
vn 0.587785243988037 -0.80901700258255 0
v 0.20076286315918 0.531478576660156 -0.1885
vn 0.587785243988037 -0.80901700258255 0
v 0.199737777709961 0.530733825683594 -0.1885
vn 0.587785243988037 -0.80901700258255 0
v 0.20076286315918 0.531478576660156 -0.2045
vn 0.30901700258255 -0.95105654001236 0
v 0.201967926025391 0.5318701171875 -0.2045
vn 0.30901700258255 -0.95105654001236 0
v 0.201967926025391 0.5318701171875 -0.1885
vn 0.30901700258255 -0.95105654001236 0
v 0.20076286315918 0.531478576660156 -0.1885
vn 0.30901700258255 -0.95105654001236 0
v 0.161887344360352 0.395780853271484 -0.2045
vn -0.838670551776886 -0.544639050960541 0
v 0.161887344360352 0.395780853271484 -0.180578689575195
vn -0.838670551776886 -0.544639050960541 0
v 0.160162094116211 0.3984375 -0.181315444946289
vn -0.838670551776886 -0.544639050960541 0
v 0.160162094116211 0.3984375 -0.2045
vn -0.838670551776886 -0.544639050960541 0
v 0.0674863739013672 0.495469757080078 -0.2045
vn -0.965925812721252 0.258819043636322 0
v 0.0674863739013672 0.495469757080078 -0.179030822753906
vn -0.965925812721252 0.258819043636322 0
v 0.0683062362670898 0.498529479980469 -0.178984848022461
vn -0.965925812721252 0.258819043636322 0
v 0.0683062362670898 0.498529479980469 -0.2045
vn -0.965925812721252 0.258819043636322 0
v 0.212662124633789 0.531161682128906 -0.2045
vn 0.987688362598419 0.156434461474419 0
v 0.212662124633789 0.531161682128906 -0.179334457397461
vn 0.987688362598419 0.156434461474419 0
v 0.213157653808594 0.528033020019531 -0.179733276367188
vn 0.987688362598419 0.156434461474419 0
v 0.213157653808594 0.528033020019531 -0.2045
vn 0.987688362598419 0.156434461474419 0
v 0.0683062362670898 0.498529479980469 -0.2045
vn -0.838670551776886 0.544639050960541 0
v 0.0683062362670898 0.498529479980469 -0.178984848022461
vn -0.838670551776886 0.544639050960541 0
v 0.0700314788818359 0.501186157226562 -0.179212203979492
vn -0.838670551776886 0.544639050960541 0
v 0.0700314788818359 0.501186157226562 -0.2045
vn -0.838670551776886 0.544639050960541 0
v 0.0759059066772461 0.4632646484375 -0.182
vn -0.998629510402679 -5.90470955635268E-16 -0.0523359552025795
v 0.0759059066772461 0.484500701904297 -0.182
vn -0.998629510402679 -5.90470955635268E-16 -0.0523359552025795
v 0.077085075378418 0.484184722900391 -0.2045
vn -0.998629510402679 -5.90470955635268E-16 -0.0523359552025795
v 0.077085075378418 0.463451416015625 -0.2045
vn -0.998629510402679 -5.90470955635268E-16 -0.0523359552025795
v 0.1064365234375 0.415065368652344 -0.182
vn -0.586979687213898 -0.807908236980438 -0.0523359552025795
v 0.106999320983887 0.415628173828125 -0.197
vn -0.586979687213898 -0.807908236980438 -0.0523359552025795
v 0.0975172805786133 0.422517272949219 -0.197
vn -0.586979687213898 -0.807908236980438 -0.0523359552025795
v 0.0977986831665039 0.422798675537109 -0.2045
vn -0.586979687213898 -0.807908236980438 -0.0523359552025795
v 0.116484687805176 0.409222503662109 -0.2045
vn -0.586979687213898 -0.807908236980438 -0.0523359552025795
v 0.115942680358887 0.408158752441406 -0.182
vn -0.586979687213898 -0.807908236980438 -0.0523359552025795
v 0.179314834594727 0.400450531005859 -0.18037336730957
vn 0.0825811997056007 -0.254158794879913 -0.963630437850952
v 0.179480621337891 0.403613891601563 -0.181193496704102
vn 0.0825811997056007 -0.254158794879913 -0.963630437850952
v 0.178726898193359 0.406426788330078 -0.182
vn 0.0825811997056007 -0.254158794879913 -0.963630437850952
v 0.184057312011719 0.408158752441406 -0.182
vn 0.0825811997056007 -0.254158794879913 -0.963630437850952
v 0.21389128112793 0.349606292724609 -0.164
vn 0.0825811997056007 -0.254158794879913 -0.963630437850952
v 0.172015441894531 0.336 -0.164
vn 0.0825811997056007 -0.254158794879913 -0.963630437850952
v 0.162644149780273 0.395167999267578 -0.180408737182617
vn 0.0825811997056007 -0.254158794879913 -0.963630437850952
v 0.164349105834961 0.393787353515625 -0.179898483276367
vn 0.0825811997056007 -0.254158794879913 -0.963630437850952
v 0.167306396484375 0.392652160644531 -0.179345642089844
vn 0.0825811997056007 -0.254158794879913 -0.963630437850952
v 0.170469741821289 0.392486389160156 -0.179030822753906
vn 0.0825811997056007 -0.254158794879913 -0.963630437850952
v 0.173529495239258 0.393306243896484 -0.178984848022461
vn 0.0825811997056007 -0.254158794879913 -0.963630437850952
v 0.176186141967773 0.395031494140625 -0.179212203979492
vn 0.0825811997056007 -0.254158794879913 -0.963630437850952
v 0.178179626464844 0.397493225097656 -0.179690658569336
vn 0.0825811997056007 -0.254158794879913 -0.963630437850952
v 0.212662124633789 0.531161682128906 -0.179334457397461
vn 0.21620038151741 0.157078772783279 -0.963630437850952
v 0.211224029541016 0.533984130859375 -0.179197036743164
vn 0.21620038151741 0.157078772783279 -0.963630437850952
v 0.210104080200195 0.535104064941406 -0.179265747070313
vn 0.21620038151741 0.157078772783279 -0.963630437850952
v 0.24951301574707 0.574513000488281 -0.164
vn 0.21620038151741 0.157078772783279 -0.963630437850952
v 0.275393707275391 0.538891296386719 -0.164
vn 0.21620038151741 0.157078772783279 -0.963630437850952
v 0.216841247558594 0.509057312011719 -0.182
vn 0.21620038151741 0.157078772783279 -0.963630437850952
v 0.208996643066406 0.5198544921875 -0.182
vn 0.21620038151741 0.157078772783279 -0.963630437850952
v 0.211224029541016 0.522081909179688 -0.181137176513672
vn 0.21620038151741 0.157078772783279 -0.963630437850952
v 0.212662124633789 0.524904296875 -0.180354446411133
vn 0.21620038151741 0.157078772783279 -0.963630437850952
v 0.213157653808594 0.528033020019531 -0.179733276367188
vn 0.21620038151741 0.157078772783279 -0.963630437850952
v 0.0767670822143555 0.497232696533203 -0.1885
vn 0 0 -1
v 0.0780341567993164 0.497232696533203 -0.1885
vn 0 0 -1
v 0.0792392196655273 0.496841156005859 -0.1885
vn 0 0 -1
v 0.0802643051147461 0.496096374511719 -0.1885
vn 0 0 -1
v 0.0810090713500977 0.4950712890625 -0.1885
vn 0 0 -1
v 0.0814006195068359 0.493866241455078 -0.1885
vn 0 0 -1
v 0.0814006195068359 0.492599151611328 -0.1885
vn 0 0 -1
v 0.0810090713500977 0.491394104003906 -0.1885
vn 0 0 -1
v 0.0802643051147461 0.490369018554688 -0.1885
vn 0 0 -1
v 0.0792392196655273 0.489624237060547 -0.1885
vn 0 0 -1
v 0.0780341567993164 0.489232696533203 -0.1885
vn 0 0 -1
v 0.0767670822143555 0.489232696533203 -0.1885
vn 0 0 -1
v 0.0755620193481445 0.489624237060547 -0.1885
vn 0 0 -1
v 0.0745369338989258 0.490369018554688 -0.1885
vn 0 0 -1
v 0.0737921676635742 0.491394104003906 -0.1885
vn 0 0 -1
v 0.0734006195068359 0.492599151611328 -0.1885
vn 0 0 -1
v 0.0734006195068359 0.493866241455078 -0.1885
vn 0 0 -1
v 0.0737921676635742 0.4950712890625 -0.1885
vn 0 0 -1
v 0.0745369338989258 0.496096374511719 -0.1885
vn 0 0 -1
v 0.0755620193481445 0.496841156005859 -0.1885
vn 0 0 -1
v 0.127984565734863 0.614 -0.164
vn 0 0.26723837852478 -0.963630437850952
v 0.172015441894531 0.614 -0.164
vn 0 0.26723837852478 -0.963630437850952
v 0.1617353515625 0.549094116210938 -0.182
vn 0 0.26723837852478 -0.963630437850952
v 0.1382646484375 0.549094116210938 -0.182
vn 0 0.26723837852478 -0.963630437850952
v 0.0707808456420898 0.486887359619141 -0.180578689575195
vn -0.26723837852478 -5.26431373765242E-17 -0.963630437850952
v 0.0734375 0.485162109375 -0.181315444946289
vn -0.26723837852478 -5.26431373765242E-17 -0.963630437850952
v 0.0759059066772461 0.484500701904297 -0.182
vn -0.26723837852478 -5.26431373765242E-17 -0.963630437850952
v 0.0759059066772461 0.4632646484375 -0.182
vn -0.26723837852478 -5.26431373765242E-17 -0.963630437850952
v 0.011 0.452984558105469 -0.164
vn -0.26723837852478 -5.26431373765242E-17 -0.963630437850952
v 0.011 0.497015441894531 -0.164
vn -0.26723837852478 -5.26431373765242E-17 -0.963630437850952
v 0.0701680068969727 0.487644134521484 -0.180408737182617
vn -0.26723837852478 -5.26431373765242E-17 -0.963630437850952
v 0.275393707275391 0.538891296386719 -0.164
vn 0.254158794879913 0.0825811997056007 -0.963630437850952
v 0.289 0.497015441894531 -0.164
vn 0.254158794879913 0.0825811997056007 -0.963630437850952
v 0.224094100952148 0.4867353515625 -0.182
vn 0.254158794879913 0.0825811997056007 -0.963630437850952
v 0.216841247558594 0.509057312011719 -0.182
vn 0.254158794879913 0.0825811997056007 -0.963630437850952
v 0.172015441894531 0.614 -0.164
vn 0.0825811997056007 0.254158794879913 -0.963630437850952
v 0.21389128112793 0.600393737792969 -0.164
vn 0.0825811997056007 0.254158794879913 -0.963630437850952
v 0.184057312011719 0.541841247558594 -0.182
vn 0.0825811997056007 0.254158794879913 -0.963630437850952
v 0.1617353515625 0.549094116210938 -0.182
vn 0.0825811997056007 0.254158794879913 -0.963630437850952
v 0.0676521606445313 0.492306396484375 -0.179345642089844
vn -0.254158794879913 0.0825811997056007 -0.963630437850952
v 0.0687873611450195 0.489349090576172 -0.179898483276367
vn -0.254158794879913 0.0825811997056007 -0.963630437850952
v 0.0701680068969727 0.487644134521484 -0.180408737182617
vn -0.254158794879913 0.0825811997056007 -0.963630437850952
v 0.011 0.497015441894531 -0.164
vn -0.254158794879913 0.0825811997056007 -0.963630437850952
v 0.0246062889099121 0.538891296386719 -0.164
vn -0.254158794879913 0.0825811997056007 -0.963630437850952
v 0.0831587524414062 0.509057312011719 -0.182
vn -0.254158794879913 0.0825811997056007 -0.963630437850952
v 0.0814267883300781 0.503726898193359 -0.182
vn -0.254158794879913 0.0825811997056007 -0.963630437850952
v 0.0786138763427734 0.504480621337891 -0.181193496704102
vn -0.254158794879913 0.0825811997056007 -0.963630437850952
v 0.0754505310058594 0.504314819335937 -0.18037336730957
vn -0.254158794879913 0.0825811997056007 -0.963630437850952
v 0.0724932403564453 0.503179626464844 -0.179690658569336
vn -0.254158794879913 0.0825811997056007 -0.963630437850952
v 0.0700314788818359 0.501186157226562 -0.179212203979492
vn -0.254158794879913 0.0825811997056007 -0.963630437850952
v 0.0683062362670898 0.498529479980469 -0.178984848022461
vn -0.254158794879913 0.0825811997056007 -0.963630437850952
v 0.0674863739013672 0.495469757080078 -0.179030822753906
vn -0.254158794879913 0.0825811997056007 -0.963630437850952
v 0.20076286315918 0.531478576660156 -0.1885
vn 0 0 -1
v 0.201967926025391 0.5318701171875 -0.1885
vn 0 0 -1
v 0.203235000610352 0.5318701171875 -0.1885
vn 0 0 -1
v 0.204440048217773 0.531478576660156 -0.1885
vn 0 0 -1
v 0.205465133666992 0.530733825683594 -0.1885
vn 0 0 -1
v 0.206209915161133 0.529708740234375 -0.1885
vn 0 0 -1
v 0.206601455688477 0.528503662109375 -0.1885
vn 0 0 -1
v 0.206601455688477 0.527236572265625 -0.1885
vn 0 0 -1
v 0.206209915161133 0.526031494140625 -0.1885
vn 0 0 -1
v 0.205465133666992 0.525006408691406 -0.1885
vn 0 0 -1
v 0.204440048217773 0.524261657714844 -0.1885
vn 0 0 -1
v 0.203235000610352 0.5238701171875 -0.1885
vn 0 0 -1
v 0.201967926025391 0.5238701171875 -0.1885
vn 0 0 -1
v 0.20076286315918 0.524261657714844 -0.1885
vn 0 0 -1
v 0.199737777709961 0.525006408691406 -0.1885
vn 0 0 -1
v 0.198993011474609 0.526031494140625 -0.1885
vn 0 0 -1
v 0.198601455688477 0.527236572265625 -0.1885
vn 0 0 -1
v 0.198601455688477 0.528503662109375 -0.1885
vn 0 0 -1
v 0.198993011474609 0.529708740234375 -0.1885
vn 0 0 -1
v 0.199737777709961 0.530733825683594 -0.1885
vn 0 0 -1
v 0.24951301574707 0.574513000488281 -0.164
vn 0.157078772783279 0.21620038151741 -0.963630437850952
v 0.210104080200195 0.535104064941406 -0.179265747070313
vn 0.157078772783279 0.21620038151741 -0.963630437850952
v 0.208984130859375 0.536223999023438 -0.179197036743164
vn 0.157078772783279 0.21620038151741 -0.963630437850952
v 0.206161697387695 0.537662109375 -0.179334457397461
vn 0.157078772783279 0.21620038151741 -0.963630437850952
v 0.203033004760742 0.538157653808594 -0.179733276367188
vn 0.157078772783279 0.21620038151741 -0.963630437850952
v 0.199904312133789 0.537662109375 -0.180354446411133
vn 0.157078772783279 0.21620038151741 -0.963630437850952
v 0.197081893920898 0.536223999023438 -0.181137176513672
vn 0.157078772783279 0.21620038151741 -0.963630437850952
v 0.194854507446289 0.533996643066406 -0.182
vn 0.157078772783279 0.21620038151741 -0.963630437850952
v 0.184057312011719 0.541841247558594 -0.182
vn 0.157078772783279 0.21620038151741 -0.963630437850952
v 0.21389128112793 0.600393737792969 -0.164
vn 0.157078772783279 0.21620038151741 -0.963630437850952
v 0.1382646484375 0.400905914306641 -0.182
vn 0 -0.26723837852478 -0.963630437850952
v 0.159500686645508 0.400905914306641 -0.182
vn 0 -0.26723837852478 -0.963630437850952
v 0.160162094116211 0.3984375 -0.181315444946289
vn 0 -0.26723837852478 -0.963630437850952
v 0.161887344360352 0.395780853271484 -0.180578689575195
vn 0 -0.26723837852478 -0.963630437850952
v 0.162644149780273 0.395167999267578 -0.180408737182617
vn 0 -0.26723837852478 -0.963630437850952
v 0.172015441894531 0.336 -0.164
vn 0 -0.26723837852478 -0.963630437850952
v 0.127984565734863 0.336 -0.164
vn 0 -0.26723837852478 -0.963630437850952
v 0.275393707275391 0.411108703613281 -0.164
vn 0.21620038151741 -0.157078772783279 -0.963630437850952
v 0.24951301574707 0.375486999511719 -0.164
vn 0.21620038151741 -0.157078772783279 -0.963630437850952
v 0.203045516967773 0.421954498291016 -0.182
vn 0.21620038151741 -0.157078772783279 -0.963630437850952
v 0.216841247558594 0.440942687988281 -0.182
vn 0.21620038151741 -0.157078772783279 -0.963630437850952
v 0.24951301574707 0.375486999511719 -0.164
vn 0.157078772783279 -0.21620038151741 -0.963630437850952
v 0.21389128112793 0.349606292724609 -0.164
vn 0.157078772783279 -0.21620038151741 -0.963630437850952
v 0.184057312011719 0.408158752441406 -0.182
vn 0.157078772783279 -0.21620038151741 -0.963630437850952
v 0.203045516967773 0.421954498291016 -0.182
vn 0.157078772783279 -0.21620038151741 -0.963630437850952
v 0.0952847137451172 0.367615203857422 -0.169536239624023
vn -0.0825811997056007 -0.254158794879913 -0.963630437850952
v 0.101353797912598 0.375968566894531 -0.172259567260742
vn -0.0825811997056007 -0.254158794879913 -0.963630437850952
v 0.104544502258301 0.385788543701172 -0.175123031616211
vn -0.0825811997056007 -0.254158794879913 -0.963630437850952
v 0.115942680358887 0.408158752441406 -0.182
vn -0.0825811997056007 -0.254158794879913 -0.963630437850952
v 0.1382646484375 0.400905914306641 -0.182
vn -0.0825811997056007 -0.254158794879913 -0.963630437850952
v 0.127984565734863 0.336 -0.164
vn -0.0825811997056007 -0.254158794879913 -0.963630437850952
v 0.0861087112426758 0.349606292724609 -0.164
vn -0.0825811997056007 -0.254158794879913 -0.963630437850952
v 0.050486988067627 0.574513000488281 -0.164
vn -0.157078772783279 0.21620038151741 -0.963630437850952
v 0.0861087112426758 0.600393737792969 -0.164
vn -0.157078772783279 0.21620038151741 -0.963630437850952
v 0.115942680358887 0.541841247558594 -0.182
vn -0.157078772783279 0.21620038151741 -0.963630437850952
v 0.0969544830322266 0.528045532226562 -0.182
vn -0.157078772783279 0.21620038151741 -0.963630437850952
v 0.0861087112426758 0.600393737792969 -0.164
vn -0.0825811997056007 0.254158794879913 -0.963630437850952
v 0.127984565734863 0.614 -0.164
vn -0.0825811997056007 0.254158794879913 -0.963630437850952
v 0.1382646484375 0.549094116210938 -0.182
vn -0.0825811997056007 0.254158794879913 -0.963630437850952
v 0.115942680358887 0.541841247558594 -0.182
vn -0.0825811997056007 0.254158794879913 -0.963630437850952
v 0.090628173828125 0.431999328613281 -0.197
vn 0 0 -1
v 0.0975172805786133 0.422517272949219 -0.197
vn 0 0 -1
v 0.106999320983887 0.415628173828125 -0.197
vn 0 0 -1
v 0.101353797912598 0.409982635498047 -0.197
vn 0 0 -1
v 0.104975616455078 0.398835845947266 -0.197
vn 0 0 -1
v 0.104975616455078 0.387115386962891 -0.197
vn 0 0 -1
v 0.101353797912598 0.375968566894531 -0.197
vn 0 0 -1
v 0.0944646911621094 0.366486541748047 -0.197
vn 0 0 -1
v 0.0849826431274414 0.359597442626953 -0.197
vn 0 0 -1
v 0.0738358383178711 0.355975616455078 -0.197
vn 0 0 -1
v 0.0621153907775879 0.355975616455078 -0.197
vn 0 0 -1
v 0.0309756126403809 0.387115386962891 -0.197
vn 0 0 -1
v 0.0309756126403809 0.398835845947266 -0.197
vn 0 0 -1
v 0.0345974311828613 0.409982635498047 -0.197
vn 0 0 -1
v 0.0414865379333496 0.419464691162109 -0.197
vn 0 0 -1
v 0.050968578338623 0.426353790283203 -0.197
vn 0 0 -1
v 0.0621153907775879 0.429975616455078 -0.197
vn 0 0 -1
v 0.0738358383178711 0.429975616455078 -0.197
vn 0 0 -1
v 0.0849826431274414 0.426353790283203 -0.197
vn 0 0 -1
v 0.0849826431274414 0.426353790283203 -0.197
vn -0.70710676908493 0.70710676908493 0
v 0.0849826431274414 0.426353790283203 -0.180031112670898
vn -0.70710676908493 0.70710676908493 0
v 0.0900653762817383 0.4314365234375 -0.182
vn -0.70710676908493 0.70710676908493 0
v 0.090628173828125 0.431999328613281 -0.197
vn -0.70710676908493 0.70710676908493 0
v 0.0621153907775879 0.429975616455078 -0.175490997314453
vn -0.21620038151741 -0.157078772783279 -0.963630437850952
v 0.0607885589599609 0.429544494628906 -0.175123031616211
vn -0.21620038151741 -0.157078772783279 -0.963630437850952
v 0.0831587524414062 0.440942687988281 -0.182
vn -0.21620038151741 -0.157078772783279 -0.963630437850952
v 0.0900653762817383 0.4314365234375 -0.182
vn -0.21620038151741 -0.157078772783279 -0.963630437850952
v 0.0849826431274414 0.426353790283203 -0.180031112670898
vn -0.21620038151741 -0.157078772783279 -0.963630437850952
v 0.0738358383178711 0.429975616455078 -0.178120590209961
vn -0.21620038151741 -0.157078772783279 -0.963630437850952
v 0.289 0.497015441894531 -0.164
vn 0.26723837852478 0 -0.963630437850952
v 0.289 0.452984558105469 -0.164
vn 0.26723837852478 0 -0.963630437850952
v 0.224094100952148 0.4632646484375 -0.182
vn 0.26723837852478 0 -0.963630437850952
v 0.224094100952148 0.4867353515625 -0.182
vn 0.26723837852478 0 -0.963630437850952
v 0.289 0.452984558105469 -0.164
vn 0.254158794879913 -0.0825811997056007 -0.963630437850952
v 0.275393707275391 0.411108703613281 -0.164
vn 0.254158794879913 -0.0825811997056007 -0.963630437850952
v 0.216841247558594 0.440942687988281 -0.182
vn 0.254158794879913 -0.0825811997056007 -0.963630437850952
v 0.224094100952148 0.4632646484375 -0.182
vn 0.254158794879913 -0.0825811997056007 -0.963630437850952
v 0.0246062889099121 0.538891296386719 -0.164
vn -0.21620038151741 0.157078772783279 -0.963630437850952
v 0.050486988067627 0.574513000488281 -0.164
vn -0.21620038151741 0.157078772783279 -0.963630437850952
v 0.0969544830322266 0.528045532226562 -0.182
vn -0.21620038151741 0.157078772783279 -0.963630437850952
v 0.0831587524414062 0.509057312011719 -0.182
vn -0.21620038151741 0.157078772783279 -0.963630437850952
v 0.050968578338623 0.426353790283203 -0.172259567260742
vn -0.254158794879913 -0.0825811997056007 -0.963630437850952
v 0.0426152076721191 0.420284729003906 -0.169536239624023
vn -0.254158794879913 -0.0825811997056007 -0.963630437850952
v 0.0246062889099121 0.411108703613281 -0.164
vn -0.254158794879913 -0.0825811997056007 -0.963630437850952
v 0.011 0.452984558105469 -0.164
vn -0.254158794879913 -0.0825811997056007 -0.963630437850952
v 0.0759059066772461 0.4632646484375 -0.182
vn -0.254158794879913 -0.0825811997056007 -0.963630437850952
v 0.0831587524414062 0.440942687988281 -0.182
vn -0.254158794879913 -0.0825811997056007 -0.963630437850952
v 0.0607885589599609 0.429544494628906 -0.175123031616211
vn -0.254158794879913 -0.0825811997056007 -0.963630437850952
v 0.106999320983887 0.415628173828125 -0.197
vn 0.70710676908493 -0.70710676908493 0
v 0.1064365234375 0.415065368652344 -0.182
vn 0.70710676908493 -0.70710676908493 0
v 0.101353797912598 0.409982635498047 -0.180031112670898
vn 0.70710676908493 -0.70710676908493 0
v 0.101353797912598 0.409982635498047 -0.197
vn 0.70710676908493 -0.70710676908493 0
v 0.101353797912598 0.409982635498047 -0.180031112670898
vn -0.157078772783279 -0.21620038151741 -0.963630437850952
v 0.1064365234375 0.415065368652344 -0.182
vn -0.157078772783279 -0.21620038151741 -0.963630437850952
v 0.115942680358887 0.408158752441406 -0.182
vn -0.157078772783279 -0.21620038151741 -0.963630437850952
v 0.104544502258301 0.385788543701172 -0.175123031616211
vn -0.157078772783279 -0.21620038151741 -0.963630437850952
v 0.104975616455078 0.387115386962891 -0.175490997314453
vn -0.157078772783279 -0.21620038151741 -0.963630437850952
v 0.104975616455078 0.398835845947266 -0.178120590209961
vn -0.157078772783279 -0.21620038151741 -0.963630437850952
v 0.0285535182952881 0.389264190673828 -0.164
vn 0 0 -1
v -0.00644648265838623 0.389264190673828 -0.164
vn 0 0 -1
v -0.0421571617126465 0.353553527832031 -0.164
vn 0 0 -1
v -0.0421571617126465 0.318553527832031 -0.164
vn 0 0 -1
v -0.00644648265838623 0.282842834472656 -0.164
vn 0 0 -1
v 0.0285535182952881 0.282842834472656 -0.164
vn 0 0 -1
v 0.0642641983032227 0.318553527832031 -0.164
vn 0 0 -1
v 0.0642641983032227 0.353553527832031 -0.164
vn 0 0 -1
v 0.0738358383178711 0.355975616455078 -0.164
vn 0 0 -1
v 0.0762585983276367 0.356762817382813 -0.164
vn 0 0 -1
v 0.0861087112426758 0.349606292724609 -0.164
vn 0 0 -1
v 0.127984565734863 0.336 -0.164
vn 0 0 -1
v 0.172015441894531 0.336 -0.164
vn 0 0 -1
v 0.21389128112793 0.349606292724609 -0.164
vn 0 0 -1
v 0.0744950637817383 0.252 -0.164
vn 0 0 -1
v -0.0335863990783691 0.252 -0.164
vn 0 0 -1
v -0.073 0.291413604736328 -0.164
vn 0 0 -1
v -0.073 0.399495056152344 -0.164
vn 0 0 -1
v 0.0246062889099121 0.538891296386719 -0.164
vn 0 0 -1
v 0.011 0.497015441894531 -0.164
vn 0 0 -1
v 0.011 0.452984558105469 -0.164
vn 0 0 -1
v 0.0246062889099121 0.411108703613281 -0.164
vn 0 0 -1
v 0.0317628154754639 0.401258605957031 -0.164
vn 0 0 -1
v 0.0309756126403809 0.398835845947266 -0.164
vn 0 0 -1
v 0.0309756126403809 0.387115386962891 -0.164
vn 0 0 -1
v 0.0621153907775879 0.355975616455078 -0.164
vn 0 0 -1
v 0.24951301574707 0.574513000488281 -0.137
vn 0.80901700258255 0.587785243988037 0
v 0.275393707275391 0.538891296386719 -0.137
vn 0.80901700258255 0.587785243988037 0
v 0.275393707275391 0.538891296386719 -0.164
vn 0.80901700258255 0.587785243988037 0
v 0.24951301574707 0.574513000488281 -0.164
vn 0.80901700258255 0.587785243988037 0
v 0.161 0.614 -0.149
vn 0 1 0
v 0.161 0.614 -0.137
vn 0 1 0
v 0.172015441894531 0.614 -0.137
vn 0 1 0
v 0.172015441894531 0.614 -0.164
vn 0 1 0
v 0.127984565734863 0.614 -0.164
vn 0 1 0
v 0.127984565734863 0.614 -0.137
vn 0 1 0
v 0.139 0.614 -0.137
vn 0 1 0
v 0.139 0.614 -0.149
vn 0 1 0
v 0.275393707275391 0.538891296386719 -0.137
vn 0.95105654001236 0.30901700258255 0
v 0.289 0.497015441894531 -0.137
vn 0.95105654001236 0.30901700258255 0
v 0.289 0.497015441894531 -0.164
vn 0.95105654001236 0.30901700258255 0
v 0.275393707275391 0.538891296386719 -0.164
vn 0.95105654001236 0.30901700258255 0
v 0.172015441894531 0.614 -0.137
vn 0.30901700258255 0.95105654001236 0
v 0.21389128112793 0.600393737792969 -0.137
vn 0.30901700258255 0.95105654001236 0
v 0.21389128112793 0.600393737792969 -0.164
vn 0.30901700258255 0.95105654001236 0
v 0.172015441894531 0.614 -0.164
vn 0.30901700258255 0.95105654001236 0
v 0.21389128112793 0.600393737792969 -0.137
vn 0.587785243988037 0.80901700258255 0
v 0.24951301574707 0.574513000488281 -0.137
vn 0.587785243988037 0.80901700258255 0
v 0.24951301574707 0.574513000488281 -0.164
vn 0.587785243988037 0.80901700258255 0
v 0.21389128112793 0.600393737792969 -0.164
vn 0.587785243988037 0.80901700258255 0
v 0.275393707275391 0.411108703613281 -0.137
vn 0.80901700258255 -0.587785243988037 0
v 0.24951301574707 0.375486999511719 -0.137
vn 0.80901700258255 -0.587785243988037 0
v 0.24951301574707 0.375486999511719 -0.164
vn 0.80901700258255 -0.587785243988037 0
v 0.275393707275391 0.411108703613281 -0.164
vn 0.80901700258255 -0.587785243988037 0
v 0.24951301574707 0.375486999511719 -0.137
vn 0.587785243988037 -0.80901700258255 0
v 0.21389128112793 0.349606292724609 -0.137
vn 0.587785243988037 -0.80901700258255 0
v 0.21389128112793 0.349606292724609 -0.164
vn 0.587785243988037 -0.80901700258255 0
v 0.24951301574707 0.375486999511719 -0.164
vn 0.587785243988037 -0.80901700258255 0
v 0.101353797912598 0.375968566894531 -0.197
vn 0.80901700258255 -0.587785243988037 0
v 0.101353797912598 0.375968566894531 -0.172259567260742
vn 0.80901700258255 -0.587785243988037 0
v 0.0952847137451172 0.367615203857422 -0.169536239624023
vn 0.80901700258255 -0.587785243988037 0
v 0.0944646911621094 0.366486541748047 -0.169149337768555
vn 0.80901700258255 -0.587785243988037 0
v 0.0944646911621094 0.366486541748047 -0.197
vn 0.80901700258255 -0.587785243988037 0
v 0.0944646911621094 0.366486541748047 -0.169149337768555
vn -0.157078772783279 -0.21620038151741 -0.963630437850952
v 0.0952847137451172 0.367615203857422 -0.169536239624023
vn -0.157078772783279 -0.21620038151741 -0.963630437850952
v 0.0861087112426758 0.349606292724609 -0.164
vn -0.157078772783279 -0.21620038151741 -0.963630437850952
v 0.0762585983276367 0.356762817382813 -0.164
vn -0.157078772783279 -0.21620038151741 -0.963630437850952
v 0.0849826431274414 0.359597442626953 -0.166058059692383
vn -0.157078772783279 -0.21620038151741 -0.963630437850952
v 0.104975616455078 0.387115386962891 -0.175490997314453
vn 0.95105654001236 -0.30901700258255 0
v 0.104544502258301 0.385788543701172 -0.175123031616211
vn 0.95105654001236 -0.30901700258255 0
v 0.101353797912598 0.375968566894531 -0.172259567260742
vn 0.95105654001236 -0.30901700258255 0
v 0.101353797912598 0.375968566894531 -0.197
vn 0.95105654001236 -0.30901700258255 0
v 0.104975616455078 0.387115386962891 -0.197
vn 0.95105654001236 -0.30901700258255 0
v 0.050486988067627 0.574513000488281 -0.137
vn -0.587785243988037 0.80901700258255 0
v 0.0861087112426758 0.600393737792969 -0.137
vn -0.587785243988037 0.80901700258255 0
v 0.0861087112426758 0.600393737792969 -0.164
vn -0.587785243988037 0.80901700258255 0
v 0.050486988067627 0.574513000488281 -0.164
vn -0.587785243988037 0.80901700258255 0
v 0.0861087112426758 0.600393737792969 -0.137
vn -0.30901700258255 0.95105654001236 0
v 0.127984565734863 0.614 -0.137
vn -0.30901700258255 0.95105654001236 0
v 0.127984565734863 0.614 -0.164
vn -0.30901700258255 0.95105654001236 0
v 0.0861087112426758 0.600393737792969 -0.164
vn -0.30901700258255 0.95105654001236 0
v 0.0738358383178711 0.355975616455078 -0.164
vn -1.42087955781072E-14 -1 0
v 0.0621153907775879 0.355975616455078 -0.164
vn -1.42087955781072E-14 -1 0
v 0.0621153907775879 0.355975616455078 -0.197
vn -1.42087955781072E-14 -1 0
v 0.0738358383178711 0.355975616455078 -0.197
vn -1.42087955781072E-14 -1 0
v 0.0309756126403809 0.387115386962891 -0.164
vn -1 -3.55219889452681E-15 0
v 0.0309756126403809 0.398835845947266 -0.164
vn -1 -3.55219889452681E-15 0
v 0.0309756126403809 0.398835845947266 -0.197
vn -1 -3.55219889452681E-15 0
v 0.0309756126403809 0.387115386962891 -0.197
vn -1 -3.55219889452681E-15 0
v 0.050968578338623 0.426353790283203 -0.172259567260742
vn -0.30901700258255 0.95105654001236 0
v 0.0607885589599609 0.429544494628906 -0.175123031616211
vn -0.30901700258255 0.95105654001236 0
v 0.0621153907775879 0.429975616455078 -0.175490997314453
vn -0.30901700258255 0.95105654001236 0
v 0.0621153907775879 0.429975616455078 -0.197
vn -0.30901700258255 0.95105654001236 0
v 0.050968578338623 0.426353790283203 -0.197
vn -0.30901700258255 0.95105654001236 0
v 0.0621153907775879 0.355975616455078 -0.164
vn -0.70710676908493 -0.70710676908493 0
v 0.0309756126403809 0.387115386962891 -0.164
vn -0.70710676908493 -0.70710676908493 0
v 0.0309756126403809 0.387115386962891 -0.197
vn -0.70710676908493 -0.70710676908493 0
v 0.0621153907775879 0.355975616455078 -0.197
vn -0.70710676908493 -0.70710676908493 0
v 0.0414865379333496 0.419464691162109 -0.197
vn -0.587785243988037 0.80901700258255 0
v 0.0414865379333496 0.419464691162109 -0.169149337768555
vn -0.587785243988037 0.80901700258255 0
v 0.0426152076721191 0.420284729003906 -0.169536239624023
vn -0.587785243988037 0.80901700258255 0
v 0.050968578338623 0.426353790283203 -0.172259567260742
vn -0.587785243988037 0.80901700258255 0
v 0.050968578338623 0.426353790283203 -0.197
vn -0.587785243988037 0.80901700258255 0
v 0.0944646911621094 0.366486541748047 -0.197
vn 0.587785243988037 -0.80901700258255 0
v 0.0944646911621094 0.366486541748047 -0.169149337768555
vn 0.587785243988037 -0.80901700258255 0
v 0.0849826431274414 0.359597442626953 -0.166058059692383
vn 0.587785243988037 -0.80901700258255 0
v 0.0849826431274414 0.359597442626953 -0.197
vn 0.587785243988037 -0.80901700258255 0
v 0.0621153907775879 0.429975616455078 -0.197
vn -2.3681325963512E-15 1 0
v 0.0621153907775879 0.429975616455078 -0.175490997314453
vn -2.3681325963512E-15 1 0
v 0.0738358383178711 0.429975616455078 -0.178120590209961
vn -2.3681325963512E-15 1 0
v 0.0738358383178711 0.429975616455078 -0.197
vn -2.3681325963512E-15 1 0
v 0.0345974311828613 0.409982635498047 -0.197
vn -0.80901700258255 0.587785243988037 0
v 0.0345974311828613 0.409982635498047 -0.166058059692383
vn -0.80901700258255 0.587785243988037 0
v 0.0414865379333496 0.419464691162109 -0.169149337768555
vn -0.80901700258255 0.587785243988037 0
v 0.0414865379333496 0.419464691162109 -0.197
vn -0.80901700258255 0.587785243988037 0
v 0.104975616455078 0.398835845947266 -0.197
vn 1 -3.55219889452681E-15 0
v 0.104975616455078 0.398835845947266 -0.178120590209961
vn 1 -3.55219889452681E-15 0
v 0.104975616455078 0.387115386962891 -0.175490997314453
vn 1 -3.55219889452681E-15 0
v 0.104975616455078 0.387115386962891 -0.197
vn 1 -3.55219889452681E-15 0
v 0.0738358383178711 0.429975616455078 -0.197
vn 0.30901700258255 0.95105654001236 0
v 0.0738358383178711 0.429975616455078 -0.178120590209961
vn 0.30901700258255 0.95105654001236 0
v 0.0849826431274414 0.426353790283203 -0.180031112670898
vn 0.30901700258255 0.95105654001236 0
v 0.0849826431274414 0.426353790283203 -0.197
vn 0.30901700258255 0.95105654001236 0
v 0.0849826431274414 0.359597442626953 -0.197
vn 0.30901700258255 -0.95105654001236 0
v 0.0849826431274414 0.359597442626953 -0.166058059692383
vn 0.30901700258255 -0.95105654001236 0
v 0.0762585983276367 0.356762817382813 -0.164
vn 0.30901700258255 -0.95105654001236 0
v 0.0738358383178711 0.355975616455078 -0.164
vn 0.30901700258255 -0.95105654001236 0
v 0.0738358383178711 0.355975616455078 -0.197
vn 0.30901700258255 -0.95105654001236 0
v 0.0309756126403809 0.398835845947266 -0.164
vn -0.95105654001236 0.30901700258255 0
v 0.0317628154754639 0.401258605957031 -0.164
vn -0.95105654001236 0.30901700258255 0
v 0.0345974311828613 0.409982635498047 -0.166058059692383
vn -0.95105654001236 0.30901700258255 0
v 0.0345974311828613 0.409982635498047 -0.197
vn -0.95105654001236 0.30901700258255 0
v 0.0309756126403809 0.398835845947266 -0.197
vn -0.95105654001236 0.30901700258255 0
v 0.101353797912598 0.409982635498047 -0.197
vn 0.95105654001236 0.30901700258255 0
v 0.101353797912598 0.409982635498047 -0.180031112670898
vn 0.95105654001236 0.30901700258255 0
v 0.104975616455078 0.398835845947266 -0.178120590209961
vn 0.95105654001236 0.30901700258255 0
v 0.104975616455078 0.398835845947266 -0.197
vn 0.95105654001236 0.30901700258255 0
v 0.289 0.497015441894531 -0.137
vn 1 0 0
v 0.289 0.452984558105469 -0.137
vn 1 0 0
v 0.289 0.452984558105469 -0.164
vn 1 0 0
v 0.289 0.497015441894531 -0.164
vn 1 0 0
v 0.289 0.452984558105469 -0.137
vn 0.95105654001236 -0.30901700258255 0
v 0.275393707275391 0.411108703613281 -0.137
vn 0.95105654001236 -0.30901700258255 0
v 0.275393707275391 0.411108703613281 -0.164
vn 0.95105654001236 -0.30901700258255 0
v 0.289 0.452984558105469 -0.164
vn 0.95105654001236 -0.30901700258255 0
v 0.0246062889099121 0.538891296386719 -0.137
vn -0.80901700258255 0.587785243988037 0
v 0.050486988067627 0.574513000488281 -0.137
vn -0.80901700258255 0.587785243988037 0
v 0.050486988067627 0.574513000488281 -0.164
vn -0.80901700258255 0.587785243988037 0
v 0.0246062889099121 0.538891296386719 -0.164
vn -0.80901700258255 0.587785243988037 0
v 0.0345974311828613 0.409982635498047 -0.166058059692383
vn -0.21620038151741 -0.157078772783279 -0.963630437850952
v 0.0317628154754639 0.401258605957031 -0.164
vn -0.21620038151741 -0.157078772783279 -0.963630437850952
v 0.0246062889099121 0.411108703613281 -0.164
vn -0.21620038151741 -0.157078772783279 -0.963630437850952
v 0.0426152076721191 0.420284729003906 -0.169536239624023
vn -0.21620038151741 -0.157078772783279 -0.963630437850952
v 0.0414865379333496 0.419464691162109 -0.169149337768555
vn -0.21620038151741 -0.157078772783279 -0.963630437850952
v 0.0285535182952881 0.389264190673828 -0.164
vn 0.70710676908493 0.70710676908493 0
v 0.0642641983032227 0.353553527832031 -0.164
vn 0.70710676908493 0.70710676908493 0
v 0.0642641983032227 0.353553527832031 -0.311
vn 0.70710676908493 0.70710676908493 0
v 0.0285535182952881 0.389264190673828 -0.311
vn 0.70710676908493 0.70710676908493 0
v 0.0642641983032227 0.318553527832031 -0.164
vn 0.70710676908493 -0.70710676908493 0
v 0.0285535182952881 0.282842834472656 -0.164
vn 0.70710676908493 -0.70710676908493 0
v 0.0285535182952881 0.282842834472656 -0.311
vn 0.70710676908493 -0.70710676908493 0
v 0.0642641983032227 0.318553527832031 -0.311
vn 0.70710676908493 -0.70710676908493 0
v -0.00644648265838623 0.282842834472656 -0.164
vn -0.70710676908493 -0.70710676908493 0
v -0.0421571617126465 0.318553527832031 -0.164
vn -0.70710676908493 -0.70710676908493 0
v -0.0421571617126465 0.318553527832031 -0.311
vn -0.70710676908493 -0.70710676908493 0
v -0.00644648265838623 0.282842834472656 -0.311
vn -0.70710676908493 -0.70710676908493 0
v -0.0421571617126465 0.353553527832031 -0.164
vn -0.70710676908493 0.70710676908493 0
v -0.00644648265838623 0.389264190673828 -0.164
vn -0.70710676908493 0.70710676908493 0
v -0.00644648265838623 0.389264190673828 -0.311
vn -0.70710676908493 0.70710676908493 0
v -0.0421571617126465 0.353553527832031 -0.311
vn -0.70710676908493 0.70710676908493 0
v 0.21389128112793 0.349606292724609 -0.137
vn 0.5735764503479 -0.819152057170868 0
v 0.164806365966797 0.315236663818359 -0.137
vn 0.5735764503479 -0.819152057170868 0
v 0.15471076965332 0.308167633056641 -0.144
vn 0.5735764503479 -0.819152057170868 0
v 0.0744950637817383 0.252 -0.144
vn 0.5735764503479 -0.819152057170868 0
v 0.0744950637817383 0.252 -0.164
vn 0.5735764503479 -0.819152057170868 0
v 0.21389128112793 0.349606292724609 -0.164
vn 0.5735764503479 -0.819152057170868 0
v 0.0642641983032227 0.353553527832031 -0.164
vn 1 -1.58603287719606E-15 0
v 0.0642641983032227 0.318553527832031 -0.164
vn 1 -1.58603287719606E-15 0
v 0.0642641983032227 0.318553527832031 -0.311
vn 1 -1.58603287719606E-15 0
v 0.0642641983032227 0.353553527832031 -0.311
vn 1 -1.58603287719606E-15 0
v -0.073 0.399495056152344 -0.137
vn -0.819152057170868 0.5735764503479 0
v 0.0246062889099121 0.538891296386719 -0.137
vn -0.819152057170868 0.5735764503479 0
v 0.0246062889099121 0.538891296386719 -0.164
vn -0.819152057170868 0.5735764503479 0
v -0.073 0.399495056152344 -0.164
vn -0.819152057170868 0.5735764503479 0
v 0.0744950637817383 0.252 -0.144
vn 0 -1 0
v -0.0335863990783691 0.252 -0.144
vn 0 -1 0
v -0.0335863990783691 0.252 -0.164
vn 0 -1 0
v 0.0744950637817383 0.252 -0.164
vn 0 -1 0
v -0.00644648265838623 0.389264190673828 -0.164
vn -1.58603287719606E-15 1 0
v 0.0285535182952881 0.389264190673828 -0.164
vn -1.58603287719606E-15 1 0
v 0.0285535182952881 0.389264190673828 -0.311
vn -1.58603287719606E-15 1 0
v -0.00644648265838623 0.389264190673828 -0.311
vn -1.58603287719606E-15 1 0
v -0.0351972198486328 0.253610824584961 -0.144
vn -0.70710676908493 -0.70710676908493 0
v -0.0351972198486328 0.253610824584961 -0.137
vn -0.70710676908493 -0.70710676908493 0
v -0.073 0.291413604736328 -0.137
vn -0.70710676908493 -0.70710676908493 0
v -0.073 0.291413604736328 -0.164
vn -0.70710676908493 -0.70710676908493 0
v -0.0335863990783691 0.252 -0.164
vn -0.70710676908493 -0.70710676908493 0
v -0.0335863990783691 0.252 -0.144
vn -0.70710676908493 -0.70710676908493 0
v -0.073 0.291413604736328 -0.137
vn -1 0 0
v -0.073 0.399495056152344 -0.137
vn -1 0 0
v -0.073 0.399495056152344 -0.164
vn -1 0 0
v -0.073 0.291413604736328 -0.164
vn -1 0 0
v 0.0285535182952881 0.282842834472656 -0.164
vn 0 -1 0
v -0.00644648265838623 0.282842834472656 -0.164
vn 0 -1 0
v -0.00644648265838623 0.282842834472656 -0.311
vn 0 -1 0
v 0.0285535182952881 0.282842834472656 -0.311
vn 0 -1 0
v -0.0421571617126465 0.318553527832031 -0.164
vn -1 1.98254109649508E-16 0
v -0.0421571617126465 0.353553527832031 -0.164
vn -1 1.98254109649508E-16 0
v -0.0421571617126465 0.353553527832031 -0.311
vn -1 1.98254109649508E-16 0
v -0.0421571617126465 0.318553527832031 -0.311
vn -1 1.98254109649508E-16 0
v 0.24951301574707 0.574513000488281 -0.137
vn 0.70062929391861 0.509036958217621 0.5
v 0.231326171875 0.556326171875 -0.093
vn 0.70062929391861 0.509036958217621 0.5
v 0.252476959228516 0.527214599609375 -0.093
vn 0.70062929391861 0.509036958217621 0.5
v 0.275393707275391 0.538891296386719 -0.137
vn 0.70062929391861 0.509036958217621 0.5
v 0.161 0.605917114257812 -0.123
vn 1 0 0
v 0.161 0.614 -0.137
vn 1 0 0
v 0.161 0.614 -0.149
vn 1 0 0
v 0.161 0.642 -0.149
vn 1 0 0
v 0.161 0.642 -0.123
vn 1 0 0
v 0.15140673828125 0.62475 -0.149
vn 0 0 -1
v 0.15384326171875 0.62615673828125 -0.149
vn 0 0 -1
v 0.15525 0.62859326171875 -0.149
vn 0 0 -1
v 0.15525 0.63140673828125 -0.149
vn 0 0 -1
v 0.15384326171875 0.63384326171875 -0.149
vn 0 0 -1
v 0.15140673828125 0.63525 -0.149
vn 0 0 -1
v 0.14859326171875 0.63525 -0.149
vn 0 0 -1
v 0.14615673828125 0.63384326171875 -0.149
vn 0 0 -1
v 0.14475 0.63140673828125 -0.149
vn 0 0 -1
v 0.14475 0.62859326171875 -0.149
vn 0 0 -1
v 0.14615673828125 0.62615673828125 -0.149
vn 0 0 -1
v 0.14859326171875 0.62475 -0.149
vn 0 0 -1
v 0.161 0.642 -0.149
vn 0 0 -1
v 0.161 0.614 -0.149
vn 0 0 -1
v 0.139 0.614 -0.149
vn 0 0 -1
v 0.139 0.642 -0.149
vn 0 0 -1
v 0.161 0.605917114257812 -0.123
vn 0 0.866025388240814 0.5
v 0.139 0.605917114257812 -0.123
vn 0 0.866025388240814 0.5
v 0.139 0.614 -0.137
vn 0 0.866025388240814 0.5
v 0.127984565734863 0.614 -0.137
vn 0 0.866025388240814 0.5
v 0.132008071899414 0.588596618652344 -0.093
vn 0 0.866025388240814 0.5
v 0.167991928100586 0.588596618652344 -0.093
vn 0 0.866025388240814 0.5
v 0.172015441894531 0.614 -0.137
vn 0 0.866025388240814 0.5
v 0.161 0.614 -0.137
vn 0 0.866025388240814 0.5
v 0.139 0.642 -0.149
vn -1 0 0
v 0.139 0.614 -0.149
vn -1 0 0
v 0.139 0.614 -0.137
vn -1 0 0
v 0.139 0.605917114257812 -0.123
vn -1 0 0
v 0.139 0.642 -0.123
vn -1 0 0
v 0.275393707275391 0.538891296386719 -0.137
vn 0.823639094829559 0.26761656999588 0.5
v 0.252476959228516 0.527214599609375 -0.093
vn 0.823639094829559 0.26761656999588 0.5
v 0.263596588134766 0.492991943359375 -0.093
vn 0.823639094829559 0.26761656999588 0.5
v 0.289 0.497015441894531 -0.137
vn 0.823639094829559 0.26761656999588 0.5
v 0.172015441894531 0.614 -0.137
vn 0.26761656999588 0.823639094829559 0.5
v 0.167991928100586 0.588596618652344 -0.093
vn 0.26761656999588 0.823639094829559 0.5
v 0.202214614868164 0.577476989746094 -0.093
vn 0.26761656999588 0.823639094829559 0.5
v 0.21389128112793 0.600393737792969 -0.137
vn 0.26761656999588 0.823639094829559 0.5
v 0.21389128112793 0.600393737792969 -0.137
vn 0.509036958217621 0.70062929391861 0.5
v 0.202214614868164 0.577476989746094 -0.093
vn 0.509036958217621 0.70062929391861 0.5
v 0.231326171875 0.556326171875 -0.093
vn 0.509036958217621 0.70062929391861 0.5
v 0.24951301574707 0.574513000488281 -0.137
vn 0.509036958217621 0.70062929391861 0.5
v 0.275393707275391 0.411108703613281 -0.137
vn 0.70062929391861 -0.509036958217621 0.5
v 0.252476959228516 0.422785369873047 -0.093
vn 0.70062929391861 -0.509036958217621 0.5
v 0.231326171875 0.393673828125 -0.093
vn 0.70062929391861 -0.509036958217621 0.5
v 0.24951301574707 0.375486999511719 -0.137
vn 0.70062929391861 -0.509036958217621 0.5
v 0.24951301574707 0.375486999511719 -0.137
vn 0.509036958217621 -0.70062929391861 0.5
v 0.231326171875 0.393673828125 -0.093
vn 0.509036958217621 -0.70062929391861 0.5
v 0.199138885498047 0.370288391113281 -0.093
vn 0.509036958217621 -0.70062929391861 0.5
v 0.21389128112793 0.349606292724609 -0.137
vn 0.509036958217621 -0.70062929391861 0.5
v 0.050486988067627 0.574513000488281 -0.137
vn -0.509036958217621 0.70062929391861 0.5
v 0.0686738204956055 0.556326171875 -0.093
vn -0.509036958217621 0.70062929391861 0.5
v 0.0977853775024414 0.577476989746094 -0.093
vn -0.509036958217621 0.70062929391861 0.5
v 0.0861087112426758 0.600393737792969 -0.137
vn -0.509036958217621 0.70062929391861 0.5
v 0.0861087112426758 0.600393737792969 -0.137
vn -0.26761656999588 0.823639094829559 0.5
v 0.0977853775024414 0.577476989746094 -0.093
vn -0.26761656999588 0.823639094829559 0.5
v 0.132008071899414 0.588596618652344 -0.093
vn -0.26761656999588 0.823639094829559 0.5
v 0.127984565734863 0.614 -0.137
vn -0.26761656999588 0.823639094829559 0.5
v 0.289 0.497015441894531 -0.137
vn 0.866025388240814 0 0.5
v 0.263596588134766 0.492991943359375 -0.093
vn 0.866025388240814 0 0.5
v 0.263596588134766 0.457008056640625 -0.093
vn 0.866025388240814 0 0.5
v 0.289 0.452984558105469 -0.137
vn 0.866025388240814 0 0.5
v 0.289 0.452984558105469 -0.137
vn 0.823639094829559 -0.26761656999588 0.5
v 0.263596588134766 0.457008056640625 -0.093
vn 0.823639094829559 -0.26761656999588 0.5
v 0.252476959228516 0.422785369873047 -0.093
vn 0.823639094829559 -0.26761656999588 0.5
v 0.275393707275391 0.411108703613281 -0.137
vn 0.823639094829559 -0.26761656999588 0.5
v 0.0246062889099121 0.538891296386719 -0.137
vn -0.70062929391861 0.509036958217621 0.5
v 0.045288387298584 0.524138916015625 -0.093
vn -0.70062929391861 0.509036958217621 0.5
v 0.0686738204956055 0.556326171875 -0.093
vn -0.70062929391861 0.509036958217621 0.5
v 0.050486988067627 0.574513000488281 -0.137
vn -0.70062929391861 0.509036958217621 0.5
v -0.00644648265838623 0.389264190673828 -0.311
vn 0 0 1
v 0.0285535182952881 0.389264190673828 -0.311
vn 0 0 1
v 0.0642641983032227 0.353553527832031 -0.311
vn 0 0 1
v 0.0642641983032227 0.318553527832031 -0.311
vn 0 0 1
v 0.0285535182952881 0.282842834472656 -0.311
vn 0 0 1
v -0.00644648265838623 0.282842834472656 -0.311
vn 0 0 1
v -0.0421571617126465 0.318553527832031 -0.311
vn 0 0 1
v -0.0421571617126465 0.353553527832031 -0.311
vn 0 0 1
v -0.0822903594970703 0.312063507080078 -0.311
vn 0 0 1
v -0.0788959426879883 0.290631988525391 -0.311
vn 0 0 1
v -0.0690449523925781 0.271298309326172 -0.311
vn 0 0 1
v -0.0537016754150391 0.255955047607422 -0.311
vn 0 0 1
v -0.0343680229187012 0.246104064941406 -0.311
vn 0 0 1
v -0.0129364995956421 0.24270964050293 -0.311
vn 0 0 1
v -0.00460291910171509 0.244029541015625 -0.311
vn 0 0 1
v 0.0695415267944336 0.318173980712891 -0.311
vn 0 0 1
v 0.0708614349365234 0.326507568359375 -0.311
vn 0 0 1
v 0.0674670181274414 0.347939086914063 -0.311
vn 0 0 1
v 0.0576160278320313 0.367272766113281 -0.311
vn 0 0 1
v 0.0422727508544922 0.382616027832031 -0.311
vn 0 0 1
v 0.0229390983581543 0.392467010498047 -0.311
vn 0 0 1
v 0.00150757598876953 0.395861450195312 -0.311
vn 0 0 1
v -0.00682600498199463 0.394541534423828 -0.311
vn 0 0 1
v -0.0809704513549805 0.320397094726563 -0.311
vn 0 0 1
v 0.0744950637817383 0.252 -0.144
vn 0 0 -1
v 0.15471076965332 0.308167633056641 -0.144
vn 0 0 -1
v 0.117662979125977 0.2085 -0.144
vn 0 0 -1
v 0.106912742614746 0.2085 -0.144
vn 0 0 -1
v 0.106912742614746 0.1795 -0.144
vn 0 0 -1
v -0.075 0.1795 -0.144
vn 0 0 -1
v -0.075 0.247 -0.144
vn 0 0 -1
v -0.0351972198486328 0.247 -0.144
vn 0 0 -1
v -0.0351972198486328 0.253610824584961 -0.144
vn 0 0 -1
v -0.0335863990783691 0.252 -0.144
vn 0 0 -1
v 0.21389128112793 0.349606292724609 -0.137
vn 0.496731758117676 -0.709406495094299 0.5
v 0.199138885498047 0.370288391113281 -0.093
vn 0.496731758117676 -0.709406495094299 0.5
v 0.188159576416016 0.340751342773437 -0.124
vn 0.496731758117676 -0.709406495094299 0.5
v 0.164806365966797 0.315236663818359 -0.137
vn 0.496731758117676 -0.709406495094299 0.5
v 0.164806365966797 0.315236663818359 -0.137
vn 0.662798166275024 -0.246370866894722 -0.70710676908493
v 0.188159576416016 0.340751342773437 -0.124
vn 0.662798166275024 -0.246370866894722 -0.70710676908493
v 0.139 0.2085 -0.124
vn 0.662798166275024 -0.246370866894722 -0.70710676908493
v 0.117662979125977 0.2085 -0.144
vn 0.662798166275024 -0.246370866894722 -0.70710676908493
v 0.15471076965332 0.308167633056641 -0.144
vn 0.662798166275024 -0.246370866894722 -0.70710676908493
v -0.073 0.399495056152344 -0.137
vn -0.709406495094299 0.496731758117676 0.5
v -0.0475965881347656 0.391485382080078 -0.093
vn -0.709406495094299 0.496731758117676 0.5
v 0.045288387298584 0.524138916015625 -0.093
vn -0.709406495094299 0.496731758117676 0.5
v 0.0246062889099121 0.538891296386719 -0.137
vn -0.709406495094299 0.496731758117676 0.5
v -0.073 0.291413604736328 -0.137
vn -0.61237245798111 -0.61237245798111 0.5
v -0.0351972198486328 0.253610824584961 -0.137
vn -0.61237245798111 -0.61237245798111 0.5
v -0.0288595504760742 0.267845458984375 -0.111804176330566
vn -0.61237245798111 -0.61237245798111 0.5
v -0.0318237781524658 0.276 -0.105447364807129
vn -0.61237245798111 -0.61237245798111 0.5
v -0.0252289123535156 0.276 -0.0973703384399414
vn -0.61237245798111 -0.61237245798111 0.5
v -0.0241296138763428 0.278469055175781 -0.093
vn -0.61237245798111 -0.61237245798111 0.5
v -0.0475965881347656 0.30193603515625 -0.093
vn -0.61237245798111 -0.61237245798111 0.5
v -0.0351972198486328 0.247 -0.144
vn -1 0 -1.3197374182219E-16
v -0.0351972198486328 0.247 -0.0982129974365234
vn -1 0 -1.3197374182219E-16
v -0.0351972198486328 0.253610824584961 -0.0982129974365234
vn -1 0 -1.3197374182219E-16
v -0.0351972198486328 0.253610824584961 -0.137
vn -1 0 -1.3197374182219E-16
v -0.0351972198486328 0.253610824584961 -0.144
vn -1 0 -1.3197374182219E-16
v -0.073 0.291413604736328 -0.137
vn -0.866025388240814 0 0.5
v -0.0475965881347656 0.30193603515625 -0.093
vn -0.866025388240814 0 0.5
v -0.0475965881347656 0.391485382080078 -0.093
vn -0.866025388240814 0 0.5
v -0.073 0.399495056152344 -0.137
vn -0.866025388240814 0 0.5
v 0.223 0.455439697265625 -0.093
vn 0 0 1
v 0.189356018066406 0.397166625976562 -0.093
vn 0 0 1
v 0.199138885498047 0.370288391113281 -0.093
vn 0 0 1
v 0.231326171875 0.393673828125 -0.093
vn 0 0 1
v 0.252476959228516 0.422785369873047 -0.093
vn 0 0 1
v 0.263596588134766 0.457008056640625 -0.093
vn 0 0 1
v 0.263596588134766 0.492991943359375 -0.093
vn 0 0 1
v 0.252476959228516 0.527214599609375 -0.093
vn 0 0 1
v 0.231326171875 0.556326171875 -0.093
vn 0 0 1
v 0.202214614868164 0.577476989746094 -0.093
vn 0 0 1
v 0.167991928100586 0.588596618652344 -0.093
vn 0 0 1
v 0.132008071899414 0.588596618652344 -0.093
vn 0 0 1
v 0.0977853775024414 0.577476989746094 -0.093
vn 0 0 1
v 0.0686738204956055 0.556326171875 -0.093
vn 0 0 1
v 0.045288387298584 0.524138916015625 -0.093
vn 0 0 1
v -0.0475965881347656 0.391485382080078 -0.093
vn 0 0 1
v -0.0475965881347656 0.30193603515625 -0.093
vn 0 0 1
v -0.0241296138763428 0.278469055175781 -0.093
vn 0 0 1
v 0.035753776550293 0.412969360351563 -0.093
vn 0 0 1
v 0.0858243560791016 0.440155456542969 -0.093
vn 0 0 1
v 0.077 0.455439697265625 -0.093
vn 0 0 1
v 0.077 0.494560302734375 -0.093
vn 0 0 1
v 0.0965602874755859 0.528439697265625 -0.093
vn 0 0 1
v 0.130439712524414 0.548 -0.093
vn 0 0 1
v 0.169560287475586 0.548 -0.093
vn 0 0 1
v 0.203439712524414 0.528439697265625 -0.093
vn 0 0 1
v 0.223 0.494560302734375 -0.093
vn 0 0 1
v 0.15384326171875 0.62615673828125 -0.123
vn 0 0 1
v 0.15140673828125 0.62475 -0.123
vn 0 0 1
v 0.14859326171875 0.62475 -0.123
vn 0 0 1
v 0.14615673828125 0.62615673828125 -0.123
vn 0 0 1
v 0.14475 0.62859326171875 -0.123
vn 0 0 1
v 0.14475 0.63140673828125 -0.123
vn 0 0 1
v 0.14615673828125 0.63384326171875 -0.123
vn 0 0 1
v 0.14859326171875 0.63525 -0.123
vn 0 0 1
v 0.15140673828125 0.63525 -0.123
vn 0 0 1
v 0.15384326171875 0.63384326171875 -0.123
vn 0 0 1
v 0.15525 0.63140673828125 -0.123
vn 0 0 1
v 0.15525 0.62859326171875 -0.123
vn 0 0 1
v 0.139 0.605917114257812 -0.123
vn 0 0 1
v 0.161 0.605917114257812 -0.123
vn 0 0 1
v 0.161 0.642 -0.123
vn 0 0 1
v 0.139 0.642 -0.123
vn 0 0 1
v 0.139 0.642 -0.149
vn 0 1 0
v 0.139 0.642 -0.123
vn 0 1 0
v 0.161 0.642 -0.123
vn 0 1 0
v 0.161 0.642 -0.149
vn 0 1 0
v 0.14859326171875 0.62475 -0.149
vn 0.5 0.866025388240814 0
v 0.14615673828125 0.62615673828125 -0.149
vn 0.5 0.866025388240814 0
v 0.14615673828125 0.62615673828125 -0.123
vn 0.5 0.866025388240814 0
v 0.14859326171875 0.62475 -0.123
vn 0.5 0.866025388240814 0
v 0.15140673828125 0.62475 -0.149
vn 0 1 0
v 0.14859326171875 0.62475 -0.149
vn 0 1 0
v 0.14859326171875 0.62475 -0.123
vn 0 1 0
v 0.15140673828125 0.62475 -0.123
vn 0 1 0
v 0.15525 0.63140673828125 -0.149
vn -1 0 0
v 0.15525 0.62859326171875 -0.149
vn -1 0 0
v 0.15525 0.62859326171875 -0.123
vn -1 0 0
v 0.15525 0.63140673828125 -0.123
vn -1 0 0
v 0.15384326171875 0.63384326171875 -0.149
vn -0.866025388240814 -0.5 0
v 0.15525 0.63140673828125 -0.149
vn -0.866025388240814 -0.5 0
v 0.15525 0.63140673828125 -0.123
vn -0.866025388240814 -0.5 0
v 0.15384326171875 0.63384326171875 -0.123
vn -0.866025388240814 -0.5 0
v 0.15140673828125 0.63525 -0.149
vn -0.5 -0.866025388240814 0
v 0.15384326171875 0.63384326171875 -0.149
vn -0.5 -0.866025388240814 0
v 0.15384326171875 0.63384326171875 -0.123
vn -0.5 -0.866025388240814 0
v 0.15140673828125 0.63525 -0.123
vn -0.5 -0.866025388240814 0
v 0.14475 0.63140673828125 -0.149
vn 0.866025388240814 -0.5 0
v 0.14615673828125 0.63384326171875 -0.149
vn 0.866025388240814 -0.5 0
v 0.14615673828125 0.63384326171875 -0.123
vn 0.866025388240814 -0.5 0
v 0.14475 0.63140673828125 -0.123
vn 0.866025388240814 -0.5 0
v 0.14475 0.62859326171875 -0.149
vn 1 0 0
v 0.14475 0.63140673828125 -0.149
vn 1 0 0
v 0.14475 0.63140673828125 -0.123
vn 1 0 0
v 0.14475 0.62859326171875 -0.123
vn 1 0 0
v 0.15525 0.62859326171875 -0.149
vn -0.866025388240814 0.5 0
v 0.15384326171875 0.62615673828125 -0.149
vn -0.866025388240814 0.5 0
v 0.15384326171875 0.62615673828125 -0.123
vn -0.866025388240814 0.5 0
v 0.15525 0.62859326171875 -0.123
vn -0.866025388240814 0.5 0
v 0.14615673828125 0.62615673828125 -0.149
vn 0.866025388240814 0.5 0
v 0.14475 0.62859326171875 -0.149
vn 0.866025388240814 0.5 0
v 0.14475 0.62859326171875 -0.123
vn 0.866025388240814 0.5 0
v 0.14615673828125 0.62615673828125 -0.123
vn 0.866025388240814 0.5 0
v 0.15384326171875 0.62615673828125 -0.149
vn -0.5 0.866025388240814 0
v 0.15140673828125 0.62475 -0.149
vn -0.5 0.866025388240814 0
v 0.15140673828125 0.62475 -0.123
vn -0.5 0.866025388240814 0
v 0.15384326171875 0.62615673828125 -0.123
vn -0.5 0.866025388240814 0
v 0.14859326171875 0.63525 -0.149
vn 0 -1 0
v 0.15140673828125 0.63525 -0.149
vn 0 -1 0
v 0.15140673828125 0.63525 -0.123
vn 0 -1 0
v 0.14859326171875 0.63525 -0.123
vn 0 -1 0
v 0.14615673828125 0.63384326171875 -0.149
vn 0.5 -0.866025388240814 0
v 0.14859326171875 0.63525 -0.149
vn 0.5 -0.866025388240814 0
v 0.14859326171875 0.63525 -0.123
vn 0.5 -0.866025388240814 0
v 0.14615673828125 0.63384326171875 -0.123
vn 0.5 -0.866025388240814 0
v -0.0822903594970703 0.312063507080078 -0.311
vn -0.987688362598419 0.156434461474419 0
v -0.0809704513549805 0.320397094726563 -0.311
vn -0.987688362598419 0.156434461474419 0
v -0.0809704513549805 0.320397094726563 -0.341
vn -0.987688362598419 0.156434461474419 0
v -0.0822903594970703 0.312063507080078 -0.341
vn -0.987688362598419 0.156434461474419 0
v -0.0809704513549805 0.320397094726563 -0.311
vn -0.70710676908493 0.70710676908493 0
v -0.00682600498199463 0.394541534423828 -0.311
vn -0.70710676908493 0.70710676908493 0
v -0.00682600498199463 0.394541534423828 -0.341
vn -0.70710676908493 0.70710676908493 0
v -0.0809704513549805 0.320397094726563 -0.341
vn -0.70710676908493 0.70710676908493 0
v -0.0537016754150391 0.255955047607422 -0.311
vn -0.70710676908493 -0.70710676908493 0
v -0.0690449523925781 0.271298309326172 -0.311
vn -0.70710676908493 -0.70710676908493 0
v -0.0690449523925781 0.271298309326172 -0.341
vn -0.70710676908493 -0.70710676908493 0
v -0.0537016754150391 0.255955047607422 -0.341
vn -0.70710676908493 -0.70710676908493 0
v -0.0343680229187012 0.246104064941406 -0.311
vn -0.453990489244461 -0.891006529331207 0
v -0.0537016754150391 0.255955047607422 -0.311
vn -0.453990489244461 -0.891006529331207 0
v -0.0537016754150391 0.255955047607422 -0.341
vn -0.453990489244461 -0.891006529331207 0
v -0.0343680229187012 0.246104064941406 -0.341
vn -0.453990489244461 -0.891006529331207 0
v -0.0788959426879883 0.290631988525391 -0.311
vn -0.987688362598419 -0.156434461474419 0
v -0.0822903594970703 0.312063507080078 -0.311
vn -0.987688362598419 -0.156434461474419 0
v -0.0822903594970703 0.312063507080078 -0.341
vn -0.987688362598419 -0.156434461474419 0
v -0.0788959426879883 0.290631988525391 -0.341
vn -0.987688362598419 -0.156434461474419 0
v 0.0695415267944336 0.318173980712891 -0.311
vn 0.70710676908493 -0.70710676908493 0
v -0.00460291910171509 0.244029541015625 -0.311
vn 0.70710676908493 -0.70710676908493 0
v -0.00460291910171509 0.244029541015625 -0.341
vn 0.70710676908493 -0.70710676908493 0
v 0.0695415267944336 0.318173980712891 -0.341
vn 0.70710676908493 -0.70710676908493 0
v 0.0422727508544922 0.382616027832031 -0.311
vn 0.70710676908493 0.70710676908493 0
v 0.0576160278320313 0.367272766113281 -0.311
vn 0.70710676908493 0.70710676908493 0
v 0.0576160278320313 0.367272766113281 -0.341
vn 0.70710676908493 0.70710676908493 0
v 0.0422727508544922 0.382616027832031 -0.341
vn 0.70710676908493 0.70710676908493 0
v 0.0576160278320313 0.367272766113281 -0.311
vn 0.891006529331207 0.453990489244461 0
v 0.0674670181274414 0.347939086914063 -0.311
vn 0.891006529331207 0.453990489244461 0
v 0.0674670181274414 0.347939086914063 -0.341
vn 0.891006529331207 0.453990489244461 0
v 0.0576160278320313 0.367272766113281 -0.341
vn 0.891006529331207 0.453990489244461 0
v 0.00150757598876953 0.395861450195312 -0.311
vn 0.156434461474419 0.987688362598419 0
v 0.0229390983581543 0.392467010498047 -0.311
vn 0.156434461474419 0.987688362598419 0
v 0.0229390983581543 0.392467010498047 -0.341
vn 0.156434461474419 0.987688362598419 0
v 0.00150757598876953 0.395861450195312 -0.341
vn 0.156434461474419 0.987688362598419 0
v -0.00682600498199463 0.394541534423828 -0.311
vn -0.156434461474419 0.987688362598419 0
v 0.00150757598876953 0.395861450195312 -0.311
vn -0.156434461474419 0.987688362598419 0
v 0.00150757598876953 0.395861450195312 -0.341
vn -0.156434461474419 0.987688362598419 0
v -0.00682600498199463 0.394541534423828 -0.341
vn -0.156434461474419 0.987688362598419 0
v -0.0690449523925781 0.271298309326172 -0.311
vn -0.891006529331207 -0.453990489244461 0
v -0.0788959426879883 0.290631988525391 -0.311
vn -0.891006529331207 -0.453990489244461 0
v -0.0788959426879883 0.290631988525391 -0.341
vn -0.891006529331207 -0.453990489244461 0
v -0.0690449523925781 0.271298309326172 -0.341
vn -0.891006529331207 -0.453990489244461 0
v -0.00460291910171509 0.244029541015625 -0.311
vn 0.156434461474419 -0.987688362598419 0
v -0.0129364995956421 0.24270964050293 -0.311
vn 0.156434461474419 -0.987688362598419 0
v -0.0129364995956421 0.24270964050293 -0.341
vn 0.156434461474419 -0.987688362598419 0
v -0.00460291910171509 0.244029541015625 -0.341
vn 0.156434461474419 -0.987688362598419 0
v -0.0129364995956421 0.24270964050293 -0.311
vn -0.156434461474419 -0.987688362598419 0
v -0.0343680229187012 0.246104064941406 -0.311
vn -0.156434461474419 -0.987688362598419 0
v -0.0343680229187012 0.246104064941406 -0.341
vn -0.156434461474419 -0.987688362598419 0
v -0.0129364995956421 0.24270964050293 -0.341
vn -0.156434461474419 -0.987688362598419 0
v 0.0708614349365234 0.326507568359375 -0.311
vn 0.987688362598419 -0.156434461474419 0
v 0.0695415267944336 0.318173980712891 -0.311
vn 0.987688362598419 -0.156434461474419 0
v 0.0695415267944336 0.318173980712891 -0.341
vn 0.987688362598419 -0.156434461474419 0
v 0.0708614349365234 0.326507568359375 -0.341
vn 0.987688362598419 -0.156434461474419 0
v 0.0674670181274414 0.347939086914063 -0.311
vn 0.987688362598419 0.156434461474419 0
v 0.0708614349365234 0.326507568359375 -0.311
vn 0.987688362598419 0.156434461474419 0
v 0.0708614349365234 0.326507568359375 -0.341
vn 0.987688362598419 0.156434461474419 0
v 0.0674670181274414 0.347939086914063 -0.341
vn 0.987688362598419 0.156434461474419 0
v 0.0229390983581543 0.392467010498047 -0.311
vn 0.453990489244461 0.891006529331207 0
v 0.0422727508544922 0.382616027832031 -0.311
vn 0.453990489244461 0.891006529331207 0
v 0.0422727508544922 0.382616027832031 -0.341
vn 0.453990489244461 0.891006529331207 0
v 0.0229390983581543 0.392467010498047 -0.341
vn 0.453990489244461 0.891006529331207 0
v -0.157700317382813 0.1795 -0.0085
vn 0 -1 0
v -0.215 0.1795 -0.0085
vn 0 -1 0
v -0.215 0.1795 -0.03
vn 0 -1 0
v -0.206668685913086 0.1795 -0.0826018829345703
vn 0 -1 0
v -0.168 0.1795 -0.10063338470459
vn 0 -1 0
v -0.168 0.1795 -0.1325
vn 0 -1 0
v -0.0996618270874023 0.1795 -0.1325
vn 0 -1 0
v -0.075 0.1795 -0.144
vn 0 -1 0
v 0.106912742614746 0.1795 -0.144
vn 0 -1 0
v 0.116511047363281 0.1795 -0.127375244140625
vn 0 -1 0
v 0.139 0.1795 -0.0434453239440918
vn 0 -1 0
v 0.139 0.1795 0.0434453239440918
vn 0 -1 0
v 0.116511047363281 0.1795 0.127375244140625
vn 0 -1 0
v 0.106912742614746 0.1795 0.144
vn 0 -1 0
v -0.075 0.1795 0.144
vn 0 -1 0
v -0.206668685913086 0.1795 0.0826018829345703
vn 0 -1 0
v -0.215 0.1795 0.03
vn 0 -1 0
v -0.215 0.1795 0.0085
vn 0 -1 0
v -0.158363586425781 0.1795 0.0085
vn 0 -1 0
v -0.158406814575195 0.1795 0.00960790157318115
vn 0 -1 0
v -0.147921432495117 0.1795 0.0295240936279297
vn 0 -1 0
v -0.137 0.1795 0.036410816192627
vn 0 -1 0
v -0.137 0.1795 0.0367090377807617
vn 0 -1 0
v -0.100290962219238 0.1795 0.100290962219238
vn 0 -1 0
v -0.0367090377807617 0.1795 0.137
vn 0 -1 0
v 0.0367090377807617 0.1795 0.137
vn 0 -1 0
v 0.100290962219238 0.1795 0.100290962219238
vn 0 -1 0
v 0.137 0.1795 0.0367090377807617
vn 0 -1 0
v 0.137 0.1795 -0.0367090377807617
vn 0 -1 0
v 0.100290962219238 0.1795 -0.100290962219238
vn 0 -1 0
v 0.0367090377807617 0.1795 -0.137
vn 0 -1 0
v -0.0367090377807617 0.1795 -0.137
vn 0 -1 0
v -0.100290962219238 0.1795 -0.100290962219238
vn 0 -1 0
v -0.137 0.1795 -0.0367090377807617
vn 0 -1 0
v -0.137 0.1795 -0.0364091529846191
vn 0 -1 0
v -0.14552409362793 0.1795 -0.0319214248657227
vn 0 -1 0
v -0.157529327392578 0.1795 -0.012882719039917
vn 0 -1 0
v 0.106912742614746 0.2085 -0.144
vn 7.63884350964309E-33 -1 -9.58845399107706E-17
v 0.117662979125977 0.2085 -0.144
vn 7.63884350964309E-33 -1 -9.58845399107706E-17
v 0.139 0.2085 -0.124
vn 7.63884350964309E-33 -1 -9.58845399107706E-17
v 0.139 0.2085 -0.0685
vn 7.63884350964309E-33 -1 -9.58845399107706E-17
v 0.13228662109375 0.2085 -0.0685
vn 7.63884350964309E-33 -1 -9.58845399107706E-17
v 0.116511047363281 0.2085 -0.127375244140625
vn 7.63884350964309E-33 -1 -9.58845399107706E-17
v 0.106912742614746 0.1795 -0.144
vn 0.866025388240814 0 -0.5
v 0.106912742614746 0.2085 -0.144
vn 0.866025388240814 0 -0.5
v 0.116511047363281 0.2085 -0.127375244140625
vn 0.866025388240814 0 -0.5
v 0.116511047363281 0.1795 -0.127375244140625
vn 0.866025388240814 0 -0.5
v -0.0996618270874023 0.1795 -0.1325
vn -0.422618269920349 0 -0.906307816505432
v -0.0996618270874023 0.247 -0.1325
vn -0.422618269920349 0 -0.906307816505432
v -0.075 0.247 -0.144
vn -0.422618269920349 0 -0.906307816505432
v -0.075 0.1795 -0.144
vn -0.422618269920349 0 -0.906307816505432
v -0.168 0.247 -0.0375
vn 0 1 0
v -0.168 0.247 -0.10063338470459
vn 0 1 0
v -0.206668685913086 0.247 -0.0826018829345703
vn 0 1 0
v -0.215 0.247 -0.03
vn 0 1 0
v -0.215 0.247 0.03
vn 0 1 0
v -0.206668685913086 0.247 0.0826018829345703
vn 0 1 0
v -0.075 0.247 0.144
vn 0 1 0
v -0.0351972198486328 0.247 0.144
vn 0 1 0
v -0.0351972198486328 0.247 0.0982129974365234
vn 0 1 0
v -0.0763316116333008 0.247 0.01
vn 0 1 0
v -0.0836683883666992 0.247 0.01
vn 0 1 0
v -0.0918423233032227 0.247 0.0241576766967773
vn 0 1 0
v -0.107157676696777 0.247 0.033
vn 0 1 0
v -0.124842323303223 0.247 0.033
vn 0 1 0
v -0.140157669067383 0.247 0.0241576766967773
vn 0 1 0
v -0.149 0.247 0.00884232330322266
vn 0 1 0
v -0.149 0.247 -0.00884232330322266
vn 0 1 0
v -0.140157669067383 0.247 -0.0241576766967773
vn 0 1 0
v -0.0918423233032227 0.247 -0.0241576766967773
vn 0 1 0
v -0.0836683883666992 0.247 -0.01
vn 0 1 0
v -0.0763316116333008 0.247 -0.01
vn 0 1 0
v -0.0351972198486328 0.247 -0.0982129974365234
vn 0 1 0
v -0.0351972198486328 0.247 -0.144
vn 0 1 0
v -0.075 0.247 -0.144
vn 0 1 0
v -0.0996618270874023 0.247 -0.1325
vn 0 1 0
v -0.073 0.247 -0.1325
vn 0 1 0
v -0.073 0.247 -0.0375
vn 0 1 0
v 0.139 0.2085 -0.0685
vn 0.93733811378479 -0.348421007394791 9.02958363771215E-17
v 0.139 0.2085 -0.124
vn 0.93733811378479 -0.348421007394791 9.02958363771215E-17
v 0.188159576416016 0.340751342773437 -0.124
vn 0.93733811378479 -0.348421007394791 9.02958363771215E-17
v 0.199138885498047 0.370288391113281 -0.093
vn 0.93733811378479 -0.348421007394791 9.02958363771215E-17
v 0.199138885498047 0.370288391113281 -0.0685
vn 0.93733811378479 -0.348421007394791 9.02958363771215E-17
v -0.0351972198486328 0.253610824584961 -0.137
vn -0.913545429706573 0.406736642122269 -8.15642567973546E-17
v -0.0351972198486328 0.253610824584961 -0.0982129974365234
vn -0.913545429706573 0.406736642122269 -8.15642567973546E-17
v -0.0288595504760742 0.267845458984375 -0.111804176330566
vn -0.913545429706573 0.406736642122269 -8.15642567973546E-17
v -0.0351972198486328 0.253610824584961 -0.0982129974365234
vn -0.906307816505432 0 -0.422618269920349
v -0.0351972198486328 0.247 -0.0982129974365234
vn -0.906307816505432 0 -0.422618269920349
v -0.0763316116333008 0.247 -0.01
vn -0.906307816505432 0 -0.422618269920349
v -0.0763316116333008 0.276 -0.01
vn -0.906307816505432 0 -0.422618269920349
v -0.0318237781524658 0.276 -0.105447364807129
vn -0.906307816505432 0 -0.422618269920349
v -0.0288595504760742 0.267845458984375 -0.111804176330566
vn -0.906307816505432 0 -0.422618269920349
v -0.0241296138763428 0.278469055175781 -0.093
vn -0.913545429706573 0.406736642122269 -8.15642567973546E-17
v -0.0252289123535156 0.276 -0.0973703384399414
vn -0.913545429706573 0.406736642122269 -8.15642567973546E-17
v -0.0252289123535156 0.276 -0.0685
vn -0.913545429706573 0.406736642122269 -8.15642567973546E-17
v 0.035753776550293 0.412969360351563 -0.0685
vn -0.913545429706573 0.406736642122269 -8.15642567973546E-17
v 0.035753776550293 0.412969360351563 -0.093
vn -0.913545429706573 0.406736642122269 -8.15642567973546E-17
v -0.0252289123535156 0.276 -0.0685
vn 0 1 0
v -0.0252289123535156 0.276 -0.0973703384399414
vn 0 1 0
v -0.0318237781524658 0.276 -0.105447364807129
vn 0 1 0
v -0.0763316116333008 0.276 -0.01
vn 0 1 0
v -0.0836683883666992 0.276 -0.01
vn 0 1 0
v -0.0918423233032227 0.276 -0.0241576766967773
vn 0 1 0
v -0.140157669067383 0.276 -0.0241576766967773
vn 0 1 0
v -0.149 0.276 -0.00884232330322266
vn 0 1 0
v -0.149 0.276 0.00884232330322266
vn 0 1 0
v -0.140157669067383 0.276 0.0241576766967773
vn 0 1 0
v -0.124842323303223 0.276 0.033
vn 0 1 0
v -0.107157676696777 0.276 0.033
vn 0 1 0
v -0.0918423233032227 0.276 0.0241576766967773
vn 0 1 0
v -0.0836683883666992 0.276 0.01
vn 0 1 0
v -0.0763316116333008 0.276 0.01
vn 0 1 0
v -0.0318237781524658 0.276 0.105447364807129
vn 0 1 0
v -0.0252289123535156 0.276 0.0973703384399414
vn 0 1 0
v -0.0252289123535156 0.276 0.0685
vn 0 1 0
v 0.13228662109375 0.276 0.0685
vn 0 1 0
v 0.139 0.276 0.0434453239440918
vn 0 1 0
v 0.139 0.276 -0.0434453239440918
vn 0 1 0
v 0.13228662109375 0.276 -0.0685
vn 0 1 0
v 0.223 0.455439697265625 -0.093
vn 1 -7.09487819751766E-16 1.3197374182219E-16
v 0.223 0.494560302734375 -0.093
vn 1 -7.09487819751766E-16 1.3197374182219E-16
v 0.223 0.494560302734375 -0.0685
vn 1 -7.09487819751766E-16 1.3197374182219E-16
v 0.223 0.455439697265625 -0.0685
vn 1 -7.09487819751766E-16 1.3197374182219E-16
v 0.077 0.455439697265625 -0.093
vn -0.866025388240814 -0.5 -1.62234880600466E-16
v 0.0858243560791016 0.440155456542969 -0.093
vn -0.866025388240814 -0.5 -1.62234880600466E-16
v 0.0858243560791016 0.440155456542969 -0.0685
vn -0.866025388240814 -0.5 -1.62234880600466E-16
v 0.077 0.455439697265625 -0.0685
vn -0.866025388240814 -0.5 -1.62234880600466E-16
v 0.189356018066406 0.397166625976562 -0.093
vn 0.866025388240814 -0.5 6.63503473071404E-17
v 0.223 0.455439697265625 -0.093
vn 0.866025388240814 -0.5 6.63503473071404E-17
v 0.223 0.455439697265625 -0.0685
vn 0.866025388240814 -0.5 6.63503473071404E-17
v 0.189356018066406 0.397166625976562 -0.0685
vn 0.866025388240814 -0.5 6.63503473071404E-17
v 0.077 0.494560302734375 -0.093
vn -1 0 -1.3197374182219E-16
v 0.077 0.455439697265625 -0.093
vn -1 0 -1.3197374182219E-16
v 0.077 0.455439697265625 -0.0685
vn -1 0 -1.3197374182219E-16
v 0.077 0.494560302734375 -0.0685
vn -1 0 -1.3197374182219E-16
v 0.199138885498047 0.370288391113281 -0.093
vn 0.939692616462708 0.342020153999329 1.56809197821939E-16
v 0.189356018066406 0.397166625976562 -0.093
vn 0.939692616462708 0.342020153999329 1.56809197821939E-16
v 0.189356018066406 0.397166625976562 -0.0685
vn 0.939692616462708 0.342020153999329 1.56809197821939E-16
v 0.199138885498047 0.370288391113281 -0.0685
vn 0.939692616462708 0.342020153999329 1.56809197821939E-16
v 0.203439712524414 0.528439697265625 -0.093
vn 0.5 0.866025388240814 1.49025322378696E-16
v 0.169560287475586 0.548 -0.093
vn 0.5 0.866025388240814 1.49025322378696E-16
v 0.169560287475586 0.548 -0.0685
vn 0.5 0.866025388240814 1.49025322378696E-16
v 0.203439712524414 0.528439697265625 -0.0685
vn 0.5 0.866025388240814 1.49025322378696E-16
v 0.223 0.494560302734375 -0.093
vn 0.866025388240814 0.5 1.62234880600466E-16
v 0.203439712524414 0.528439697265625 -0.093
vn 0.866025388240814 0.5 1.62234880600466E-16
v 0.203439712524414 0.528439697265625 -0.0685
vn 0.866025388240814 0.5 1.62234880600466E-16
v 0.223 0.494560302734375 -0.0685
vn 0.866025388240814 0.5 1.62234880600466E-16
v 0.0858243560791016 0.440155456542969 -0.093
vn -0.477158755064011 0.878817141056061 2.12925438288724E-17
v 0.035753776550293 0.412969360351563 -0.093
vn -0.477158755064011 0.878817141056061 2.12925438288724E-17
v 0.035753776550293 0.412969360351563 -0.0685
vn -0.477158755064011 0.878817141056061 2.12925438288724E-17
v 0.0858243560791016 0.440155456542969 -0.0685
vn -0.477158755064011 0.878817141056061 2.12925438288724E-17
v 0.0965602874755859 0.528439697265625 -0.093
vn -0.866025388240814 0.5 -6.63503473071404E-17
v 0.077 0.494560302734375 -0.093
vn -0.866025388240814 0.5 -6.63503473071404E-17
v 0.077 0.494560302734375 -0.0685
vn -0.866025388240814 0.5 -6.63503473071404E-17
v 0.0965602874755859 0.528439697265625 -0.0685
vn -0.866025388240814 0.5 -6.63503473071404E-17
v 0.130439712524414 0.548 -0.093
vn -0.5 0.866025388240814 1.7051573939062E-17
v 0.0965602874755859 0.528439697265625 -0.093
vn -0.5 0.866025388240814 1.7051573939062E-17
v 0.0965602874755859 0.528439697265625 -0.0685
vn -0.5 0.866025388240814 1.7051573939062E-17
v 0.130439712524414 0.548 -0.0685
vn -0.5 0.866025388240814 1.7051573939062E-17
v 0.169560287475586 0.548 -0.093
vn 0 1 9.58845399107706E-17
v 0.130439712524414 0.548 -0.093
vn 0 1 9.58845399107706E-17
v 0.130439712524414 0.548 -0.0685
vn 0 1 9.58845399107706E-17
v 0.169560287475586 0.548 -0.0685
vn 0 1 9.58845399107706E-17
v -0.0788959426879883 0.290631988525391 -0.341
vn 0 0 -1
v -0.0822903594970703 0.312063507080078 -0.341
vn 0 0 -1
v -0.0809704513549805 0.320397094726563 -0.341
vn 0 0 -1
v -0.00682600498199463 0.394541534423828 -0.341
vn 0 0 -1
v 0.00150757598876953 0.395861450195312 -0.341
vn 0 0 -1
v 0.0229390983581543 0.392467010498047 -0.341
vn 0 0 -1
v 0.0422727508544922 0.382616027832031 -0.341
vn 0 0 -1
v 0.0576160278320313 0.367272766113281 -0.341
vn 0 0 -1
v 0.0674670181274414 0.347939086914063 -0.341
vn 0 0 -1
v 0.0708614349365234 0.326507568359375 -0.341
vn 0 0 -1
v 0.0695415267944336 0.318173980712891 -0.341
vn 0 0 -1
v -0.00460291910171509 0.244029541015625 -0.341
vn 0 0 -1
v -0.0129364995956421 0.24270964050293 -0.341
vn 0 0 -1
v -0.0343680229187012 0.246104064941406 -0.341
vn 0 0 -1
v -0.0537016754150391 0.255955047607422 -0.341
vn 0 0 -1
v -0.0690449523925781 0.271298309326172 -0.341
vn 0 0 -1
v -0.0973216323852539 0.148 -0.0378747634887695
vn -0.590627908706665 -0.73135370016098 -0.340999186038971
v -0.103117279052734 0.154384429931641 -0.0415293273925781
vn -0.590627908706665 -0.73135370016098 -0.340999186038971
v -0.125607902526855 0.172956573486328 -0.0424068107604981
vn -0.590627908706665 -0.73135370016098 -0.340999186038971
v -0.136622512817383 0.179147979736328 -0.0366078910827637
vn -0.590627908706665 -0.73135370016098 -0.340999186038971
v -0.137 0.1795 -0.0367090377807617
vn -0.590627908706665 -0.73135370016098 -0.340999186038971
v -0.100290962219238 0.1795 -0.100290962219238
vn -0.590627908706665 -0.73135370016098 -0.340999186038971
v -0.0755625686645508 0.148 -0.0755625686645508
vn -0.590627908706665 -0.73135370016098 -0.340999186038971
v -0.215 0.1795 0.03
vn -1 0 4.62592909280629E-16
v -0.215 0.247 0.03
vn -1 0 4.62592909280629E-16
v -0.215 0.247 -0.03
vn -1 0 4.62592909280629E-16
v -0.215 0.1795 -0.03
vn -1 0 4.62592909280629E-16
v -0.215 0.1795 -0.0085
vn -1 0 4.62592909280629E-16
v -0.215 0.1295 -0.0085
vn -1 0 4.62592909280629E-16
v -0.215 0.1295 0.0085
vn -1 0 4.62592909280629E-16
v -0.215 0.1795 0.0085
vn -1 0 4.62592909280629E-16
v -0.14552409362793 0.1795 -0.0319214248657227
vn -0.465857088565826 0 -0.884859979152679
v -0.137 0.1795 -0.0364091529846191
vn -0.465857088565826 0 -0.884859979152679
v -0.136622512817383 0.179147979736328 -0.0366078910827637
vn -0.465857088565826 0 -0.884859979152679
v -0.125607902526855 0.172956573486328 -0.0424068107604981
vn -0.465857088565826 0 -0.884859979152679
v -0.125607902526855 0.143 -0.0424068107604981
vn -0.465857088565826 0 -0.884859979152679
v -0.14552409362793 0.143 -0.0319214248657227
vn -0.465857088565826 0 -0.884859979152679
v -0.206668685913086 0.1795 0.0826018829345703
vn -0.987688362598419 0 0.156434461474419
v -0.206668685913086 0.247 0.0826018829345703
vn -0.987688362598419 0 0.156434461474419
v -0.215 0.247 0.03
vn -0.987688362598419 0 0.156434461474419
v -0.215 0.1795 0.03
vn -0.987688362598419 0 0.156434461474419
v -0.157529327392578 0.1795 -0.012882719039917
vn -0.845874071121216 0 -0.533382654190063
v -0.14552409362793 0.1795 -0.0319214248657227
vn -0.845874071121216 0 -0.533382654190063
v -0.14552409362793 0.143 -0.0319214248657227
vn -0.845874071121216 0 -0.533382654190063
v -0.157529327392578 0.143 -0.012882719039917
vn -0.845874071121216 0 -0.533382654190063
v 0.137 0.1795 -0.0367090377807617
vn 0.681998372077942 -0.73135370016098 0
v 0.137 0.1795 0.0367090377807617
vn 0.681998372077942 -0.73135370016098 0
v 0.10322038269043 0.148 0.0276578197479248
vn 0.681998372077942 -0.73135370016098 0
v 0.10322038269043 0.148 -0.0276578197479248
vn 0.681998372077942 -0.73135370016098 0
v 0.100290962219238 0.1795 0.100290962219238
vn 0.340999186038971 -0.73135370016098 0.590627908706665
v 0.0367090377807617 0.1795 0.137
vn 0.340999186038971 -0.73135370016098 0.590627908706665
v 0.0276578197479248 0.148 0.10322038269043
vn 0.340999186038971 -0.73135370016098 0.590627908706665
v 0.0755625686645508 0.148 0.0755625686645508
vn 0.340999186038971 -0.73135370016098 0.590627908706665
v -0.147921432495117 0.1795 0.0295240936279297
vn -0.884859979152679 0 0.465857088565826
v -0.158406814575195 0.1795 0.00960790157318115
vn -0.884859979152679 0 0.465857088565826
v -0.158406814575195 0.143 0.00960790157318115
vn -0.884859979152679 0 0.465857088565826
v -0.147921432495117 0.143 0.0295240936279297
vn -0.884859979152679 0 0.465857088565826
v -0.0367090377807617 0.1795 0.137
vn -0.340999186038971 -0.73135370016098 0.590627908706665
v -0.100290962219238 0.1795 0.100290962219238
vn -0.340999186038971 -0.73135370016098 0.590627908706665
v -0.0755625686645508 0.148 0.0755625686645508
vn -0.340999186038971 -0.73135370016098 0.590627908706665
v -0.0276578197479248 0.148 0.10322038269043
vn -0.340999186038971 -0.73135370016098 0.590627908706665
v -0.137 0.1795 0.036410816192627
vn -0.681998372077942 -0.73135370016098 -5.15656558810795E-16
v -0.136668090820313 0.179190490722656 0.0366201057434082
vn -0.681998372077942 -0.73135370016098 -5.15656558810795E-16
v -0.137 0.1795 0.0367090377807617
vn -0.681998372077942 -0.73135370016098 -5.15656558810795E-16
v 0.13228662109375 0.2085 0.0685
vn 0.965925812721252 0 0.258819043636322
v 0.116511047363281 0.2085 0.127375244140625
vn 0.965925812721252 0 0.258819043636322
v 0.116511047363281 0.1795 0.127375244140625
vn 0.965925812721252 0 0.258819043636322
v 0.139 0.1795 0.0434453239440918
vn 0.965925812721252 0 0.258819043636322
v 0.139 0.276 0.0434453239440918
vn 0.965925812721252 0 0.258819043636322
v 0.13228662109375 0.276 0.0685
vn 0.965925812721252 0 0.258819043636322
v -0.100290962219238 0.1795 -0.100290962219238
vn -0.340999186038971 -0.73135370016098 -0.590627908706665
v -0.0367090377807617 0.1795 -0.137
vn -0.340999186038971 -0.73135370016098 -0.590627908706665
v -0.0276578197479248 0.148 -0.10322038269043
vn -0.340999186038971 -0.73135370016098 -0.590627908706665
v -0.0755625686645508 0.148 -0.0755625686645508
vn -0.340999186038971 -0.73135370016098 -0.590627908706665
v -0.128882720947266 0.143 0.0415293273925781
vn -0.533382654190063 0 0.845874071121216
v -0.128882720947266 0.175192123413086 0.0415293273925781
vn -0.533382654190063 0 0.845874071121216
v -0.136668090820313 0.179190490722656 0.0366201057434082
vn -0.533382654190063 0 0.845874071121216
v -0.137 0.1795 0.036410816192627
vn -0.533382654190063 0 0.845874071121216
v -0.147921432495117 0.1795 0.0295240936279297
vn -0.533382654190063 0 0.845874071121216
v -0.147921432495117 0.143 0.0295240936279297
vn -0.533382654190063 0 0.845874071121216
v -0.206668685913086 0.1795 -0.0826018829345703
vn -0.422618269920349 0 -0.906307816505432
v -0.206668685913086 0.247 -0.0826018829345703
vn -0.422618269920349 0 -0.906307816505432
v -0.168 0.247 -0.10063338470459
vn -0.422618269920349 0 -0.906307816505432
v -0.168 0.1795 -0.10063338470459
vn -0.422618269920349 0 -0.906307816505432
v 0.0367090377807617 0.1795 -0.137
vn 0.340999186038971 -0.73135370016098 -0.590627908706665
v 0.100290962219238 0.1795 -0.100290962219238
vn 0.340999186038971 -0.73135370016098 -0.590627908706665
v 0.0755625686645508 0.148 -0.0755625686645508
vn 0.340999186038971 -0.73135370016098 -0.590627908706665
v 0.0276578197479248 0.148 -0.10322038269043
vn 0.340999186038971 -0.73135370016098 -0.590627908706665
v 0.100290962219238 0.1795 -0.100290962219238
vn 0.590627908706665 -0.73135370016098 -0.340999186038971
v 0.137 0.1795 -0.0367090377807617
vn 0.590627908706665 -0.73135370016098 -0.340999186038971
v 0.10322038269043 0.148 -0.0276578197479248
vn 0.590627908706665 -0.73135370016098 -0.340999186038971
v 0.0755625686645508 0.148 -0.0755625686645508
vn 0.590627908706665 -0.73135370016098 -0.340999186038971
v 0.137 0.1795 0.0367090377807617
vn 0.590627908706665 -0.73135370016098 0.340999186038971
v 0.100290962219238 0.1795 0.100290962219238
vn 0.590627908706665 -0.73135370016098 0.340999186038971
v 0.0755625686645508 0.148 0.0755625686645508
vn 0.590627908706665 -0.73135370016098 0.340999186038971
v 0.10322038269043 0.148 0.0276578197479248
vn 0.590627908706665 -0.73135370016098 0.340999186038971
v 0.106912742614746 0.2085 0.144
vn 0 0 1
v 0.117662979125977 0.2085 0.144
vn 0 0 1
v 0.15471076965332 0.308167633056641 0.144
vn 0 0 1
v 0.0744950637817383 0.252 0.144
vn 0 0 1
v -0.0335863990783691 0.252 0.144
vn 0 0 1
v -0.0351972198486328 0.253610824584961 0.144
vn 0 0 1
v -0.0351972198486328 0.247 0.144
vn 0 0 1
v -0.075 0.247 0.144
vn 0 0 1
v -0.075 0.1795 0.144
vn 0 0 1
v 0.106912742614746 0.1795 0.144
vn 0 0 1
v -0.168 0.1795 -0.1325
vn -4.06150392384306E-16 0 -1
v -0.168 0.252 -0.1325
vn -4.06150392384306E-16 0 -1
v -0.073 0.252 -0.1325
vn -4.06150392384306E-16 0 -1
v -0.073 0.247 -0.1325
vn -4.06150392384306E-16 0 -1
v -0.0996618270874023 0.247 -0.1325
vn -4.06150392384306E-16 0 -1
v -0.0996618270874023 0.1795 -0.1325
vn -4.06150392384306E-16 0 -1
v -0.215 0.1795 -0.03
vn -0.987688362598419 0 -0.156434461474419
v -0.215 0.247 -0.03
vn -0.987688362598419 0 -0.156434461474419
v -0.206668685913086 0.247 -0.0826018829345703
vn -0.987688362598419 0 -0.156434461474419
v -0.206668685913086 0.1795 -0.0826018829345703
vn -0.987688362598419 0 -0.156434461474419
v -0.158363586425781 0.1795 0.0085
vn -0.99923974275589 0 -0.0389859192073345
v -0.158363586425781 0.143 0.0085
vn -0.99923974275589 0 -0.0389859192073345
v -0.158406814575195 0.143 0.00960790157318115
vn -0.99923974275589 0 -0.0389859192073345
v -0.158406814575195 0.1795 0.00960790157318115
vn -0.99923974275589 0 -0.0389859192073345
v -0.0367090377807617 0.1795 -0.137
vn 5.15656558810795E-16 -0.73135370016098 -0.681998372077942
v 0.0367090377807617 0.1795 -0.137
vn 5.15656558810795E-16 -0.73135370016098 -0.681998372077942
v 0.0276578197479248 0.148 -0.10322038269043
vn 5.15656558810795E-16 -0.73135370016098 -0.681998372077942
v -0.0276578197479248 0.148 -0.10322038269043
vn 5.15656558810795E-16 -0.73135370016098 -0.681998372077942
v -0.106392097473145 0.157438247680664 0.0424068107604981
vn -0.590627908706665 -0.73135370016098 0.340999186038971
v -0.0974293670654297 0.148 0.0376881561279297
vn -0.590627908706665 -0.73135370016098 0.340999186038971
v -0.0755625686645508 0.148 0.0755625686645508
vn -0.590627908706665 -0.73135370016098 0.340999186038971
v -0.100290962219238 0.1795 0.100290962219238
vn -0.590627908706665 -0.73135370016098 0.340999186038971
v -0.137 0.1795 0.0367090377807617
vn -0.590627908706665 -0.73135370016098 0.340999186038971
v -0.136668090820313 0.179190490722656 0.0366201057434082
vn -0.590627908706665 -0.73135370016098 0.340999186038971
v -0.128882720947266 0.175192123413086 0.0415293273925781
vn -0.590627908706665 -0.73135370016098 0.340999186038971
v -0.075 0.1795 0.144
vn -0.422618269920349 0 0.906307816505432
v -0.075 0.247 0.144
vn -0.422618269920349 0 0.906307816505432
v -0.206668685913086 0.247 0.0826018829345703
vn -0.422618269920349 0 0.906307816505432
v -0.206668685913086 0.1795 0.0826018829345703
vn -0.422618269920349 0 0.906307816505432
v 0.116511047363281 0.2085 0.127375244140625
vn 0.866025388240814 0 0.5
v 0.106912742614746 0.2085 0.144
vn 0.866025388240814 0 0.5
v 0.106912742614746 0.1795 0.144
vn 0.866025388240814 0 0.5
v 0.116511047363281 0.1795 0.127375244140625
vn 0.866025388240814 0 0.5
v 0.139 0.276 0.0434453239440918
vn 1 0 0
v 0.139 0.1795 0.0434453239440918
vn 1 0 0
v 0.139 0.1795 -0.0434453239440918
vn 1 0 0
v 0.139 0.276 -0.0434453239440918
vn 1 0 0
v -0.157700317382813 0.143 -0.0085
vn 2.23035871701335E-16 0 -1
v -0.145 0.143 -0.0085
vn 2.23035871701335E-16 0 -1
v -0.145 0.1295 -0.0085
vn 2.23035871701335E-16 0 -1
v -0.215 0.1295 -0.0085
vn 2.23035871701335E-16 0 -1
v -0.215 0.1795 -0.0085
vn 2.23035871701335E-16 0 -1
v -0.157700317382813 0.1795 -0.0085
vn 2.23035871701335E-16 0 -1
v -0.136622512817383 0.179147979736328 -0.0366078910827637
vn -0.681998372077942 -0.73135370016098 -5.15656558810795E-16
v -0.137 0.1795 -0.0364091529846191
vn -0.681998372077942 -0.73135370016098 -5.15656558810795E-16
v -0.137 0.1795 -0.0367090377807617
vn -0.681998372077942 -0.73135370016098 -5.15656558810795E-16
v 0.116511047363281 0.1795 -0.127375244140625
vn 0.965925812721252 0 -0.258819043636322
v 0.116511047363281 0.2085 -0.127375244140625
vn 0.965925812721252 0 -0.258819043636322
v 0.13228662109375 0.2085 -0.0685
vn 0.965925812721252 0 -0.258819043636322
v 0.13228662109375 0.276 -0.0685
vn 0.965925812721252 0 -0.258819043636322
v 0.139 0.276 -0.0434453239440918
vn 0.965925812721252 0 -0.258819043636322
v 0.139 0.1795 -0.0434453239440918
vn 0.965925812721252 0 -0.258819043636322
v -0.157700317382813 0.143 -0.0085
vn -0.99923974275589 0 -0.0389859192073345
v -0.157700317382813 0.1795 -0.0085
vn -0.99923974275589 0 -0.0389859192073345
v -0.157529327392578 0.1795 -0.012882719039917
vn -0.99923974275589 0 -0.0389859192073345
v -0.157529327392578 0.143 -0.012882719039917
vn -0.99923974275589 0 -0.0389859192073345
v -0.145 0.143 0.0085
vn -2.47817637061885E-17 0 1
v -0.158363586425781 0.143 0.0085
vn -2.47817637061885E-17 0 1
v -0.158363586425781 0.1795 0.0085
vn -2.47817637061885E-17 0 1
v -0.215 0.1795 0.0085
vn -2.47817637061885E-17 0 1
v -0.215 0.1295 0.0085
vn -2.47817637061885E-17 0 1
v -0.145 0.1295 0.0085
vn -2.47817637061885E-17 0 1
v 0.0367090377807617 0.1795 0.137
vn -2.57828279405398E-16 -0.73135370016098 0.681998372077942
v -0.0367090377807617 0.1795 0.137
vn -2.57828279405398E-16 -0.73135370016098 0.681998372077942
v -0.0276578197479248 0.148 0.10322038269043
vn -2.57828279405398E-16 -0.73135370016098 0.681998372077942
v 0.0276578197479248 0.148 0.10322038269043
vn -2.57828279405398E-16 -0.73135370016098 0.681998372077942
v -0.168 0.1795 -0.10063338470459
vn -1 0 8.70992332958572E-16
v -0.168 0.247 -0.10063338470459
vn -1 0 8.70992332958572E-16
v -0.168 0.247 -0.0375
vn -1 0 8.70992332958572E-16
v -0.168 0.252 -0.0375
vn -1 0 8.70992332958572E-16
v -0.168 0.252 -0.1325
vn -1 0 8.70992332958572E-16
v -0.168 0.1795 -0.1325
vn -1 0 8.70992332958572E-16
v 0.035753776550293 0.412969360351563 -0.0685
vn 0 0 1
v -0.0252289123535156 0.276 -0.0685
vn 0 0 1
v 0.13228662109375 0.276 -0.0685
vn 0 0 1
v 0.13228662109375 0.2085 -0.0685
vn 0 0 1
v 0.139 0.2085 -0.0685
vn 0 0 1
v 0.199138885498047 0.370288391113281 -0.0685
vn 0 0 1
v 0.189356018066406 0.397166625976562 -0.0685
vn 0 0 1
v 0.223 0.455439697265625 -0.0685
vn 0 0 1
v 0.223 0.494560302734375 -0.0685
vn 0 0 1
v 0.203439712524414 0.528439697265625 -0.0685
vn 0 0 1
v 0.169560287475586 0.548 -0.0685
vn 0 0 1
v 0.130439712524414 0.548 -0.0685
vn 0 0 1
v 0.0965602874755859 0.528439697265625 -0.0685
vn 0 0 1
v 0.077 0.494560302734375 -0.0685
vn 0 0 1
v 0.077 0.455439697265625 -0.0685
vn 0 0 1
v 0.0858243560791016 0.440155456542969 -0.0685
vn 0 0 1
v -0.140157669067383 0.276 -0.0241576766967773
vn -2.15425121851578E-16 0 -1
v -0.0918423233032227 0.276 -0.0241576766967773
vn -2.15425121851578E-16 0 -1
v -0.0918423233032227 0.247 -0.0241576766967773
vn -2.15425121851578E-16 0 -1
v -0.140157669067383 0.247 -0.0241576766967773
vn -2.15425121851578E-16 0 -1
v -0.0351972198486328 0.253610824584961 0.0982129974365234
vn -1 0 1.3197374182219E-16
v -0.0351972198486328 0.247 0.0982129974365234
vn -1 0 1.3197374182219E-16
v -0.0351972198486328 0.247 0.144
vn -1 0 1.3197374182219E-16
v -0.0351972198486328 0.253610824584961 0.144
vn -1 0 1.3197374182219E-16
v -0.0351972198486328 0.253610824584961 0.137
vn -1 0 1.3197374182219E-16
v -0.0763316116333008 0.247 0.01
vn -0.906307816505432 0 0.422618269920349
v -0.0351972198486328 0.247 0.0982129974365234
vn -0.906307816505432 0 0.422618269920349
v -0.0351972198486328 0.253610824584961 0.0982129974365234
vn -0.906307816505432 0 0.422618269920349
v -0.0288595504760742 0.267845458984375 0.111804176330566
vn -0.906307816505432 0 0.422618269920349
v -0.0318237781524658 0.276 0.105447364807129
vn -0.906307816505432 0 0.422618269920349
v -0.0763316116333008 0.276 0.01
vn -0.906307816505432 0 0.422618269920349
v -0.124842323303223 0.276 0.033
vn -0.5 0 0.866025388240814
v -0.140157669067383 0.276 0.0241576766967773
vn -0.5 0 0.866025388240814
v -0.140157669067383 0.247 0.0241576766967773
vn -0.5 0 0.866025388240814
v -0.124842323303223 0.247 0.033
vn -0.5 0 0.866025388240814
v -0.0836683883666992 0.276 0.01
vn 0.866025388240814 0 0.5
v -0.0918423233032227 0.276 0.0241576766967773
vn 0.866025388240814 0 0.5
v -0.0918423233032227 0.247 0.0241576766967773
vn 0.866025388240814 0 0.5
v -0.0836683883666992 0.247 0.01
vn 0.866025388240814 0 0.5
v -0.073 0.252 -0.0482487373352051
vn 1 0 0
v -0.073 0.252 -0.0375
vn 1 0 0
v -0.073 0.247 -0.0375
vn 1 0 0
v -0.073 0.247 -0.1325
vn 1 0 0
v -0.073 0.252 -0.1325
vn 1 0 0
v -0.073 0.252 -0.112751258850098
vn 1 0 0
v -0.107157676696777 0.276 0.033
vn -3.92368239890192E-16 0 1
v -0.124842323303223 0.276 0.033
vn -3.92368239890192E-16 0 1
v -0.124842323303223 0.247 0.033
vn -3.92368239890192E-16 0 1
v -0.107157676696777 0.247 0.033
vn -3.92368239890192E-16 0 1
v -0.0836683883666992 0.276 -0.01
vn 2.36442391553121E-16 0 -1
v -0.0763316116333008 0.276 -0.01
vn 2.36442391553121E-16 0 -1
v -0.0763316116333008 0.247 -0.01
vn 2.36442391553121E-16 0 -1
v -0.0836683883666992 0.247 -0.01
vn 2.36442391553121E-16 0 -1
v -0.0763316116333008 0.276 0.01
vn 2.36442391553121E-16 0 1
v -0.0836683883666992 0.276 0.01
vn 2.36442391553121E-16 0 1
v -0.0836683883666992 0.247 0.01
vn 2.36442391553121E-16 0 1
v -0.0763316116333008 0.247 0.01
vn 2.36442391553121E-16 0 1
v -0.148251266479492 0.252 -0.0375
vn 7.30409877656082E-17 0 1
v -0.168 0.252 -0.0375
vn 7.30409877656082E-17 0 1
v -0.168 0.247 -0.0375
vn 7.30409877656082E-17 0 1
v -0.073 0.247 -0.0375
vn 7.30409877656082E-17 0 1
v -0.073 0.252 -0.0375
vn 7.30409877656082E-17 0 1
v -0.0837487411499023 0.252 -0.0375
vn 7.30409877656082E-17 0 1
v -0.149 0.276 -0.00884232330322266
vn -0.866025388240814 0 -0.5
v -0.140157669067383 0.276 -0.0241576766967773
vn -0.866025388240814 0 -0.5
v -0.140157669067383 0.247 -0.0241576766967773
vn -0.866025388240814 0 -0.5
v -0.149 0.247 -0.00884232330322266
vn -0.866025388240814 0 -0.5
v -0.149 0.276 0.00884232330322266
vn -1 0 0
v -0.149 0.276 -0.00884232330322266
vn -1 0 0
v -0.149 0.247 -0.00884232330322266
vn -1 0 0
v -0.149 0.247 0.00884232330322266
vn -1 0 0
v -0.140157669067383 0.276 0.0241576766967773
vn -0.866025388240814 0 0.5
v -0.149 0.276 0.00884232330322266
vn -0.866025388240814 0 0.5
v -0.149 0.247 0.00884232330322266
vn -0.866025388240814 0 0.5
v -0.140157669067383 0.247 0.0241576766967773
vn -0.866025388240814 0 0.5
v -0.0918423233032227 0.276 0.0241576766967773
vn 0.5 0 0.866025388240814
v -0.107157676696777 0.276 0.033
vn 0.5 0 0.866025388240814
v -0.107157676696777 0.247 0.033
vn 0.5 0 0.866025388240814
v -0.0918423233032227 0.247 0.0241576766967773
vn 0.5 0 0.866025388240814
v -0.0918423233032227 0.276 -0.0241576766967773
vn 0.866025388240814 0 -0.5
v -0.0836683883666992 0.276 -0.01
vn 0.866025388240814 0 -0.5
v -0.0836683883666992 0.247 -0.01
vn 0.866025388240814 0 -0.5
v -0.0918423233032227 0.247 -0.0241576766967773
vn 0.866025388240814 0 -0.5
v -0.0475965881347656 0.30193603515625 0.093
vn -0.61237245798111 -0.61237245798111 -0.5
v -0.0241296138763428 0.278469055175781 0.093
vn -0.61237245798111 -0.61237245798111 -0.5
v -0.0252289123535156 0.276 0.0973703384399414
vn -0.61237245798111 -0.61237245798111 -0.5
v -0.0318237781524658 0.276 0.105447364807129
vn -0.61237245798111 -0.61237245798111 -0.5
v -0.0288595504760742 0.267845458984375 0.111804176330566
vn -0.61237245798111 -0.61237245798111 -0.5
v -0.0351972198486328 0.253610824584961 0.137
vn -0.61237245798111 -0.61237245798111 -0.5
v -0.073 0.291413604736328 0.137
vn -0.61237245798111 -0.61237245798111 -0.5
v -0.0252289123535156 0.276 0.0685
vn -0.913545429706573 0.406736642122269 8.15642567973546E-17
v -0.0252289123535156 0.276 0.0973703384399414
vn -0.913545429706573 0.406736642122269 8.15642567973546E-17
v -0.0241296138763428 0.278469055175781 0.093
vn -0.913545429706573 0.406736642122269 8.15642567973546E-17
v 0.035753776550293 0.412969360351563 0.093
vn -0.913545429706573 0.406736642122269 8.15642567973546E-17
v 0.035753776550293 0.412969360351563 0.0685
vn -0.913545429706573 0.406736642122269 8.15642567973546E-17
v 0.13228662109375 0.2085 0.0685
vn 0 0 -1
v 0.13228662109375 0.276 0.0685
vn 0 0 -1
v -0.0252289123535156 0.276 0.0685
vn 0 0 -1
v 0.035753776550293 0.412969360351563 0.0685
vn 0 0 -1
v 0.0858243560791016 0.440155456542969 0.0685
vn 0 0 -1
v 0.077 0.455439697265625 0.0685
vn 0 0 -1
v 0.077 0.494560302734375 0.0685
vn 0 0 -1
v 0.0965602874755859 0.528439697265625 0.0685
vn 0 0 -1
v 0.130439712524414 0.548 0.0685
vn 0 0 -1
v 0.169560287475586 0.548 0.0685
vn 0 0 -1
v 0.203439712524414 0.528439697265625 0.0685
vn 0 0 -1
v 0.223 0.494560302734375 0.0685
vn 0 0 -1
v 0.223 0.455439697265625 0.0685
vn 0 0 -1
v 0.189356018066406 0.397166625976562 0.0685
vn 0 0 -1
v 0.199138885498047 0.370288391113281 0.0685
vn 0 0 -1
v 0.139 0.2085 0.0685
vn 0 0 -1
v -0.0973216323852539 0.143 -0.0378747634887695
vn -0.866025388240814 0 -0.5
v -0.0973216323852539 0.148 -0.0378747634887695
vn -0.866025388240814 0 -0.5
v -0.0755625686645508 0.148 -0.0755625686645508
vn -0.866025388240814 0 -0.5
v -0.0755625686645508 0.132 -0.0755625686645508
vn -0.866025388240814 0 -0.5
v -0.10322038269043 0.132 -0.0276578197479248
vn -0.866025388240814 0 -0.5
v -0.10322038269043 0.143 -0.0276578197479248
vn -0.866025388240814 0 -0.5
v -0.103117279052734 0.143 -0.0415293273925781
vn 0.533382654190063 0 -0.845874071121216
v -0.103117279052734 0.154384429931641 -0.0415293273925781
vn 0.533382654190063 0 -0.845874071121216
v -0.0973216323852539 0.148 -0.0378747634887695
vn 0.533382654190063 0 -0.845874071121216
v -0.0973216323852539 0.143 -0.0378747634887695
vn 0.533382654190063 0 -0.845874071121216
v -0.125607902526855 0.143 -0.0424068107604981
vn 0.0389859192073345 0 -0.99923974275589
v -0.125607902526855 0.172956573486328 -0.0424068107604981
vn 0.0389859192073345 0 -0.99923974275589
v -0.103117279052734 0.154384429931641 -0.0415293273925781
vn 0.0389859192073345 0 -0.99923974275589
v -0.103117279052734 0.143 -0.0415293273925781
vn 0.0389859192073345 0 -0.99923974275589
v -0.215 0.1295 0.0085
vn 0 -1 0
v -0.215 0.1295 -0.0085
vn 0 -1 0
v -0.145 0.1295 -0.0085
vn 0 -1 0
v -0.145 0.1295 0.0085
vn 0 -1 0
v -0.145 0.143 0.0085
vn 0 -1 0
v -0.145 0.143 -0.0085
vn 0 -1 0
v -0.157700317382813 0.143 -0.0085
vn 0 -1 0
v -0.157529327392578 0.143 -0.012882719039917
vn 0 -1 0
v -0.14552409362793 0.143 -0.0319214248657227
vn 0 -1 0
v -0.125607902526855 0.143 -0.0424068107604981
vn 0 -1 0
v -0.103117279052734 0.143 -0.0415293273925781
vn 0 -1 0
v -0.0973216323852539 0.143 -0.0378747634887695
vn 0 -1 0
v -0.10322038269043 0.143 -0.0276578197479248
vn 0 -1 0
v -0.10322038269043 0.143 0.0276578197479248
vn 0 -1 0
v -0.0974293670654297 0.143 0.0376881561279297
vn 0 -1 0
v -0.106392097473145 0.143 0.0424068107604981
vn 0 -1 0
v -0.128882720947266 0.143 0.0415293273925781
vn 0 -1 0
v -0.147921432495117 0.143 0.0295240936279297
vn 0 -1 0
v -0.158406814575195 0.143 0.00960790157318115
vn 0 -1 0
v -0.158363586425781 0.143 0.0085
vn 0 -1 0
v 0.10322038269043 0.148 -0.0276578197479248
vn 1 0 0
v 0.10322038269043 0.148 0.0276578197479248
vn 1 0 0
v 0.10322038269043 0.132 0.0276578197479248
vn 1 0 0
v 0.10322038269043 0.132 -0.0276578197479248
vn 1 0 0
v 0.0755625686645508 0.148 0.0755625686645508
vn 0.5 0 0.866025388240814
v 0.0276578197479248 0.148 0.10322038269043
vn 0.5 0 0.866025388240814
v 0.0276578197479248 0.132 0.10322038269043
vn 0.5 0 0.866025388240814
v 0.0755625686645508 0.132 0.0755625686645508
vn 0.5 0 0.866025388240814
v -0.0276578197479248 0.148 0.10322038269043
vn -0.5 0 0.866025388240814
v -0.0755625686645508 0.148 0.0755625686645508
vn -0.5 0 0.866025388240814
v -0.0755625686645508 0.132 0.0755625686645508
vn -0.5 0 0.866025388240814
v -0.0276578197479248 0.132 0.10322038269043
vn -0.5 0 0.866025388240814
v 0.139 0.2085 0.0685
vn 7.63884350964309E-33 -1 9.58845399107706E-17
v 0.139 0.2085 0.124
vn 7.63884350964309E-33 -1 9.58845399107706E-17
v 0.117662979125977 0.2085 0.144
vn 7.63884350964309E-33 -1 9.58845399107706E-17
v 0.106912742614746 0.2085 0.144
vn 7.63884350964309E-33 -1 9.58845399107706E-17
v 0.116511047363281 0.2085 0.127375244140625
vn 7.63884350964309E-33 -1 9.58845399107706E-17
v 0.13228662109375 0.2085 0.0685
vn 7.63884350964309E-33 -1 9.58845399107706E-17
v -0.0755625686645508 0.148 -0.0755625686645508
vn -0.5 0 -0.866025388240814
v -0.0276578197479248 0.148 -0.10322038269043
vn -0.5 0 -0.866025388240814
v -0.0276578197479248 0.132 -0.10322038269043
vn -0.5 0 -0.866025388240814
v -0.0755625686645508 0.132 -0.0755625686645508
vn -0.5 0 -0.866025388240814
v -0.106392097473145 0.143 0.0424068107604981
vn -0.0389859192073345 0 0.99923974275589
v -0.106392097473145 0.157438247680664 0.0424068107604981
vn -0.0389859192073345 0 0.99923974275589
v -0.128882720947266 0.175192123413086 0.0415293273925781
vn -0.0389859192073345 0 0.99923974275589
v -0.128882720947266 0.143 0.0415293273925781
vn -0.0389859192073345 0 0.99923974275589
v 0.0276578197479248 0.148 -0.10322038269043
vn 0.5 0 -0.866025388240814
v 0.0755625686645508 0.148 -0.0755625686645508
vn 0.5 0 -0.866025388240814
v 0.0755625686645508 0.132 -0.0755625686645508
vn 0.5 0 -0.866025388240814
v 0.0276578197479248 0.132 -0.10322038269043
vn 0.5 0 -0.866025388240814
v 0.0755625686645508 0.148 -0.0755625686645508
vn 0.866025388240814 0 -0.5
v 0.10322038269043 0.148 -0.0276578197479248
vn 0.866025388240814 0 -0.5
v 0.10322038269043 0.132 -0.0276578197479248
vn 0.866025388240814 0 -0.5
v 0.0755625686645508 0.132 -0.0755625686645508
vn 0.866025388240814 0 -0.5
v 0.10322038269043 0.148 0.0276578197479248
vn 0.866025388240814 0 0.5
v 0.0755625686645508 0.148 0.0755625686645508
vn 0.866025388240814 0 0.5
v 0.0755625686645508 0.132 0.0755625686645508
vn 0.866025388240814 0 0.5
v 0.10322038269043 0.132 0.0276578197479248
vn 0.866025388240814 0 0.5
v 0.164806365966797 0.315236663818359 0.137
vn 0.662798166275024 -0.246370866894722 0.70710676908493
v 0.15471076965332 0.308167633056641 0.144
vn 0.662798166275024 -0.246370866894722 0.70710676908493
v 0.117662979125977 0.2085 0.144
vn 0.662798166275024 -0.246370866894722 0.70710676908493
v 0.139 0.2085 0.124
vn 0.662798166275024 -0.246370866894722 0.70710676908493
v 0.188159576416016 0.340751342773437 0.124
vn 0.662798166275024 -0.246370866894722 0.70710676908493
v -0.0335863990783691 0.252 0.164
vn 0 -1 0
v -0.0335863990783691 0.252 0.144
vn 0 -1 0
v 0.0744950637817383 0.252 0.144
vn 0 -1 0
v 0.0744950637817383 0.252 0.164
vn 0 -1 0
v 0.0744950637817383 0.252 0.144
vn 0.5735764503479 -0.819152057170868 0
v 0.15471076965332 0.308167633056641 0.144
vn 0.5735764503479 -0.819152057170868 0
v 0.164806365966797 0.315236663818359 0.137
vn 0.5735764503479 -0.819152057170868 0
v 0.21389128112793 0.349606292724609 0.137
vn 0.5735764503479 -0.819152057170868 0
v 0.21389128112793 0.349606292724609 0.164
vn 0.5735764503479 -0.819152057170868 0
v 0.0744950637817383 0.252 0.164
vn 0.5735764503479 -0.819152057170868 0
v -0.0351972198486328 0.253610824584961 0.137
vn -0.70710676908493 -0.70710676908493 0
v -0.0351972198486328 0.253610824584961 0.144
vn -0.70710676908493 -0.70710676908493 0
v -0.0335863990783691 0.252 0.144
vn -0.70710676908493 -0.70710676908493 0
v -0.0335863990783691 0.252 0.164
vn -0.70710676908493 -0.70710676908493 0
v -0.073 0.291413604736328 0.164
vn -0.70710676908493 -0.70710676908493 0
v -0.073 0.291413604736328 0.137
vn -0.70710676908493 -0.70710676908493 0
v -0.0907487411499023 0.252 -0.1305
vn 0 1 0
v -0.073 0.252 -0.112751258850098
vn 0 1 0
v -0.073 0.252 -0.1325
vn 0 1 0
v -0.168 0.252 -0.1325
vn 0 1 0
v -0.168 0.252 -0.0375
vn 0 1 0
v -0.148251266479492 0.252 -0.0375
vn 0 1 0
v -0.166 0.252 -0.0552487373352051
vn 0 1 0
v -0.166 0.252 -0.105751258850098
vn 0 1 0
v -0.141251266479492 0.252 -0.1305
vn 0 1 0
v -0.0276578197479248 0.148 -0.10322038269043
vn 7.52650871738391E-16 0 -1
v 0.0276578197479248 0.148 -0.10322038269043
vn 7.52650871738391E-16 0 -1
v 0.0276578197479248 0.132 -0.10322038269043
vn 7.52650871738391E-16 0 -1
v -0.0276578197479248 0.132 -0.10322038269043
vn 7.52650871738391E-16 0 -1
v -0.0974293670654297 0.148 0.0376881561279297
vn -0.866025388240814 0 0.5
v -0.0974293670654297 0.143 0.0376881561279297
vn -0.866025388240814 0 0.5
v -0.10322038269043 0.143 0.0276578197479248
vn -0.866025388240814 0 0.5
v -0.10322038269043 0.132 0.0276578197479248
vn -0.866025388240814 0 0.5
v -0.0755625686645508 0.132 0.0755625686645508
vn -0.866025388240814 0 0.5
v -0.0755625686645508 0.148 0.0755625686645508
vn -0.866025388240814 0 0.5
v -0.0974293670654297 0.143 0.0376881561279297
vn 0.465857088565826 0 0.884859979152679
v -0.0974293670654297 0.148 0.0376881561279297
vn 0.465857088565826 0 0.884859979152679
v -0.106392097473145 0.157438247680664 0.0424068107604981
vn 0.465857088565826 0 0.884859979152679
v -0.106392097473145 0.143 0.0424068107604981
vn 0.465857088565826 0 0.884859979152679
v -0.145 0.143 -0.0085
vn 1 0 0
v -0.145 0.143 0.0085
vn 1 0 0
v -0.145 0.1295 0.0085
vn 1 0 0
v -0.145 0.1295 -0.0085
vn 1 0 0
v 0.0276578197479248 0.148 0.10322038269043
vn -2.50883615089537E-16 0 1
v -0.0276578197479248 0.148 0.10322038269043
vn -2.50883615089537E-16 0 1
v -0.0276578197479248 0.132 0.10322038269043
vn -2.50883615089537E-16 0 1
v 0.0276578197479248 0.132 0.10322038269043
vn -2.50883615089537E-16 0 1
v -0.0288595504760742 0.267845458984375 0.111804176330566
vn -0.913545429706573 0.406736642122269 8.15642567973546E-17
v -0.0351972198486328 0.253610824584961 0.0982129974365234
vn -0.913545429706573 0.406736642122269 8.15642567973546E-17
v -0.0351972198486328 0.253610824584961 0.137
vn -0.913545429706573 0.406736642122269 8.15642567973546E-17
v -0.073 0.252 -0.0482487373352051
vn 0 1 0
v -0.0837487411499023 0.252 -0.0375
vn 0 1 0
v -0.073 0.252 -0.0375
vn 0 1 0
v -0.066 0.252 -0.0552487373352051
vn 0 -1 0
v -0.073 0.252 -0.0482487373352051
vn 0 -1 0
v -0.073 0.252 -0.112751258850098
vn 0 -1 0
v -0.066 0.252 -0.105751258850098
vn 0 -1 0
v -0.141251266479492 0.252 -0.0305
vn 0 -1 0
v -0.148251266479492 0.252 -0.0375
vn 0 -1 0
v -0.0837487411499023 0.252 -0.0375
vn 0 -1 0
v -0.0907487411499023 0.252 -0.0305
vn 0 -1 0
v 0.0858243560791016 0.440155456542969 0.093
vn 0 0 -1
v 0.035753776550293 0.412969360351563 0.093
vn 0 0 -1
v -0.0241296138763428 0.278469055175781 0.093
vn 0 0 -1
v -0.0475965881347656 0.30193603515625 0.093
vn 0 0 -1
v -0.0475965881347656 0.391485382080078 0.093
vn 0 0 -1
v 0.045288387298584 0.524138916015625 0.093
vn 0 0 -1
v 0.0686738204956055 0.556326171875 0.093
vn 0 0 -1
v 0.0977853775024414 0.577476989746094 0.093
vn 0 0 -1
v 0.132008071899414 0.588596618652344 0.093
vn 0 0 -1
v 0.167991928100586 0.588596618652344 0.093
vn 0 0 -1
v 0.202214614868164 0.577476989746094 0.093
vn 0 0 -1
v 0.231326171875 0.556326171875 0.093
vn 0 0 -1
v 0.252476959228516 0.527214599609375 0.093
vn 0 0 -1
v 0.263596588134766 0.492991943359375 0.093
vn 0 0 -1
v 0.263596588134766 0.457008056640625 0.093
vn 0 0 -1
v 0.252476959228516 0.422785369873047 0.093
vn 0 0 -1
v 0.231326171875 0.393673828125 0.093
vn 0 0 -1
v 0.199138885498047 0.370288391113281 0.093
vn 0 0 -1
v 0.189356018066406 0.397166625976562 0.093
vn 0 0 -1
v 0.223 0.455439697265625 0.093
vn 0 0 -1
v 0.223 0.494560302734375 0.093
vn 0 0 -1
v 0.203439712524414 0.528439697265625 0.093
vn 0 0 -1
v 0.169560287475586 0.548 0.093
vn 0 0 -1
v 0.130439712524414 0.548 0.093
vn 0 0 -1
v 0.0965602874755859 0.528439697265625 0.093
vn 0 0 -1
v 0.077 0.494560302734375 0.093
vn 0 0 -1
v 0.077 0.455439697265625 0.093
vn 0 0 -1
v -0.073 0.399495056152344 0.137
vn -0.866025388240814 0 -0.5
v -0.0475965881347656 0.391485382080078 0.093
vn -0.866025388240814 0 -0.5
v -0.0475965881347656 0.30193603515625 0.093
vn -0.866025388240814 0 -0.5
v -0.073 0.291413604736328 0.137
vn -0.866025388240814 0 -0.5
v 0.035753776550293 0.412969360351563 0.093
vn -0.477158755064011 0.878817141056061 -2.12925438288724E-17
v 0.0858243560791016 0.440155456542969 0.093
vn -0.477158755064011 0.878817141056061 -2.12925438288724E-17
v 0.0858243560791016 0.440155456542969 0.0685
vn -0.477158755064011 0.878817141056061 -2.12925438288724E-17
v 0.035753776550293 0.412969360351563 0.0685
vn -0.477158755064011 0.878817141056061 -2.12925438288724E-17
v 0.223 0.494560302734375 0.093
vn 1 -7.09487819751766E-16 -1.3197374182219E-16
v 0.223 0.455439697265625 0.093
vn 1 -7.09487819751766E-16 -1.3197374182219E-16
v 0.223 0.455439697265625 0.0685
vn 1 -7.09487819751766E-16 -1.3197374182219E-16
v 0.223 0.494560302734375 0.0685
vn 1 -7.09487819751766E-16 -1.3197374182219E-16
v 0.169560287475586 0.548 0.093
vn 0.5 0.866025388240814 -1.49025322378696E-16
v 0.203439712524414 0.528439697265625 0.093
vn 0.5 0.866025388240814 -1.49025322378696E-16
v 0.203439712524414 0.528439697265625 0.0685
vn 0.5 0.866025388240814 -1.49025322378696E-16
v 0.169560287475586 0.548 0.0685
vn 0.5 0.866025388240814 -1.49025322378696E-16
v 0.189356018066406 0.397166625976562 0.093
vn 0.939692616462708 0.342020153999329 -1.56809197821939E-16
v 0.199138885498047 0.370288391113281 0.093
vn 0.939692616462708 0.342020153999329 -1.56809197821939E-16
v 0.199138885498047 0.370288391113281 0.0685
vn 0.939692616462708 0.342020153999329 -1.56809197821939E-16
v 0.189356018066406 0.397166625976562 0.0685
vn 0.939692616462708 0.342020153999329 -1.56809197821939E-16
v 0.199138885498047 0.370288391113281 0.093
vn 0.93733811378479 -0.348421007394791 -9.02958363771215E-17
v 0.188159576416016 0.340751342773437 0.124
vn 0.93733811378479 -0.348421007394791 -9.02958363771215E-17
v 0.139 0.2085 0.124
vn 0.93733811378479 -0.348421007394791 -9.02958363771215E-17
v 0.139 0.2085 0.0685
vn 0.93733811378479 -0.348421007394791 -9.02958363771215E-17
v 0.199138885498047 0.370288391113281 0.0685
vn 0.93733811378479 -0.348421007394791 -9.02958363771215E-17
v 0.0965602874755859 0.528439697265625 0.093
vn -0.5 0.866025388240814 -1.7051573939062E-17
v 0.130439712524414 0.548 0.093
vn -0.5 0.866025388240814 -1.7051573939062E-17
v 0.130439712524414 0.548 0.0685
vn -0.5 0.866025388240814 -1.7051573939062E-17
v 0.0965602874755859 0.528439697265625 0.0685
vn -0.5 0.866025388240814 -1.7051573939062E-17
v 0.077 0.455439697265625 0.093
vn -1 0 1.3197374182219E-16
v 0.077 0.494560302734375 0.093
vn -1 0 1.3197374182219E-16
v 0.077 0.494560302734375 0.0685
vn -1 0 1.3197374182219E-16
v 0.077 0.455439697265625 0.0685
vn -1 0 1.3197374182219E-16
v 0.223 0.455439697265625 0.093
vn 0.866025388240814 -0.5 -6.63503473071404E-17
v 0.189356018066406 0.397166625976562 0.093
vn 0.866025388240814 -0.5 -6.63503473071404E-17
v 0.189356018066406 0.397166625976562 0.0685
vn 0.866025388240814 -0.5 -6.63503473071404E-17
v 0.223 0.455439697265625 0.0685
vn 0.866025388240814 -0.5 -6.63503473071404E-17
v 0.203439712524414 0.528439697265625 0.093
vn 0.866025388240814 0.5 -1.62234880600466E-16
v 0.223 0.494560302734375 0.093
vn 0.866025388240814 0.5 -1.62234880600466E-16
v 0.223 0.494560302734375 0.0685
vn 0.866025388240814 0.5 -1.62234880600466E-16
v 0.203439712524414 0.528439697265625 0.0685
vn 0.866025388240814 0.5 -1.62234880600466E-16
v 0.130439712524414 0.548 0.093
vn 0 1 -9.58845399107706E-17
v 0.169560287475586 0.548 0.093
vn 0 1 -9.58845399107706E-17
v 0.169560287475586 0.548 0.0685
vn 0 1 -9.58845399107706E-17
v 0.130439712524414 0.548 0.0685
vn 0 1 -9.58845399107706E-17
v 0.077 0.494560302734375 0.093
vn -0.866025388240814 0.5 6.63503473071404E-17
v 0.0965602874755859 0.528439697265625 0.093
vn -0.866025388240814 0.5 6.63503473071404E-17
v 0.0965602874755859 0.528439697265625 0.0685
vn -0.866025388240814 0.5 6.63503473071404E-17
v 0.077 0.494560302734375 0.0685
vn -0.866025388240814 0.5 6.63503473071404E-17
v 0.0858243560791016 0.440155456542969 0.093
vn -0.866025388240814 -0.5 1.62234880600466E-16
v 0.077 0.455439697265625 0.093
vn -0.866025388240814 -0.5 1.62234880600466E-16
v 0.077 0.455439697265625 0.0685
vn -0.866025388240814 -0.5 1.62234880600466E-16
v 0.0858243560791016 0.440155456542969 0.0685
vn -0.866025388240814 -0.5 1.62234880600466E-16
v -0.10322038269043 0.132 0.0276578197479248
vn -1 0 -1.00353446035815E-15
v -0.10322038269043 0.143 0.0276578197479248
vn -1 0 -1.00353446035815E-15
v -0.10322038269043 0.143 -0.0276578197479248
vn -1 0 -1.00353446035815E-15
v -0.10322038269043 0.132 -0.0276578197479248
vn -1 0 -1.00353446035815E-15
v -0.0276578197479248 0.132 -0.10322038269043
vn 0 -1 0
v 0.0276578197479248 0.132 -0.10322038269043
vn 0 -1 0
v 0.0755625686645508 0.132 -0.0755625686645508
vn 0 -1 0
v 0.10322038269043 0.132 -0.0276578197479248
vn 0 -1 0
v 0.10322038269043 0.132 0.0276578197479248
vn 0 -1 0
v 0.0755625686645508 0.132 0.0755625686645508
vn 0 -1 0
v 0.0276578197479248 0.132 0.10322038269043
vn 0 -1 0
v -0.0276578197479248 0.132 0.10322038269043
vn 0 -1 0
v -0.0755625686645508 0.132 0.0755625686645508
vn 0 -1 0
v -0.10322038269043 0.132 0.0276578197479248
vn 0 -1 0
v -0.10322038269043 0.132 -0.0276578197479248
vn 0 -1 0
v -0.0755625686645508 0.132 -0.0755625686645508
vn 0 -1 0
v 0.0187564430236816 0.132 -0.07
vn 0 -1 0
v -0.0187564430236816 0.132 -0.07
vn 0 -1 0
v -0.0512435569763184 0.132 -0.0512435569763184
vn 0 -1 0
v -0.07 0.132 -0.0187564430236816
vn 0 -1 0
v -0.07 0.132 0.0187564430236816
vn 0 -1 0
v -0.0512435569763184 0.132 0.0512435569763184
vn 0 -1 0
v -0.0187564430236816 0.132 0.07
vn 0 -1 0
v 0.0187564430236816 0.132 0.07
vn 0 -1 0
v 0.0512435569763184 0.132 0.0512435569763184
vn 0 -1 0
v 0.07 0.132 0.0187564430236816
vn 0 -1 0
v 0.07 0.132 -0.0187564430236816
vn 0 -1 0
v 0.0512435569763184 0.132 -0.0512435569763184
vn 0 -1 0
v 0.21389128112793 0.349606292724609 0.137
vn 0.496731758117676 -0.709406495094299 -0.5
v 0.164806365966797 0.315236663818359 0.137
vn 0.496731758117676 -0.709406495094299 -0.5
v 0.188159576416016 0.340751342773437 0.124
vn 0.496731758117676 -0.709406495094299 -0.5
v 0.199138885498047 0.370288391113281 0.093
vn 0.496731758117676 -0.709406495094299 -0.5
v 0.0309756126403809 0.387115386962891 0.164
vn 0 0 1
v 0.0309756126403809 0.398835845947266 0.164
vn 0 0 1
v 0.0317628154754639 0.401258605957031 0.164
vn 0 0 1
v 0.0246062889099121 0.411108703613281 0.164
vn 0 0 1
v 0.011 0.452984558105469 0.164
vn 0 0 1
v 0.011 0.497015441894531 0.164
vn 0 0 1
v 0.0246062889099121 0.538891296386719 0.164
vn 0 0 1
v -0.073 0.399495056152344 0.164
vn 0 0 1
v -0.073 0.291413604736328 0.164
vn 0 0 1
v -0.0335863990783691 0.252 0.164
vn 0 0 1
v 0.0744950637817383 0.252 0.164
vn 0 0 1
v 0.21389128112793 0.349606292724609 0.164
vn 0 0 1
v 0.172015441894531 0.336 0.164
vn 0 0 1
v 0.127984565734863 0.336 0.164
vn 0 0 1
v 0.0861087112426758 0.349606292724609 0.164
vn 0 0 1
v 0.0762585983276367 0.356762817382813 0.164
vn 0 0 1
v 0.0738358383178711 0.355975616455078 0.164
vn 0 0 1
v 0.0621153907775879 0.355975616455078 0.164
vn 0 0 1
v -0.0421571617126465 0.353553527832031 0.164
vn 0 0 1
v -0.00644648265838623 0.389264190673828 0.164
vn 0 0 1
v 0.0285535182952881 0.389264190673828 0.164
vn 0 0 1
v 0.0642641983032227 0.353553527832031 0.164
vn 0 0 1
v 0.0642641983032227 0.318553527832031 0.164
vn 0 0 1
v 0.0285535182952881 0.282842834472656 0.164
vn 0 0 1
v -0.00644648265838623 0.282842834472656 0.164
vn 0 0 1
v -0.0421571617126465 0.318553527832031 0.164
vn 0 0 1
v 0.21389128112793 0.349606292724609 0.137
vn 0.587785243988037 -0.80901700258255 0
v 0.24951301574707 0.375486999511719 0.137
vn 0.587785243988037 -0.80901700258255 0
v 0.24951301574707 0.375486999511719 0.164
vn 0.587785243988037 -0.80901700258255 0
v 0.21389128112793 0.349606292724609 0.164
vn 0.587785243988037 -0.80901700258255 0
v -0.073 0.399495056152344 0.137
vn -1 0 0
v -0.073 0.291413604736328 0.137
vn -1 0 0
v -0.073 0.291413604736328 0.164
vn -1 0 0
v -0.073 0.399495056152344 0.164
vn -1 0 0
v -0.166 0.252 -0.0552487373352051
vn -0.70710676908493 0 0.70710676908493
v -0.148251266479492 0.252 -0.0375
vn -0.70710676908493 0 0.70710676908493
v -0.141251266479492 0.252 -0.0305
vn -0.70710676908493 0 0.70710676908493
v -0.141251266479492 0.399 -0.0305
vn -0.70710676908493 0 0.70710676908493
v -0.166 0.399 -0.0552487373352051
vn -0.70710676908493 0 0.70710676908493
v -0.141251266479492 0.252 -0.1305
vn -0.70710676908493 0 -0.70710676908493
v -0.166 0.252 -0.105751258850098
vn -0.70710676908493 0 -0.70710676908493
v -0.166 0.399 -0.105751258850098
vn -0.70710676908493 0 -0.70710676908493
v -0.141251266479492 0.399 -0.1305
vn -0.70710676908493 0 -0.70710676908493
v -0.166 0.252 -0.105751258850098
vn -1 0 0
v -0.166 0.252 -0.0552487373352051
vn -1 0 0
v -0.166 0.399 -0.0552487373352051
vn -1 0 0
v -0.166 0.399 -0.105751258850098
vn -1 0 0
v -0.0907487411499023 0.252 -0.1305
vn 0 0 -1
v -0.141251266479492 0.252 -0.1305
vn 0 0 -1
v -0.141251266479492 0.399 -0.1305
vn 0 0 -1
v -0.0907487411499023 0.399 -0.1305
vn 0 0 -1
v -0.066 0.252 -0.105751258850098
vn 0.70710676908493 0 -0.70710676908493
v -0.073 0.252 -0.112751258850098
vn 0.70710676908493 0 -0.70710676908493
v -0.0907487411499023 0.252 -0.1305
vn 0.70710676908493 0 -0.70710676908493
v -0.0907487411499023 0.399 -0.1305
vn 0.70710676908493 0 -0.70710676908493
v -0.066 0.399 -0.105751258850098
vn 0.70710676908493 0 -0.70710676908493
v -0.0907487411499023 0.252 -0.0305
vn 0.70710676908493 0 0.70710676908493
v -0.0837487411499023 0.252 -0.0375
vn 0.70710676908493 0 0.70710676908493
v -0.073 0.252 -0.0482487373352051
vn 0.70710676908493 0 0.70710676908493
v -0.066 0.252 -0.0552487373352051
vn 0.70710676908493 0 0.70710676908493
v -0.066 0.399 -0.0552487373352051
vn 0.70710676908493 0 0.70710676908493
v -0.0907487411499023 0.399 -0.0305
vn 0.70710676908493 0 0.70710676908493
v -0.066 0.252 -0.0552487373352051
vn 1 0 -2.74793925822428E-16
v -0.066 0.252 -0.105751258850098
vn 1 0 -2.74793925822428E-16
v -0.066 0.399 -0.105751258850098
vn 1 0 -2.74793925822428E-16
v -0.066 0.399 -0.0552487373352051
vn 1 0 -2.74793925822428E-16
v -0.141251266479492 0.252 -0.0305
vn 0 0 1
v -0.0907487411499023 0.252 -0.0305
vn 0 0 1
v -0.0907487411499023 0.399 -0.0305
vn 0 0 1
v -0.141251266479492 0.399 -0.0305
vn 0 0 1
v 0.24951301574707 0.375486999511719 0.137
vn 0.70062929391861 -0.509036958217621 -0.5
v 0.231326171875 0.393673828125 0.093
vn 0.70062929391861 -0.509036958217621 -0.5
v 0.252476959228516 0.422785369873047 0.093
vn 0.70062929391861 -0.509036958217621 -0.5
v 0.275393707275391 0.411108703613281 0.137
vn 0.70062929391861 -0.509036958217621 -0.5
v 0.050486988067627 0.574513000488281 0.137
vn -0.70062929391861 0.509036958217621 -0.5
v 0.0686738204956055 0.556326171875 0.093
vn -0.70062929391861 0.509036958217621 -0.5
v 0.045288387298584 0.524138916015625 0.093
vn -0.70062929391861 0.509036958217621 -0.5
v 0.0246062889099121 0.538891296386719 0.137
vn -0.70062929391861 0.509036958217621 -0.5
v 0.0861087112426758 0.600393737792969 0.137
vn -0.509036958217621 0.70062929391861 -0.5
v 0.0977853775024414 0.577476989746094 0.093
vn -0.509036958217621 0.70062929391861 -0.5
v 0.0686738204956055 0.556326171875 0.093
vn -0.509036958217621 0.70062929391861 -0.5
v 0.050486988067627 0.574513000488281 0.137
vn -0.509036958217621 0.70062929391861 -0.5
v 0.127984565734863 0.614 0.137
vn -0.26761656999588 0.823639094829559 -0.5
v 0.132008071899414 0.588596618652344 0.093
vn -0.26761656999588 0.823639094829559 -0.5
v 0.0977853775024414 0.577476989746094 0.093
vn -0.26761656999588 0.823639094829559 -0.5
v 0.0861087112426758 0.600393737792969 0.137
vn -0.26761656999588 0.823639094829559 -0.5
v 0.127984565734863 0.614 0.137
vn 0 0.866025388240814 -0.5
v 0.139 0.614 0.137
vn 0 0.866025388240814 -0.5
v 0.139 0.605917114257812 0.123
vn 0 0.866025388240814 -0.5
v 0.161 0.605917114257812 0.123
vn 0 0.866025388240814 -0.5
v 0.161 0.614 0.137
vn 0 0.866025388240814 -0.5
v 0.172015441894531 0.614 0.137
vn 0 0.866025388240814 -0.5
v 0.167991928100586 0.588596618652344 0.093
vn 0 0.866025388240814 -0.5
v 0.132008071899414 0.588596618652344 0.093
vn 0 0.866025388240814 -0.5
v 0.275393707275391 0.538891296386719 0.137
vn 0.70062929391861 0.509036958217621 -0.5
v 0.252476959228516 0.527214599609375 0.093
vn 0.70062929391861 0.509036958217621 -0.5
v 0.231326171875 0.556326171875 0.093
vn 0.70062929391861 0.509036958217621 -0.5
v 0.24951301574707 0.574513000488281 0.137
vn 0.70062929391861 0.509036958217621 -0.5
v 0.289 0.497015441894531 0.137
vn 0.823639094829559 0.26761656999588 -0.5
v 0.263596588134766 0.492991943359375 0.093
vn 0.823639094829559 0.26761656999588 -0.5
v 0.252476959228516 0.527214599609375 0.093
vn 0.823639094829559 0.26761656999588 -0.5
v 0.275393707275391 0.538891296386719 0.137
vn 0.823639094829559 0.26761656999588 -0.5
v 0.289 0.452984558105469 0.137
vn 0.866025388240814 0 -0.5
v 0.263596588134766 0.457008056640625 0.093
vn 0.866025388240814 0 -0.5
v 0.263596588134766 0.492991943359375 0.093
vn 0.866025388240814 0 -0.5
v 0.289 0.497015441894531 0.137
vn 0.866025388240814 0 -0.5
v 0.0246062889099121 0.538891296386719 0.137
vn -0.709406495094299 0.496731758117676 -0.5
v 0.045288387298584 0.524138916015625 0.093
vn -0.709406495094299 0.496731758117676 -0.5
v -0.0475965881347656 0.391485382080078 0.093
vn -0.709406495094299 0.496731758117676 -0.5
v -0.073 0.399495056152344 0.137
vn -0.709406495094299 0.496731758117676 -0.5
v 0.21389128112793 0.349606292724609 0.137
vn 0.509036958217621 -0.70062929391861 -0.5
v 0.199138885498047 0.370288391113281 0.093
vn 0.509036958217621 -0.70062929391861 -0.5
v 0.231326171875 0.393673828125 0.093
vn 0.509036958217621 -0.70062929391861 -0.5
v 0.24951301574707 0.375486999511719 0.137
vn 0.509036958217621 -0.70062929391861 -0.5
v 0.21389128112793 0.600393737792969 0.137
vn 0.26761656999588 0.823639094829559 -0.5
v 0.202214614868164 0.577476989746094 0.093
vn 0.26761656999588 0.823639094829559 -0.5
v 0.167991928100586 0.588596618652344 0.093
vn 0.26761656999588 0.823639094829559 -0.5
v 0.172015441894531 0.614 0.137
vn 0.26761656999588 0.823639094829559 -0.5
v 0.24951301574707 0.574513000488281 0.137
vn 0.509036958217621 0.70062929391861 -0.5
v 0.231326171875 0.556326171875 0.093
vn 0.509036958217621 0.70062929391861 -0.5
v 0.202214614868164 0.577476989746094 0.093
vn 0.509036958217621 0.70062929391861 -0.5
v 0.21389128112793 0.600393737792969 0.137
vn 0.509036958217621 0.70062929391861 -0.5
v 0.275393707275391 0.411108703613281 0.137
vn 0.823639094829559 -0.26761656999588 -0.5
v 0.252476959228516 0.422785369873047 0.093
vn 0.823639094829559 -0.26761656999588 -0.5
v 0.263596588134766 0.457008056640625 0.093
vn 0.823639094829559 -0.26761656999588 -0.5
v 0.289 0.452984558105469 0.137
vn 0.823639094829559 -0.26761656999588 -0.5
v -0.07 0.132 -0.0187564430236816
vn -0.866025388240814 0 -0.5
v -0.0512435569763184 0.132 -0.0512435569763184
vn -0.866025388240814 0 -0.5
v -0.0512435569763184 0.13 -0.0512435569763184
vn -0.866025388240814 0 -0.5
v -0.07 0.13 -0.0187564430236816
vn -0.866025388240814 0 -0.5
v 0.0512435569763184 0.132 0.0512435569763184
vn 0.5 0 0.866025388240814
v 0.0187564430236816 0.132 0.07
vn 0.5 0 0.866025388240814
v 0.0187564430236816 0.13 0.07
vn 0.5 0 0.866025388240814
v 0.0512435569763184 0.13 0.0512435569763184
vn 0.5 0 0.866025388240814
v -0.0187564430236816 0.132 0.07
vn -0.5 0 0.866025388240814
v -0.0512435569763184 0.132 0.0512435569763184
vn -0.5 0 0.866025388240814
v -0.0512435569763184 0.13 0.0512435569763184
vn -0.5 0 0.866025388240814
v -0.0187564430236816 0.13 0.07
vn -0.5 0 0.866025388240814
v -0.07 0.132 0.0187564430236816
vn -1 0 0
v -0.07 0.132 -0.0187564430236816
vn -1 0 0
v -0.07 0.13 -0.0187564430236816
vn -1 0 0
v -0.07 0.13 0.0187564430236816
vn -1 0 0
v -0.0512435569763184 0.132 -0.0512435569763184
vn -0.5 0 -0.866025388240814
v -0.0187564430236816 0.132 -0.07
vn -0.5 0 -0.866025388240814
v -0.0187564430236816 0.13 -0.07
vn -0.5 0 -0.866025388240814
v -0.0512435569763184 0.13 -0.0512435569763184
vn -0.5 0 -0.866025388240814
v 0.0512435569763184 0.132 -0.0512435569763184
vn 0.866025388240814 0 -0.5
v 0.07 0.132 -0.0187564430236816
vn 0.866025388240814 0 -0.5
v 0.07 0.13 -0.0187564430236816
vn 0.866025388240814 0 -0.5
v 0.0512435569763184 0.13 -0.0512435569763184
vn 0.866025388240814 0 -0.5
v 0.07 0.132 0.0187564430236816
vn 0.866025388240814 0 0.5
v 0.0512435569763184 0.132 0.0512435569763184
vn 0.866025388240814 0 0.5
v 0.0512435569763184 0.13 0.0512435569763184
vn 0.866025388240814 0 0.5
v 0.07 0.13 0.0187564430236816
vn 0.866025388240814 0 0.5
v 0.0187564430236816 0.132 0.07
vn -3.69947198367032E-16 0 1
v -0.0187564430236816 0.132 0.07
vn -3.69947198367032E-16 0 1
v -0.0187564430236816 0.13 0.07
vn -3.69947198367032E-16 0 1
v 0.0187564430236816 0.13 0.07
vn -3.69947198367032E-16 0 1
v -0.0512435569763184 0.132 0.0512435569763184
vn -0.866025388240814 0 0.5
v -0.07 0.132 0.0187564430236816
vn -0.866025388240814 0 0.5
v -0.07 0.13 0.0187564430236816
vn -0.866025388240814 0 0.5
v -0.0512435569763184 0.13 0.0512435569763184
vn -0.866025388240814 0 0.5
v 0.0187564430236816 0.132 -0.07
vn 0.5 0 -0.866025388240814
v 0.0512435569763184 0.132 -0.0512435569763184
vn 0.5 0 -0.866025388240814
v 0.0512435569763184 0.13 -0.0512435569763184
vn 0.5 0 -0.866025388240814
v 0.0187564430236816 0.13 -0.07
vn 0.5 0 -0.866025388240814
v 0.07 0.132 -0.0187564430236816
vn 1 0 3.69947198367032E-16
v 0.07 0.132 0.0187564430236816
vn 1 0 3.69947198367032E-16
v 0.07 0.13 0.0187564430236816
vn 1 0 3.69947198367032E-16
v 0.07 0.13 -0.0187564430236816
vn 1 0 3.69947198367032E-16
v -0.0187564430236816 0.132 -0.07
vn 0 0 -1
v 0.0187564430236816 0.132 -0.07
vn 0 0 -1
v 0.0187564430236816 0.13 -0.07
vn 0 0 -1
v -0.0187564430236816 0.13 -0.07
vn 0 0 -1
v 0.0246062889099121 0.538891296386719 0.137
vn -0.819152057170868 0.5735764503479 0
v -0.073 0.399495056152344 0.137
vn -0.819152057170868 0.5735764503479 0
v -0.073 0.399495056152344 0.164
vn -0.819152057170868 0.5735764503479 0
v 0.0246062889099121 0.538891296386719 0.164
vn -0.819152057170868 0.5735764503479 0
v 0.0734375 0.485162109375 0.181315444946289
vn -0.26723837852478 -5.26431373765242E-17 0.963630437850952
v 0.0707808456420898 0.486887359619141 0.180578689575195
vn -0.26723837852478 -5.26431373765242E-17 0.963630437850952
v 0.0701680068969727 0.487644134521484 0.180408737182617
vn -0.26723837852478 -5.26431373765242E-17 0.963630437850952
v 0.011 0.497015441894531 0.164
vn -0.26723837852478 -5.26431373765242E-17 0.963630437850952
v 0.011 0.452984558105469 0.164
vn -0.26723837852478 -5.26431373765242E-17 0.963630437850952
v 0.0759059066772461 0.4632646484375 0.182
vn -0.26723837852478 -5.26431373765242E-17 0.963630437850952
v 0.0759059066772461 0.484500701904297 0.182
vn -0.26723837852478 -5.26431373765242E-17 0.963630437850952
v 0.0754505310058594 0.504314819335937 0.18037336730957
vn -0.254158794879913 0.0825811997056007 0.963630437850952
v 0.0786138763427734 0.504480621337891 0.181193496704102
vn -0.254158794879913 0.0825811997056007 0.963630437850952
v 0.0814267883300781 0.503726898193359 0.182
vn -0.254158794879913 0.0825811997056007 0.963630437850952
v 0.0831587524414062 0.509057312011719 0.182
vn -0.254158794879913 0.0825811997056007 0.963630437850952
v 0.0246062889099121 0.538891296386719 0.164
vn -0.254158794879913 0.0825811997056007 0.963630437850952
v 0.011 0.497015441894531 0.164
vn -0.254158794879913 0.0825811997056007 0.963630437850952
v 0.0701680068969727 0.487644134521484 0.180408737182617
vn -0.254158794879913 0.0825811997056007 0.963630437850952
v 0.0687873611450195 0.489349090576172 0.179898483276367
vn -0.254158794879913 0.0825811997056007 0.963630437850952
v 0.0676521606445313 0.492306396484375 0.179345642089844
vn -0.254158794879913 0.0825811997056007 0.963630437850952
v 0.0674863739013672 0.495469757080078 0.179030822753906
vn -0.254158794879913 0.0825811997056007 0.963630437850952
v 0.0683062362670898 0.498529479980469 0.178984848022461
vn -0.254158794879913 0.0825811997056007 0.963630437850952
v 0.0700314788818359 0.501186157226562 0.179212203979492
vn -0.254158794879913 0.0825811997056007 0.963630437850952
v 0.0724932403564453 0.503179626464844 0.179690658569336
vn -0.254158794879913 0.0825811997056007 0.963630437850952
v 0.0309756126403809 0.398835845947266 0.164
vn -1 -3.55219889452681E-15 0
v 0.0309756126403809 0.387115386962891 0.164
vn -1 -3.55219889452681E-15 0
v 0.0309756126403809 0.387115386962891 0.197
vn -1 -3.55219889452681E-15 0
v 0.0309756126403809 0.398835845947266 0.197
vn -1 -3.55219889452681E-15 0
v 0.0309756126403809 0.387115386962891 0.164
vn -0.70710676908493 -0.70710676908493 0
v 0.0621153907775879 0.355975616455078 0.164
vn -0.70710676908493 -0.70710676908493 0
v 0.0621153907775879 0.355975616455078 0.197
vn -0.70710676908493 -0.70710676908493 0
v 0.0309756126403809 0.387115386962891 0.197
vn -0.70710676908493 -0.70710676908493 0
v 0.050968578338623 0.426353790283203 0.172259567260742
vn -0.254158794879913 -0.0825811997056007 0.963630437850952
v 0.0607885589599609 0.429544494628906 0.175123031616211
vn -0.254158794879913 -0.0825811997056007 0.963630437850952
v 0.0831587524414062 0.440942687988281 0.182
vn -0.254158794879913 -0.0825811997056007 0.963630437850952
v 0.0759059066772461 0.4632646484375 0.182
vn -0.254158794879913 -0.0825811997056007 0.963630437850952
v 0.011 0.452984558105469 0.164
vn -0.254158794879913 -0.0825811997056007 0.963630437850952
v 0.0246062889099121 0.411108703613281 0.164
vn -0.254158794879913 -0.0825811997056007 0.963630437850952
v 0.0426152076721191 0.420284729003906 0.169536239624023
vn -0.254158794879913 -0.0825811997056007 0.963630437850952
v -0.0421571617126465 0.318553527832031 0.164
vn -0.70710676908493 -0.70710676908493 0
v -0.00644648265838623 0.282842834472656 0.164
vn -0.70710676908493 -0.70710676908493 0
v -0.00644648265838623 0.282842834472656 0.311
vn -0.70710676908493 -0.70710676908493 0
v -0.0421571617126465 0.318553527832031 0.311
vn -0.70710676908493 -0.70710676908493 0
v 0.0285535182952881 0.282842834472656 0.164
vn 0.70710676908493 -0.70710676908493 0
v 0.0642641983032227 0.318553527832031 0.164
vn 0.70710676908493 -0.70710676908493 0
v 0.0642641983032227 0.318553527832031 0.311
vn 0.70710676908493 -0.70710676908493 0
v 0.0285535182952881 0.282842834472656 0.311
vn 0.70710676908493 -0.70710676908493 0
v 0.0642641983032227 0.353553527832031 0.164
vn 0.70710676908493 0.70710676908493 0
v 0.0285535182952881 0.389264190673828 0.164
vn 0.70710676908493 0.70710676908493 0
v 0.0285535182952881 0.389264190673828 0.311
vn 0.70710676908493 0.70710676908493 0
v 0.0642641983032227 0.353553527832031 0.311
vn 0.70710676908493 0.70710676908493 0
v 0.0345974311828613 0.409982635498047 0.197
vn -0.95105654001236 0.30901700258255 0
v 0.0345974311828613 0.409982635498047 0.166058059692383
vn -0.95105654001236 0.30901700258255 0
v 0.0317628154754639 0.401258605957031 0.164
vn -0.95105654001236 0.30901700258255 0
v 0.0309756126403809 0.398835845947266 0.164
vn -0.95105654001236 0.30901700258255 0
v 0.0309756126403809 0.398835845947266 0.197
vn -0.95105654001236 0.30901700258255 0
v 0.0738358383178711 0.355975616455078 0.164
vn 0.30901700258255 -0.95105654001236 0
v 0.0762585983276367 0.356762817382813 0.164
vn 0.30901700258255 -0.95105654001236 0
v 0.0849826431274414 0.359597442626953 0.166058059692383
vn 0.30901700258255 -0.95105654001236 0
v 0.0849826431274414 0.359597442626953 0.197
vn 0.30901700258255 -0.95105654001236 0
v 0.0738358383178711 0.355975616455078 0.197
vn 0.30901700258255 -0.95105654001236 0
v -0.0421571617126465 0.353553527832031 0.164
vn -1 1.98254109649508E-16 0
v -0.0421571617126465 0.318553527832031 0.164
vn -1 1.98254109649508E-16 0
v -0.0421571617126465 0.318553527832031 0.311
vn -1 1.98254109649508E-16 0
v -0.0421571617126465 0.353553527832031 0.311
vn -1 1.98254109649508E-16 0
v -0.00644648265838623 0.282842834472656 0.164
vn 0 -1 0
v 0.0285535182952881 0.282842834472656 0.164
vn 0 -1 0
v 0.0285535182952881 0.282842834472656 0.311
vn 0 -1 0
v -0.00644648265838623 0.282842834472656 0.311
vn 0 -1 0
v 0.0642641983032227 0.318553527832031 0.164
vn 1 -1.58603287719606E-15 0
v 0.0642641983032227 0.353553527832031 0.164
vn 1 -1.58603287719606E-15 0
v 0.0642641983032227 0.353553527832031 0.311
vn 1 -1.58603287719606E-15 0
v 0.0642641983032227 0.318553527832031 0.311
vn 1 -1.58603287719606E-15 0
v 0.0952847137451172 0.367615203857422 0.169536239624023
vn -0.157078772783279 -0.21620038151741 0.963630437850952
v 0.0944646911621094 0.366486541748047 0.169149337768555
vn -0.157078772783279 -0.21620038151741 0.963630437850952
v 0.0849826431274414 0.359597442626953 0.166058059692383
vn -0.157078772783279 -0.21620038151741 0.963630437850952
v 0.0762585983276367 0.356762817382813 0.164
vn -0.157078772783279 -0.21620038151741 0.963630437850952
v 0.0861087112426758 0.349606292724609 0.164
vn -0.157078772783279 -0.21620038151741 0.963630437850952
v 0.167306396484375 0.392652160644531 0.179345642089844
vn 0.0825811997056007 -0.254158794879913 0.963630437850952
v 0.164349105834961 0.393787353515625 0.179898483276367
vn 0.0825811997056007 -0.254158794879913 0.963630437850952
v 0.162644149780273 0.395167999267578 0.180408737182617
vn 0.0825811997056007 -0.254158794879913 0.963630437850952
v 0.172015441894531 0.336 0.164
vn 0.0825811997056007 -0.254158794879913 0.963630437850952
v 0.21389128112793 0.349606292724609 0.164
vn 0.0825811997056007 -0.254158794879913 0.963630437850952
v 0.184057312011719 0.408158752441406 0.182
vn 0.0825811997056007 -0.254158794879913 0.963630437850952
v 0.178726898193359 0.406426788330078 0.182
vn 0.0825811997056007 -0.254158794879913 0.963630437850952
v 0.179480621337891 0.403613891601563 0.181193496704102
vn 0.0825811997056007 -0.254158794879913 0.963630437850952
v 0.179314834594727 0.400450531005859 0.18037336730957
vn 0.0825811997056007 -0.254158794879913 0.963630437850952
v 0.178179626464844 0.397493225097656 0.179690658569336
vn 0.0825811997056007 -0.254158794879913 0.963630437850952
v 0.176186141967773 0.395031494140625 0.179212203979492
vn 0.0825811997056007 -0.254158794879913 0.963630437850952
v 0.173529495239258 0.393306243896484 0.178984848022461
vn 0.0825811997056007 -0.254158794879913 0.963630437850952
v 0.170469741821289 0.392486389160156 0.179030822753906
vn 0.0825811997056007 -0.254158794879913 0.963630437850952
v 0.0285535182952881 0.389264190673828 0.164
vn -1.58603287719606E-15 1 0
v -0.00644648265838623 0.389264190673828 0.164
vn -1.58603287719606E-15 1 0
v -0.00644648265838623 0.389264190673828 0.311
vn -1.58603287719606E-15 1 0
v 0.0285535182952881 0.389264190673828 0.311
vn -1.58603287719606E-15 1 0
v -0.00644648265838623 0.389264190673828 0.164
vn -0.70710676908493 0.70710676908493 0
v -0.0421571617126465 0.353553527832031 0.164
vn -0.70710676908493 0.70710676908493 0
v -0.0421571617126465 0.353553527832031 0.311
vn -0.70710676908493 0.70710676908493 0
v -0.00644648265838623 0.389264190673828 0.311
vn -0.70710676908493 0.70710676908493 0
v 0.0621153907775879 0.355975616455078 0.164
vn -1.42087955781072E-14 -1 0
v 0.0738358383178711 0.355975616455078 0.164
vn -1.42087955781072E-14 -1 0
v 0.0738358383178711 0.355975616455078 0.197
vn -1.42087955781072E-14 -1 0
v 0.0621153907775879 0.355975616455078 0.197
vn -1.42087955781072E-14 -1 0
v 0.172015441894531 0.336 0.164
vn 0 -0.26723837852478 0.963630437850952
v 0.162644149780273 0.395167999267578 0.180408737182617
vn 0 -0.26723837852478 0.963630437850952
v 0.161887344360352 0.395780853271484 0.180578689575195
vn 0 -0.26723837852478 0.963630437850952
v 0.160162094116211 0.3984375 0.181315444946289
vn 0 -0.26723837852478 0.963630437850952
v 0.159500686645508 0.400905914306641 0.182
vn 0 -0.26723837852478 0.963630437850952
v 0.1382646484375 0.400905914306641 0.182
vn 0 -0.26723837852478 0.963630437850952
v 0.127984565734863 0.336 0.164
vn 0 -0.26723837852478 0.963630437850952
v 0.101353797912598 0.375968566894531 0.172259567260742
vn -0.0825811997056007 -0.254158794879913 0.963630437850952
v 0.0952847137451172 0.367615203857422 0.169536239624023
vn -0.0825811997056007 -0.254158794879913 0.963630437850952
v 0.0861087112426758 0.349606292724609 0.164
vn -0.0825811997056007 -0.254158794879913 0.963630437850952
v 0.127984565734863 0.336 0.164
vn -0.0825811997056007 -0.254158794879913 0.963630437850952
v 0.1382646484375 0.400905914306641 0.182
vn -0.0825811997056007 -0.254158794879913 0.963630437850952
v 0.115942680358887 0.408158752441406 0.182
vn -0.0825811997056007 -0.254158794879913 0.963630437850952
v 0.104544502258301 0.385788543701172 0.175123031616211
vn -0.0825811997056007 -0.254158794879913 0.963630437850952
v 0.0414865379333496 0.419464691162109 0.169149337768555
vn -0.21620038151741 -0.157078772783279 0.963630437850952
v 0.0426152076721191 0.420284729003906 0.169536239624023
vn -0.21620038151741 -0.157078772783279 0.963630437850952
v 0.0246062889099121 0.411108703613281 0.164
vn -0.21620038151741 -0.157078772783279 0.963630437850952
v 0.0317628154754639 0.401258605957031 0.164
vn -0.21620038151741 -0.157078772783279 0.963630437850952
v 0.0345974311828613 0.409982635498047 0.166058059692383
vn -0.21620038151741 -0.157078772783279 0.963630437850952
v 0.24951301574707 0.375486999511719 0.137
vn 0.80901700258255 -0.587785243988037 0
v 0.275393707275391 0.411108703613281 0.137
vn 0.80901700258255 -0.587785243988037 0
v 0.275393707275391 0.411108703613281 0.164
vn 0.80901700258255 -0.587785243988037 0
v 0.24951301574707 0.375486999511719 0.164
vn 0.80901700258255 -0.587785243988037 0
v 0.21389128112793 0.349606292724609 0.164
vn 0.157078772783279 -0.21620038151741 0.963630437850952
v 0.24951301574707 0.375486999511719 0.164
vn 0.157078772783279 -0.21620038151741 0.963630437850952
v 0.203045516967773 0.421954498291016 0.182
vn 0.157078772783279 -0.21620038151741 0.963630437850952
v 0.184057312011719 0.408158752441406 0.182
vn 0.157078772783279 -0.21620038151741 0.963630437850952
v -0.212294738769531 0.399 -0.111985992431641
vn 0 -1 0
v -0.199540588378906 0.399 -0.129540588378906
vn 0 -1 0
v -0.192714538574219 0.399 -0.1345
vn 0 -1 0
v -0.0872854614257813 0.399 -0.1345
vn 0 -1 0
v -0.0804594116210938 0.399 -0.129540588378906
vn 0 -1 0
v -0.0677052536010742 0.399 -0.111985992431641
vn 0 -1 0
v -0.061 0.399 -0.0913493347167969
vn 0 -1 0
v -0.061 0.399 -0.0696506652832031
vn 0 -1 0
v -0.0677052536010742 0.399 -0.0490140075683594
vn 0 -1 0
v -0.0804594116210938 0.399 -0.031459415435791
vn 0 -1 0
v -0.0872854614257813 0.399 -0.0265
vn 0 -1 0
v -0.192714538574219 0.399 -0.0265
vn 0 -1 0
v -0.199540588378906 0.399 -0.031459415435791
vn 0 -1 0
v -0.212294738769531 0.399 -0.0490140075683594
vn 0 -1 0
v -0.219 0.399 -0.0696506652832031
vn 0 -1 0
v -0.219 0.399 -0.0913493347167969
vn 0 -1 0
v -0.0907487411499023 0.399 -0.1305
vn 0 -1 0
v -0.141251266479492 0.399 -0.1305
vn 0 -1 0
v -0.166 0.399 -0.105751258850098
vn 0 -1 0
v -0.166 0.399 -0.0552487373352051
vn 0 -1 0
v -0.141251266479492 0.399 -0.0305
vn 0 -1 0
v -0.0907487411499023 0.399 -0.0305
vn 0 -1 0
v -0.066 0.399 -0.0552487373352051
vn 0 -1 0
v -0.066 0.399 -0.105751258850098
vn 0 -1 0
v 0.050486988067627 0.574513000488281 0.137
vn -0.80901700258255 0.587785243988037 0
v 0.0246062889099121 0.538891296386719 0.137
vn -0.80901700258255 0.587785243988037 0
v 0.0246062889099121 0.538891296386719 0.164
vn -0.80901700258255 0.587785243988037 0
v 0.050486988067627 0.574513000488281 0.164
vn -0.80901700258255 0.587785243988037 0
v 0.0861087112426758 0.600393737792969 0.137
vn -0.587785243988037 0.80901700258255 0
v 0.050486988067627 0.574513000488281 0.137
vn -0.587785243988037 0.80901700258255 0
v 0.050486988067627 0.574513000488281 0.164
vn -0.587785243988037 0.80901700258255 0
v 0.0861087112426758 0.600393737792969 0.164
vn -0.587785243988037 0.80901700258255 0
v 0.127984565734863 0.614 0.137
vn -0.30901700258255 0.95105654001236 0
v 0.0861087112426758 0.600393737792969 0.137
vn -0.30901700258255 0.95105654001236 0
v 0.0861087112426758 0.600393737792969 0.164
vn -0.30901700258255 0.95105654001236 0
v 0.127984565734863 0.614 0.164
vn -0.30901700258255 0.95105654001236 0
v 0.161 0.642 0.149
vn 1 0 0
v 0.161 0.614 0.149
vn 1 0 0
v 0.161 0.614 0.137
vn 1 0 0
v 0.161 0.605917114257812 0.123
vn 1 0 0
v 0.161 0.642 0.123
vn 1 0 0
v 0.139 0.605917114257812 0.123
vn -1 0 0
v 0.139 0.614 0.137
vn -1 0 0
v 0.139 0.614 0.149
vn -1 0 0
v 0.139 0.642 0.149
vn -1 0 0
v 0.139 0.642 0.123
vn -1 0 0
v 0.14859326171875 0.62475 0.123
vn 0 0 -1
v 0.15140673828125 0.62475 0.123
vn 0 0 -1
v 0.15384326171875 0.62615673828125 0.123
vn 0 0 -1
v 0.15525 0.62859326171875 0.123
vn 0 0 -1
v 0.15525 0.63140673828125 0.123
vn 0 0 -1
v 0.15384326171875 0.63384326171875 0.123
vn 0 0 -1
v 0.15140673828125 0.63525 0.123
vn 0 0 -1
v 0.14859326171875 0.63525 0.123
vn 0 0 -1
v 0.14615673828125 0.63384326171875 0.123
vn 0 0 -1
v 0.14475 0.63140673828125 0.123
vn 0 0 -1
v 0.14475 0.62859326171875 0.123
vn 0 0 -1
v 0.14615673828125 0.62615673828125 0.123
vn 0 0 -1
v 0.161 0.605917114257812 0.123
vn 0 0 -1
v 0.139 0.605917114257812 0.123
vn 0 0 -1
v 0.139 0.642 0.123
vn 0 0 -1
v 0.161 0.642 0.123
vn 0 0 -1
v 0.161 0.614 0.137
vn 0 1 0
v 0.161 0.614 0.149
vn 0 1 0
v 0.139 0.614 0.149
vn 0 1 0
v 0.139 0.614 0.137
vn 0 1 0
v 0.127984565734863 0.614 0.137
vn 0 1 0
v 0.127984565734863 0.614 0.164
vn 0 1 0
v 0.172015441894531 0.614 0.164
vn 0 1 0
v 0.172015441894531 0.614 0.137
vn 0 1 0
v 0.275393707275391 0.538891296386719 0.137
vn 0.80901700258255 0.587785243988037 0
v 0.24951301574707 0.574513000488281 0.137
vn 0.80901700258255 0.587785243988037 0
v 0.24951301574707 0.574513000488281 0.164
vn 0.80901700258255 0.587785243988037 0
v 0.275393707275391 0.538891296386719 0.164
vn 0.80901700258255 0.587785243988037 0
v 0.289 0.497015441894531 0.137
vn 0.95105654001236 0.30901700258255 0
v 0.275393707275391 0.538891296386719 0.137
vn 0.95105654001236 0.30901700258255 0
v 0.275393707275391 0.538891296386719 0.164
vn 0.95105654001236 0.30901700258255 0
v 0.289 0.497015441894531 0.164
vn 0.95105654001236 0.30901700258255 0
v 0.289 0.452984558105469 0.137
vn 1 0 0
v 0.289 0.497015441894531 0.137
vn 1 0 0
v 0.289 0.497015441894531 0.164
vn 1 0 0
v 0.289 0.452984558105469 0.164
vn 1 0 0
v 0.21389128112793 0.600393737792969 0.137
vn 0.30901700258255 0.95105654001236 0
v 0.172015441894531 0.614 0.137
vn 0.30901700258255 0.95105654001236 0
v 0.172015441894531 0.614 0.164
vn 0.30901700258255 0.95105654001236 0
v 0.21389128112793 0.600393737792969 0.164
vn 0.30901700258255 0.95105654001236 0
v 0.24951301574707 0.574513000488281 0.137
vn 0.587785243988037 0.80901700258255 0
v 0.21389128112793 0.600393737792969 0.137
vn 0.587785243988037 0.80901700258255 0
v 0.21389128112793 0.600393737792969 0.164
vn 0.587785243988037 0.80901700258255 0
v 0.24951301574707 0.574513000488281 0.164
vn 0.587785243988037 0.80901700258255 0
v 0.275393707275391 0.411108703613281 0.137
vn 0.95105654001236 -0.30901700258255 0
v 0.289 0.452984558105469 0.137
vn 0.95105654001236 -0.30901700258255 0
v 0.289 0.452984558105469 0.164
vn 0.95105654001236 -0.30901700258255 0
v 0.275393707275391 0.411108703613281 0.164
vn 0.95105654001236 -0.30901700258255 0
v -0.0187564430236816 0.13 -0.07
vn 0 -1 0
v 0.0187564430236816 0.13 -0.07
vn 0 -1 0
v 0.0512435569763184 0.13 -0.0512435569763184
vn 0 -1 0
v 0.07 0.13 -0.0187564430236816
vn 0 -1 0
v 0.07 0.13 0.0187564430236816
vn 0 -1 0
v 0.0512435569763184 0.13 0.0512435569763184
vn 0 -1 0
v 0.0187564430236816 0.13 0.07
vn 0 -1 0
v -0.0187564430236816 0.13 0.07
vn 0 -1 0
v -0.0512435569763184 0.13 0.0512435569763184
vn 0 -1 0
v -0.07 0.13 0.0187564430236816
vn 0 -1 0
v -0.07 0.13 -0.0187564430236816
vn 0 -1 0
v -0.0512435569763184 0.13 -0.0512435569763184
vn 0 -1 0
v 0.0734375 0.485162109375 0.2045
vn -0.258819043636322 -0.965925812721252 0
v 0.0734375 0.485162109375 0.181315444946289
vn -0.258819043636322 -0.965925812721252 0
v 0.0759059066772461 0.484500701904297 0.182
vn -0.258819043636322 -0.965925812721252 0
v 0.077085075378418 0.484184722900391 0.2045
vn -0.258819043636322 -0.965925812721252 0
v 0.0707808456420898 0.486887359619141 0.2045
vn -0.544639050960541 -0.838670551776886 0
v 0.0707808456420898 0.486887359619141 0.180578689575195
vn -0.544639050960541 -0.838670551776886 0
v 0.0734375 0.485162109375 0.181315444946289
vn -0.544639050960541 -0.838670551776886 0
v 0.0734375 0.485162109375 0.2045
vn -0.544639050960541 -0.838670551776886 0
v 0.077085075378418 0.463451416015625 0.2045
vn -0.998629510402679 -5.90470955635268E-16 0.0523359552025795
v 0.077085075378418 0.484184722900391 0.2045
vn -0.998629510402679 -5.90470955635268E-16 0.0523359552025795
v 0.0759059066772461 0.484500701904297 0.182
vn -0.998629510402679 -5.90470955635268E-16 0.0523359552025795
v 0.0759059066772461 0.4632646484375 0.182
vn -0.998629510402679 -5.90470955635268E-16 0.0523359552025795
v 0.0687873611450195 0.489349090576172 0.2045
vn -0.777145981788635 -0.629320383071899 0
v 0.0687873611450195 0.489349090576172 0.179898483276367
vn -0.777145981788635 -0.629320383071899 0
v 0.0701680068969727 0.487644134521484 0.180408737182617
vn -0.777145981788635 -0.629320383071899 0
v 0.0707808456420898 0.486887359619141 0.180578689575195
vn -0.777145981788635 -0.629320383071899 0
v 0.0707808456420898 0.486887359619141 0.2045
vn -0.777145981788635 -0.629320383071899 0
v 0.0754505310058594 0.504314819335937 0.2045
vn -0.358367949724197 0.93358039855957 0
v 0.0754505310058594 0.504314819335937 0.18037336730957
vn -0.358367949724197 0.93358039855957 0
v 0.0724932403564453 0.503179626464844 0.179690658569336
vn -0.358367949724197 0.93358039855957 0
v 0.0724932403564453 0.503179626464844 0.2045
vn -0.358367949724197 0.93358039855957 0
v 0.0674863739013672 0.495469757080078 0.2045
vn -0.998629510402679 -0.0523359552025795 0
v 0.0674863739013672 0.495469757080078 0.179030822753906
vn -0.998629510402679 -0.0523359552025795 0
v 0.0676521606445313 0.492306396484375 0.179345642089844
vn -0.998629510402679 -0.0523359552025795 0
v 0.0676521606445313 0.492306396484375 0.2045
vn -0.998629510402679 -0.0523359552025795 0
v 0.0676521606445313 0.492306396484375 0.2045
vn -0.93358039855957 -0.358367949724197 0
v 0.0676521606445313 0.492306396484375 0.179345642089844
vn -0.93358039855957 -0.358367949724197 0
v 0.0687873611450195 0.489349090576172 0.179898483276367
vn -0.93358039855957 -0.358367949724197 0
v 0.0687873611450195 0.489349090576172 0.2045
vn -0.93358039855957 -0.358367949724197 0
v 0.0825673522949219 0.503421295166016 0.2045
vn 0.258819043636322 0.965925812721252 0
v 0.0814267883300781 0.503726898193359 0.182
vn 0.258819043636322 0.965925812721252 0
v 0.0786138763427734 0.504480621337891 0.181193496704102
vn 0.258819043636322 0.965925812721252 0
v 0.0786138763427734 0.504480621337891 0.2045
vn 0.258819043636322 0.965925812721252 0
v 0.050486988067627 0.574513000488281 0.164
vn -0.21620038151741 0.157078772783279 0.963630437850952
v 0.0246062889099121 0.538891296386719 0.164
vn -0.21620038151741 0.157078772783279 0.963630437850952
v 0.0831587524414062 0.509057312011719 0.182
vn -0.21620038151741 0.157078772783279 0.963630437850952
v 0.0969544830322266 0.528045532226562 0.182
vn -0.21620038151741 0.157078772783279 0.963630437850952
v 0.0724932403564453 0.503179626464844 0.2045
vn -0.629320383071899 0.777145981788635 0
v 0.0724932403564453 0.503179626464844 0.179690658569336
vn -0.629320383071899 0.777145981788635 0
v 0.0700314788818359 0.501186157226562 0.179212203979492
vn -0.629320383071899 0.777145981788635 0
v 0.0700314788818359 0.501186157226562 0.2045
vn -0.629320383071899 0.777145981788635 0
v 0.0700314788818359 0.501186157226562 0.2045
vn -0.838670551776886 0.544639050960541 0
v 0.0700314788818359 0.501186157226562 0.179212203979492
vn -0.838670551776886 0.544639050960541 0
v 0.0683062362670898 0.498529479980469 0.178984848022461
vn -0.838670551776886 0.544639050960541 0
v 0.0683062362670898 0.498529479980469 0.2045
vn -0.838670551776886 0.544639050960541 0
v 0.0683062362670898 0.498529479980469 0.2045
vn -0.965925812721252 0.258819043636322 0
v 0.0683062362670898 0.498529479980469 0.178984848022461
vn -0.965925812721252 0.258819043636322 0
v 0.0674863739013672 0.495469757080078 0.179030822753906
vn -0.965925812721252 0.258819043636322 0
v 0.0674863739013672 0.495469757080078 0.2045
vn -0.965925812721252 0.258819043636322 0
v 0.0831587524414062 0.509057312011719 0.182
vn -0.949753105640411 0.308593511581421 0.0523359552025795
v 0.0814267883300781 0.503726898193359 0.182
vn -0.949753105640411 0.308593511581421 0.0523359552025795
v 0.0825673522949219 0.503421295166016 0.2045
vn -0.949753105640411 0.308593511581421 0.0523359552025795
v 0.0842224960327148 0.508515319824219 0.2045
vn -0.949753105640411 0.308593511581421 0.0523359552025795
v 0.0786138763427734 0.504480621337891 0.2045
vn -0.0523359552025795 0.998629510402679 0
v 0.0786138763427734 0.504480621337891 0.181193496704102
vn -0.0523359552025795 0.998629510402679 0
v 0.0754505310058594 0.504314819335937 0.18037336730957
vn -0.0523359552025795 0.998629510402679 0
v 0.0754505310058594 0.504314819335937 0.2045
vn -0.0523359552025795 0.998629510402679 0
v 0.0975172805786133 0.422517272949219 0.197
vn 0 0 1
v 0.090628173828125 0.431999328613281 0.197
vn 0 0 1
v 0.0849826431274414 0.426353790283203 0.197
vn 0 0 1
v 0.0738358383178711 0.429975616455078 0.197
vn 0 0 1
v 0.0621153907775879 0.429975616455078 0.197
vn 0 0 1
v 0.050968578338623 0.426353790283203 0.197
vn 0 0 1
v 0.0414865379333496 0.419464691162109 0.197
vn 0 0 1
v 0.0345974311828613 0.409982635498047 0.197
vn 0 0 1
v 0.0309756126403809 0.398835845947266 0.197
vn 0 0 1
v 0.0309756126403809 0.387115386962891 0.197
vn 0 0 1
v 0.0621153907775879 0.355975616455078 0.197
vn 0 0 1
v 0.0738358383178711 0.355975616455078 0.197
vn 0 0 1
v 0.0849826431274414 0.359597442626953 0.197
vn 0 0 1
v 0.0944646911621094 0.366486541748047 0.197
vn 0 0 1
v 0.101353797912598 0.375968566894531 0.197
vn 0 0 1
v 0.104975616455078 0.387115386962891 0.197
vn 0 0 1
v 0.104975616455078 0.398835845947266 0.197
vn 0 0 1
v 0.101353797912598 0.409982635498047 0.197
vn 0 0 1
v 0.106999320983887 0.415628173828125 0.197
vn 0 0 1
v 0.0759059066772461 0.4632646484375 0.182
vn -0.949753105640411 -0.308593511581421 0.0523359552025795
v 0.0831587524414062 0.440942687988281 0.182
vn -0.949753105640411 -0.308593511581421 0.0523359552025795
v 0.0842224960327148 0.441484680175781 0.2045
vn -0.949753105640411 -0.308593511581421 0.0523359552025795
v 0.077085075378418 0.463451416015625 0.2045
vn -0.949753105640411 -0.308593511581421 0.0523359552025795
v 0.0621153907775879 0.429975616455078 0.175490997314453
vn -0.30901700258255 0.95105654001236 0
v 0.0607885589599609 0.429544494628906 0.175123031616211
vn -0.30901700258255 0.95105654001236 0
v 0.050968578338623 0.426353790283203 0.172259567260742
vn -0.30901700258255 0.95105654001236 0
v 0.050968578338623 0.426353790283203 0.197
vn -0.30901700258255 0.95105654001236 0
v 0.0621153907775879 0.429975616455078 0.197
vn -0.30901700258255 0.95105654001236 0
v 0.050968578338623 0.426353790283203 0.197
vn -0.587785243988037 0.80901700258255 0
v 0.050968578338623 0.426353790283203 0.172259567260742
vn -0.587785243988037 0.80901700258255 0
v 0.0426152076721191 0.420284729003906 0.169536239624023
vn -0.587785243988037 0.80901700258255 0
v 0.0414865379333496 0.419464691162109 0.169149337768555
vn -0.587785243988037 0.80901700258255 0
v 0.0414865379333496 0.419464691162109 0.197
vn -0.587785243988037 0.80901700258255 0
v 0.0849826431274414 0.426353790283203 0.180031112670898
vn -0.21620038151741 -0.157078772783279 0.963630437850952
v 0.0900653762817383 0.4314365234375 0.182
vn -0.21620038151741 -0.157078772783279 0.963630437850952
v 0.0831587524414062 0.440942687988281 0.182
vn -0.21620038151741 -0.157078772783279 0.963630437850952
v 0.0607885589599609 0.429544494628906 0.175123031616211
vn -0.21620038151741 -0.157078772783279 0.963630437850952
v 0.0621153907775879 0.429975616455078 0.175490997314453
vn -0.21620038151741 -0.157078772783279 0.963630437850952
v 0.0738358383178711 0.429975616455078 0.178120590209961
vn -0.21620038151741 -0.157078772783279 0.963630437850952
v -0.0788959426879883 0.290631988525391 0.311
vn 0 0 -1
v -0.0822903594970703 0.312063507080078 0.311
vn 0 0 -1
v -0.0809704513549805 0.320397094726563 0.311
vn 0 0 -1
v -0.00682600498199463 0.394541534423828 0.311
vn 0 0 -1
v 0.00150757598876953 0.395861450195312 0.311
vn 0 0 -1
v 0.0229390983581543 0.392467010498047 0.311
vn 0 0 -1
v 0.0422727508544922 0.382616027832031 0.311
vn 0 0 -1
v 0.0576160278320313 0.367272766113281 0.311
vn 0 0 -1
v 0.0674670181274414 0.347939086914063 0.311
vn 0 0 -1
v 0.0708614349365234 0.326507568359375 0.311
vn 0 0 -1
v 0.0695415267944336 0.318173980712891 0.311
vn 0 0 -1
v -0.00460291910171509 0.244029541015625 0.311
vn 0 0 -1
v -0.0129364995956421 0.24270964050293 0.311
vn 0 0 -1
v -0.0343680229187012 0.246104064941406 0.311
vn 0 0 -1
v -0.0537016754150391 0.255955047607422 0.311
vn 0 0 -1
v -0.0690449523925781 0.271298309326172 0.311
vn 0 0 -1
v 0.0642641983032227 0.353553527832031 0.311
vn 0 0 -1
v 0.0285535182952881 0.389264190673828 0.311
vn 0 0 -1
v -0.00644648265838623 0.389264190673828 0.311
vn 0 0 -1
v -0.0421571617126465 0.353553527832031 0.311
vn 0 0 -1
v -0.0421571617126465 0.318553527832031 0.311
vn 0 0 -1
v -0.00644648265838623 0.282842834472656 0.311
vn 0 0 -1
v 0.0285535182952881 0.282842834472656 0.311
vn 0 0 -1
v 0.0642641983032227 0.318553527832031 0.311
vn 0 0 -1
v 0.0414865379333496 0.419464691162109 0.197
vn -0.80901700258255 0.587785243988037 0
v 0.0414865379333496 0.419464691162109 0.169149337768555
vn -0.80901700258255 0.587785243988037 0
v 0.0345974311828613 0.409982635498047 0.166058059692383
vn -0.80901700258255 0.587785243988037 0
v 0.0345974311828613 0.409982635498047 0.197
vn -0.80901700258255 0.587785243988037 0
v 0.0849826431274414 0.359597442626953 0.197
vn 0.587785243988037 -0.80901700258255 0
v 0.0849826431274414 0.359597442626953 0.166058059692383
vn 0.587785243988037 -0.80901700258255 0
v 0.0944646911621094 0.366486541748047 0.169149337768555
vn 0.587785243988037 -0.80901700258255 0
v 0.0944646911621094 0.366486541748047 0.197
vn 0.587785243988037 -0.80901700258255 0
v 0.0944646911621094 0.366486541748047 0.197
vn 0.80901700258255 -0.587785243988037 0
v 0.0944646911621094 0.366486541748047 0.169149337768555
vn 0.80901700258255 -0.587785243988037 0
v 0.0952847137451172 0.367615203857422 0.169536239624023
vn 0.80901700258255 -0.587785243988037 0
v 0.101353797912598 0.375968566894531 0.172259567260742
vn 0.80901700258255 -0.587785243988037 0
v 0.101353797912598 0.375968566894531 0.197
vn 0.80901700258255 -0.587785243988037 0
v 0.161887344360352 0.395780853271484 0.2045
vn -0.629320383071899 -0.777145981788635 0
v 0.161887344360352 0.395780853271484 0.180578689575195
vn -0.629320383071899 -0.777145981788635 0
v 0.162644149780273 0.395167999267578 0.180408737182617
vn -0.629320383071899 -0.777145981788635 0
v 0.164349105834961 0.393787353515625 0.179898483276367
vn -0.629320383071899 -0.777145981788635 0
v 0.164349105834961 0.393787353515625 0.2045
vn -0.629320383071899 -0.777145981788635 0
v 0.179480621337891 0.403613891601563 0.2045
vn 0.965925812721252 0.258819043636322 0
v 0.179480621337891 0.403613891601563 0.181193496704102
vn 0.965925812721252 0.258819043636322 0
v 0.178726898193359 0.406426788330078 0.182
vn 0.965925812721252 0.258819043636322 0
v 0.178421279907227 0.407567352294922 0.2045
vn 0.965925812721252 0.258819043636322 0
v 0.164349105834961 0.393787353515625 0.2045
vn -0.358367949724197 -0.93358039855957 0
v 0.164349105834961 0.393787353515625 0.179898483276367
vn -0.358367949724197 -0.93358039855957 0
v 0.167306396484375 0.392652160644531 0.179345642089844
vn -0.358367949724197 -0.93358039855957 0
v 0.167306396484375 0.392652160644531 0.2045
vn -0.358367949724197 -0.93358039855957 0
v 0.167306396484375 0.392652160644531 0.2045
vn -0.0523359552025795 -0.998629510402679 0
v 0.167306396484375 0.392652160644531 0.179345642089844
vn -0.0523359552025795 -0.998629510402679 0
v 0.170469741821289 0.392486389160156 0.179030822753906
vn -0.0523359552025795 -0.998629510402679 0
v 0.170469741821289 0.392486389160156 0.2045
vn -0.0523359552025795 -0.998629510402679 0
v 0.176186141967773 0.395031494140625 0.2045
vn 0.777145981788635 -0.629320383071899 0
v 0.176186141967773 0.395031494140625 0.179212203979492
vn 0.777145981788635 -0.629320383071899 0
v 0.178179626464844 0.397493225097656 0.179690658569336
vn 0.777145981788635 -0.629320383071899 0
v 0.178179626464844 0.397493225097656 0.2045
vn 0.777145981788635 -0.629320383071899 0
v 0.178179626464844 0.397493225097656 0.2045
vn 0.93358039855957 -0.358367949724197 0
v 0.178179626464844 0.397493225097656 0.179690658569336
vn 0.93358039855957 -0.358367949724197 0
v 0.179314834594727 0.400450531005859 0.18037336730957
vn 0.93358039855957 -0.358367949724197 0
v 0.179314834594727 0.400450531005859 0.2045
vn 0.93358039855957 -0.358367949724197 0
v 0.179314834594727 0.400450531005859 0.2045
vn 0.998629510402679 -0.0523359552025795 0
v 0.179314834594727 0.400450531005859 0.18037336730957
vn 0.998629510402679 -0.0523359552025795 0
v 0.179480621337891 0.403613891601563 0.181193496704102
vn 0.998629510402679 -0.0523359552025795 0
v 0.179480621337891 0.403613891601563 0.2045
vn 0.998629510402679 -0.0523359552025795 0
v 0.18351530456543 0.409222503662109 0.2045
vn 0.308593511581421 -0.949753105640411 0.0523359552025795
v 0.178421279907227 0.407567352294922 0.2045
vn 0.308593511581421 -0.949753105640411 0.0523359552025795
v 0.178726898193359 0.406426788330078 0.182
vn 0.308593511581421 -0.949753105640411 0.0523359552025795
v 0.184057312011719 0.408158752441406 0.182
vn 0.308593511581421 -0.949753105640411 0.0523359552025795
v 0.170469741821289 0.392486389160156 0.2045
vn 0.258819043636322 -0.965925812721252 0
v 0.170469741821289 0.392486389160156 0.179030822753906
vn 0.258819043636322 -0.965925812721252 0
v 0.173529495239258 0.393306243896484 0.178984848022461
vn 0.258819043636322 -0.965925812721252 0
v 0.173529495239258 0.393306243896484 0.2045
vn 0.258819043636322 -0.965925812721252 0
v 0.173529495239258 0.393306243896484 0.2045
vn 0.544639050960541 -0.838670551776886 0
v 0.173529495239258 0.393306243896484 0.178984848022461
vn 0.544639050960541 -0.838670551776886 0
v 0.176186141967773 0.395031494140625 0.179212203979492
vn 0.544639050960541 -0.838670551776886 0
v 0.176186141967773 0.395031494140625 0.2045
vn 0.544639050960541 -0.838670551776886 0
v 0.15918473815918 0.402085083007812 0.2045
vn -0.965925812721252 -0.258819043636322 0
v 0.159500686645508 0.400905914306641 0.182
vn -0.965925812721252 -0.258819043636322 0
v 0.160162094116211 0.3984375 0.181315444946289
vn -0.965925812721252 -0.258819043636322 0
v 0.160162094116211 0.3984375 0.2045
vn -0.965925812721252 -0.258819043636322 0
v 0.160162094116211 0.3984375 0.2045
vn -0.838670551776886 -0.544639050960541 0
v 0.160162094116211 0.3984375 0.181315444946289
vn -0.838670551776886 -0.544639050960541 0
v 0.161887344360352 0.395780853271484 0.180578689575195
vn -0.838670551776886 -0.544639050960541 0
v 0.161887344360352 0.395780853271484 0.2045
vn -0.838670551776886 -0.544639050960541 0
v 0.1382646484375 0.400905914306641 0.182
vn -1.18094191127054E-15 -0.998629510402679 0.0523359552025795
v 0.159500686645508 0.400905914306641 0.182
vn -1.18094191127054E-15 -0.998629510402679 0.0523359552025795
v 0.15918473815918 0.402085083007812 0.2045
vn -1.18094191127054E-15 -0.998629510402679 0.0523359552025795
v 0.138451416015625 0.402085083007812 0.2045
vn -1.18094191127054E-15 -0.998629510402679 0.0523359552025795
v 0.104975616455078 0.387115386962891 0.175490997314453
vn -0.157078772783279 -0.21620038151741 0.963630437850952
v 0.104544502258301 0.385788543701172 0.175123031616211
vn -0.157078772783279 -0.21620038151741 0.963630437850952
v 0.115942680358887 0.408158752441406 0.182
vn -0.157078772783279 -0.21620038151741 0.963630437850952
v 0.1064365234375 0.415065368652344 0.182
vn -0.157078772783279 -0.21620038151741 0.963630437850952
v 0.101353797912598 0.409982635498047 0.180031112670898
vn -0.157078772783279 -0.21620038151741 0.963630437850952
v 0.104975616455078 0.398835845947266 0.178120590209961
vn -0.157078772783279 -0.21620038151741 0.963630437850952
v 0.101353797912598 0.375968566894531 0.172259567260742
vn 0.95105654001236 -0.30901700258255 0
v 0.104544502258301 0.385788543701172 0.175123031616211
vn 0.95105654001236 -0.30901700258255 0
v 0.104975616455078 0.387115386962891 0.175490997314453
vn 0.95105654001236 -0.30901700258255 0
v 0.104975616455078 0.387115386962891 0.197
vn 0.95105654001236 -0.30901700258255 0
v 0.101353797912598 0.375968566894531 0.197
vn 0.95105654001236 -0.30901700258255 0
v 0.115942680358887 0.408158752441406 0.182
vn -0.308593511581421 -0.949753105640411 0.0523359552025795
v 0.1382646484375 0.400905914306641 0.182
vn -0.308593511581421 -0.949753105640411 0.0523359552025795
v 0.138451416015625 0.402085083007812 0.2045
vn -0.308593511581421 -0.949753105640411 0.0523359552025795
v 0.116484687805176 0.409222503662109 0.2045
vn -0.308593511581421 -0.949753105640411 0.0523359552025795
v 0.24951301574707 0.375486999511719 0.164
vn 0.21620038151741 -0.157078772783279 0.963630437850952
v 0.275393707275391 0.411108703613281 0.164
vn 0.21620038151741 -0.157078772783279 0.963630437850952
v 0.216841247558594 0.440942687988281 0.182
vn 0.21620038151741 -0.157078772783279 0.963630437850952
v 0.203045516967773 0.421954498291016 0.182
vn 0.21620038151741 -0.157078772783279 0.963630437850952
v 0.184057312011719 0.408158752441406 0.182
vn 0.586979687213898 -0.807908236980438 0.0523359552025795
v 0.203045516967773 0.421954498291016 0.182
vn 0.586979687213898 -0.807908236980438 0.0523359552025795
v 0.202201324462891 0.422798675537109 0.2045
vn 0.586979687213898 -0.807908236980438 0.0523359552025795
v 0.18351530456543 0.409222503662109 0.2045
vn 0.586979687213898 -0.807908236980438 0.0523359552025795
v -0.212294738769531 0.399 -0.0490140075683594
vn -0.80901700258255 0 0.587785243988037
v -0.199540588378906 0.399 -0.031459415435791
vn -0.80901700258255 0 0.587785243988037
v -0.199540588378906 0.429 -0.031459415435791
vn -0.80901700258255 0 0.587785243988037
v -0.212294738769531 0.429 -0.0490140075683594
vn -0.80901700258255 0 0.587785243988037
v -0.192714538574219 0.399 -0.0265
vn 0 0 1
v -0.0872854614257813 0.399 -0.0265
vn 0 0 1
v -0.0872854614257813 0.429 -0.0265
vn 0 0 1
v -0.192714538574219 0.429 -0.0265
vn 0 0 1
v -0.0804594116210938 0.399 -0.031459415435791
vn 0.80901700258255 0 0.587785243988037
v -0.0677052536010742 0.399 -0.0490140075683594
vn 0.80901700258255 0 0.587785243988037
v -0.0677052536010742 0.429 -0.0490140075683594
vn 0.80901700258255 0 0.587785243988037
v -0.0804594116210938 0.429 -0.031459415435791
vn 0.80901700258255 0 0.587785243988037
v -0.212294738769531 0.399 -0.111985992431641
vn -0.95105654001236 0 -0.30901700258255
v -0.219 0.399 -0.0913493347167969
vn -0.95105654001236 0 -0.30901700258255
v -0.219 0.429 -0.0913493347167969
vn -0.95105654001236 0 -0.30901700258255
v -0.212294738769531 0.429 -0.111985992431641
vn -0.95105654001236 0 -0.30901700258255
v -0.199540588378906 0.399 -0.129540588378906
vn -0.80901700258255 0 -0.587785243988037
v -0.212294738769531 0.399 -0.111985992431641
vn -0.80901700258255 0 -0.587785243988037
v -0.212294738769531 0.429 -0.111985992431641
vn -0.80901700258255 0 -0.587785243988037
v -0.199540588378906 0.429 -0.129540588378906
vn -0.80901700258255 0 -0.587785243988037
v -0.219 0.399 -0.0696506652832031
vn -0.95105654001236 0 0.30901700258255
v -0.212294738769531 0.399 -0.0490140075683594
vn -0.95105654001236 0 0.30901700258255
v -0.212294738769531 0.429 -0.0490140075683594
vn -0.95105654001236 0 0.30901700258255
v -0.219 0.429 -0.0696506652832031
vn -0.95105654001236 0 0.30901700258255
v -0.192714538574219 0.399 -0.1345
vn -0.587785243988037 0 -0.80901700258255
v -0.199540588378906 0.399 -0.129540588378906
vn -0.587785243988037 0 -0.80901700258255
v -0.199540588378906 0.429 -0.129540588378906
vn -0.587785243988037 0 -0.80901700258255
v -0.192714538574219 0.429 -0.1345
vn -0.587785243988037 0 -0.80901700258255
v -0.061 0.399 -0.0696506652832031
vn 1 0 0
v -0.061 0.399 -0.0913493347167969
vn 1 0 0
v -0.061 0.429 -0.0913493347167969
vn 1 0 0
v -0.061 0.429 -0.0696506652832031
vn 1 0 0
v -0.0677052536010742 0.399 -0.111985992431641
vn 0.80901700258255 0 -0.587785243988037
v -0.0804594116210938 0.399 -0.129540588378906
vn 0.80901700258255 0 -0.587785243988037
v -0.0804594116210938 0.429 -0.129540588378906
vn 0.80901700258255 0 -0.587785243988037
v -0.0677052536010742 0.429 -0.111985992431641
vn 0.80901700258255 0 -0.587785243988037
v -0.0872854614257813 0.399 -0.1345
vn 0 0 -1
v -0.192714538574219 0.399 -0.1345
vn 0 0 -1
v -0.192714538574219 0.429 -0.1345
vn 0 0 -1
v -0.0872854614257813 0.429 -0.1345
vn 0 0 -1
v -0.199540588378906 0.399 -0.031459415435791
vn -0.587785243988037 0 0.80901700258255
v -0.192714538574219 0.399 -0.0265
vn -0.587785243988037 0 0.80901700258255
v -0.192714538574219 0.429 -0.0265
vn -0.587785243988037 0 0.80901700258255
v -0.199540588378906 0.429 -0.031459415435791
vn -0.587785243988037 0 0.80901700258255
v -0.0872854614257813 0.399 -0.0265
vn 0.587785243988037 0 0.80901700258255
v -0.0804594116210938 0.399 -0.031459415435791
vn 0.587785243988037 0 0.80901700258255
v -0.0804594116210938 0.429 -0.031459415435791
vn 0.587785243988037 0 0.80901700258255
v -0.0872854614257813 0.429 -0.0265
vn 0.587785243988037 0 0.80901700258255
v -0.0677052536010742 0.399 -0.0490140075683594
vn 0.95105654001236 0 0.30901700258255
v -0.061 0.399 -0.0696506652832031
vn 0.95105654001236 0 0.30901700258255
v -0.061 0.429 -0.0696506652832031
vn 0.95105654001236 0 0.30901700258255
v -0.0677052536010742 0.429 -0.0490140075683594
vn 0.95105654001236 0 0.30901700258255
v -0.061 0.399 -0.0913493347167969
vn 0.95105654001236 0 -0.30901700258255
v -0.0677052536010742 0.399 -0.111985992431641
vn 0.95105654001236 0 -0.30901700258255
v -0.0677052536010742 0.429 -0.111985992431641
vn 0.95105654001236 0 -0.30901700258255
v -0.061 0.429 -0.0913493347167969
vn 0.95105654001236 0 -0.30901700258255
v -0.219 0.399 -0.0913493347167969
vn -1 0 0
v -0.219 0.399 -0.0696506652832031
vn -1 0 0
v -0.219 0.429 -0.0696506652832031
vn -1 0 0
v -0.219 0.429 -0.0913493347167969
vn -1 0 0
v -0.0804594116210938 0.399 -0.129540588378906
vn 0.587785243988037 0 -0.80901700258255
v -0.0872854614257813 0.399 -0.1345
vn 0.587785243988037 0 -0.80901700258255
v -0.0872854614257813 0.429 -0.1345
vn 0.587785243988037 0 -0.80901700258255
v -0.0804594116210938 0.429 -0.129540588378906
vn 0.587785243988037 0 -0.80901700258255
v 0.0861087112426758 0.600393737792969 0.164
vn -0.157078772783279 0.21620038151741 0.963630437850952
v 0.050486988067627 0.574513000488281 0.164
vn -0.157078772783279 0.21620038151741 0.963630437850952
v 0.0969544830322266 0.528045532226562 0.182
vn -0.157078772783279 0.21620038151741 0.963630437850952
v 0.115942680358887 0.541841247558594 0.182
vn -0.157078772783279 0.21620038151741 0.963630437850952
v 0.127984565734863 0.614 0.164
vn -0.0825811997056007 0.254158794879913 0.963630437850952
v 0.0861087112426758 0.600393737792969 0.164
vn -0.0825811997056007 0.254158794879913 0.963630437850952
v 0.115942680358887 0.541841247558594 0.182
vn -0.0825811997056007 0.254158794879913 0.963630437850952
v 0.1382646484375 0.549094116210938 0.182
vn -0.0825811997056007 0.254158794879913 0.963630437850952
v 0.139 0.642 0.123
vn 0 1 0
v 0.139 0.642 0.149
vn 0 1 0
v 0.161 0.642 0.149
vn 0 1 0
v 0.161 0.642 0.123
vn 0 1 0
v 0.15384326171875 0.62615673828125 0.149
vn 0 0 1
v 0.15140673828125 0.62475 0.149
vn 0 0 1
v 0.14859326171875 0.62475 0.149
vn 0 0 1
v 0.14615673828125 0.62615673828125 0.149
vn 0 0 1
v 0.14475 0.62859326171875 0.149
vn 0 0 1
v 0.14475 0.63140673828125 0.149
vn 0 0 1
v 0.14615673828125 0.63384326171875 0.149
vn 0 0 1
v 0.14859326171875 0.63525 0.149
vn 0 0 1
v 0.15140673828125 0.63525 0.149
vn 0 0 1
v 0.15384326171875 0.63384326171875 0.149
vn 0 0 1
v 0.15525 0.63140673828125 0.149
vn 0 0 1
v 0.15525 0.62859326171875 0.149
vn 0 0 1
v 0.139 0.614 0.149
vn 0 0 1
v 0.161 0.614 0.149
vn 0 0 1
v 0.161 0.642 0.149
vn 0 0 1
v 0.139 0.642 0.149
vn 0 0 1
v 0.14615673828125 0.63384326171875 0.123
vn 0.866025388240814 -0.5 0
v 0.14615673828125 0.63384326171875 0.149
vn 0.866025388240814 -0.5 0
v 0.14475 0.63140673828125 0.149
vn 0.866025388240814 -0.5 0
v 0.14475 0.63140673828125 0.123
vn 0.866025388240814 -0.5 0
v 0.14859326171875 0.63525 0.123
vn 0.5 -0.866025388240814 0
v 0.14859326171875 0.63525 0.149
vn 0.5 -0.866025388240814 0
v 0.14615673828125 0.63384326171875 0.149
vn 0.5 -0.866025388240814 0
v 0.14615673828125 0.63384326171875 0.123
vn 0.5 -0.866025388240814 0
v 0.15525 0.63140673828125 0.123
vn -0.866025388240814 -0.5 0
v 0.15525 0.63140673828125 0.149
vn -0.866025388240814 -0.5 0
v 0.15384326171875 0.63384326171875 0.149
vn -0.866025388240814 -0.5 0
v 0.15384326171875 0.63384326171875 0.123
vn -0.866025388240814 -0.5 0
v 0.14615673828125 0.62615673828125 0.123
vn 0.5 0.866025388240814 0
v 0.14615673828125 0.62615673828125 0.149
vn 0.5 0.866025388240814 0
v 0.14859326171875 0.62475 0.149
vn 0.5 0.866025388240814 0
v 0.14859326171875 0.62475 0.123
vn 0.5 0.866025388240814 0
v 0.15525 0.62859326171875 0.123
vn -1 0 0
v 0.15525 0.62859326171875 0.149
vn -1 0 0
v 0.15525 0.63140673828125 0.149
vn -1 0 0
v 0.15525 0.63140673828125 0.123
vn -1 0 0
v 0.14475 0.62859326171875 0.123
vn 0.866025388240814 0.5 0
v 0.14475 0.62859326171875 0.149
vn 0.866025388240814 0.5 0
v 0.14615673828125 0.62615673828125 0.149
vn 0.866025388240814 0.5 0
v 0.14615673828125 0.62615673828125 0.123
vn 0.866025388240814 0.5 0
v 0.15384326171875 0.62615673828125 0.123
vn -0.866025388240814 0.5 0
v 0.15384326171875 0.62615673828125 0.149
vn -0.866025388240814 0.5 0
v 0.15525 0.62859326171875 0.149
vn -0.866025388240814 0.5 0
v 0.15525 0.62859326171875 0.123
vn -0.866025388240814 0.5 0
v 0.15140673828125 0.63525 0.123
vn 0 -1 0
v 0.15140673828125 0.63525 0.149
vn 0 -1 0
v 0.14859326171875 0.63525 0.149
vn 0 -1 0
v 0.14859326171875 0.63525 0.123
vn 0 -1 0
v 0.15384326171875 0.63384326171875 0.123
vn -0.5 -0.866025388240814 0
v 0.15384326171875 0.63384326171875 0.149
vn -0.5 -0.866025388240814 0
v 0.15140673828125 0.63525 0.149
vn -0.5 -0.866025388240814 0
v 0.15140673828125 0.63525 0.123
vn -0.5 -0.866025388240814 0
v 0.15140673828125 0.62475 0.123
vn -0.5 0.866025388240814 0
v 0.15140673828125 0.62475 0.149
vn -0.5 0.866025388240814 0
v 0.15384326171875 0.62615673828125 0.149
vn -0.5 0.866025388240814 0
v 0.15384326171875 0.62615673828125 0.123
vn -0.5 0.866025388240814 0
v 0.14859326171875 0.62475 0.123
vn 0 1 0
v 0.14859326171875 0.62475 0.149
vn 0 1 0
v 0.15140673828125 0.62475 0.149
vn 0 1 0
v 0.15140673828125 0.62475 0.123
vn 0 1 0
v 0.14475 0.63140673828125 0.123
vn 1 0 0
v 0.14475 0.63140673828125 0.149
vn 1 0 0
v 0.14475 0.62859326171875 0.149
vn 1 0 0
v 0.14475 0.62859326171875 0.123
vn 1 0 0
v 0.172015441894531 0.614 0.164
vn 0 0.26723837852478 0.963630437850952
v 0.127984565734863 0.614 0.164
vn 0 0.26723837852478 0.963630437850952
v 0.1382646484375 0.549094116210938 0.182
vn 0 0.26723837852478 0.963630437850952
v 0.1617353515625 0.549094116210938 0.182
vn 0 0.26723837852478 0.963630437850952
v 0.212662124633789 0.524904296875 0.180354446411133
vn 0.21620038151741 0.157078772783279 0.963630437850952
v 0.211224029541016 0.522081909179688 0.181137176513672
vn 0.21620038151741 0.157078772783279 0.963630437850952
v 0.208996643066406 0.5198544921875 0.182
vn 0.21620038151741 0.157078772783279 0.963630437850952
v 0.216841247558594 0.509057312011719 0.182
vn 0.21620038151741 0.157078772783279 0.963630437850952
v 0.275393707275391 0.538891296386719 0.164
vn 0.21620038151741 0.157078772783279 0.963630437850952
v 0.24951301574707 0.574513000488281 0.164
vn 0.21620038151741 0.157078772783279 0.963630437850952
v 0.210104080200195 0.535104064941406 0.179265747070313
vn 0.21620038151741 0.157078772783279 0.963630437850952
v 0.211224029541016 0.533984130859375 0.179197036743164
vn 0.21620038151741 0.157078772783279 0.963630437850952
v 0.212662124633789 0.531161682128906 0.179334457397461
vn 0.21620038151741 0.157078772783279 0.963630437850952
v 0.213157653808594 0.528033020019531 0.179733276367188
vn 0.21620038151741 0.157078772783279 0.963630437850952
v 0.289 0.497015441894531 0.164
vn 0.254158794879913 0.0825811997056007 0.963630437850952
v 0.275393707275391 0.538891296386719 0.164
vn 0.254158794879913 0.0825811997056007 0.963630437850952
v 0.216841247558594 0.509057312011719 0.182
vn 0.254158794879913 0.0825811997056007 0.963630437850952
v 0.224094100952148 0.4867353515625 0.182
vn 0.254158794879913 0.0825811997056007 0.963630437850952
v 0.289 0.452984558105469 0.164
vn 0.26723837852478 0 0.963630437850952
v 0.289 0.497015441894531 0.164
vn 0.26723837852478 0 0.963630437850952
v 0.224094100952148 0.4867353515625 0.182
vn 0.26723837852478 0 0.963630437850952
v 0.224094100952148 0.4632646484375 0.182
vn 0.26723837852478 0 0.963630437850952
v 0.21389128112793 0.600393737792969 0.164
vn 0.0825811997056007 0.254158794879913 0.963630437850952
v 0.172015441894531 0.614 0.164
vn 0.0825811997056007 0.254158794879913 0.963630437850952
v 0.1617353515625 0.549094116210938 0.182
vn 0.0825811997056007 0.254158794879913 0.963630437850952
v 0.184057312011719 0.541841247558594 0.182
vn 0.0825811997056007 0.254158794879913 0.963630437850952
v 0.184057312011719 0.541841247558594 0.182
vn 0.157078772783279 0.21620038151741 0.963630437850952
v 0.194854507446289 0.533996643066406 0.182
vn 0.157078772783279 0.21620038151741 0.963630437850952
v 0.197081893920898 0.536223999023438 0.181137176513672
vn 0.157078772783279 0.21620038151741 0.963630437850952
v 0.199904312133789 0.537662109375 0.180354446411133
vn 0.157078772783279 0.21620038151741 0.963630437850952
v 0.203033004760742 0.538157653808594 0.179733276367188
vn 0.157078772783279 0.21620038151741 0.963630437850952
v 0.206161697387695 0.537662109375 0.179334457397461
vn 0.157078772783279 0.21620038151741 0.963630437850952
v 0.208984130859375 0.536223999023438 0.179197036743164
vn 0.157078772783279 0.21620038151741 0.963630437850952
v 0.210104080200195 0.535104064941406 0.179265747070313
vn 0.157078772783279 0.21620038151741 0.963630437850952
v 0.24951301574707 0.574513000488281 0.164
vn 0.157078772783279 0.21620038151741 0.963630437850952
v 0.21389128112793 0.600393737792969 0.164
vn 0.157078772783279 0.21620038151741 0.963630437850952
v 0.275393707275391 0.411108703613281 0.164
vn 0.254158794879913 -0.0825811997056007 0.963630437850952
v 0.289 0.452984558105469 0.164
vn 0.254158794879913 -0.0825811997056007 0.963630437850952
v 0.224094100952148 0.4632646484375 0.182
vn 0.254158794879913 -0.0825811997056007 0.963630437850952
v 0.216841247558594 0.440942687988281 0.182
vn 0.254158794879913 -0.0825811997056007 0.963630437850952
v 0.167134231567383 0.404987976074219 0.2045
vn 0 0 1
v 0.168159317016602 0.405732757568359 0.2045
vn 0 0 1
v 0.169364379882812 0.406124298095703 0.2045
vn 0 0 1
v 0.170631454467773 0.406124298095703 0.2045
vn 0 0 1
v 0.171836517333984 0.405732757568359 0.2045
vn 0 0 1
v 0.172861602783203 0.404987976074219 0.2045
vn 0 0 1
v 0.173606369018555 0.403962890625 0.2045
vn 0 0 1
v 0.173997924804688 0.402757843017578 0.2045
vn 0 0 1
v 0.173997924804688 0.401490753173828 0.2045
vn 0 0 1
v 0.173606369018555 0.400285705566406 0.2045
vn 0 0 1
v 0.172861602783203 0.399260620117187 0.2045
vn 0 0 1
v 0.171836517333984 0.398515838623047 0.2045
vn 0 0 1
v 0.170631454467773 0.398124298095703 0.2045
vn 0 0 1
v 0.169364379882812 0.398124298095703 0.2045
vn 0 0 1
v 0.168159317016602 0.398515838623047 0.2045
vn 0 0 1
v 0.167134231567383 0.399260620117187 0.2045
vn 0 0 1
v 0.166389465332031 0.400285705566406 0.2045
vn 0 0 1
v 0.165997924804688 0.401490753173828 0.2045
vn 0 0 1
v 0.165997924804688 0.402757843017578 0.2045
vn 0 0 1
v 0.166389465332031 0.403962890625 0.2045
vn 0 0 1
v 0.0767670822143555 0.497232696533203 0.2045
vn 0 0 1
v 0.0780341567993164 0.497232696533203 0.2045
vn 0 0 1
v 0.0792392196655273 0.496841156005859 0.2045
vn 0 0 1
v 0.0802643051147461 0.496096374511719 0.2045
vn 0 0 1
v 0.0810090713500977 0.4950712890625 0.2045
vn 0 0 1
v 0.0814006195068359 0.493866241455078 0.2045
vn 0 0 1
v 0.0814006195068359 0.492599151611328 0.2045
vn 0 0 1
v 0.0810090713500977 0.491394104003906 0.2045
vn 0 0 1
v 0.0802643051147461 0.490369018554688 0.2045
vn 0 0 1
v 0.0792392196655273 0.489624237060547 0.2045
vn 0 0 1
v 0.0780341567993164 0.489232696533203 0.2045
vn 0 0 1
v 0.0767670822143555 0.489232696533203 0.2045
vn 0 0 1
v 0.0755620193481445 0.489624237060547 0.2045
vn 0 0 1
v 0.0745369338989258 0.490369018554688 0.2045
vn 0 0 1
v 0.0737921676635742 0.491394104003906 0.2045
vn 0 0 1
v 0.0734006195068359 0.492599151611328 0.2045
vn 0 0 1
v 0.0734006195068359 0.493866241455078 0.2045
vn 0 0 1
v 0.0737921676635742 0.4950712890625 0.2045
vn 0 0 1
v 0.0745369338989258 0.496096374511719 0.2045
vn 0 0 1
v 0.0755620193481445 0.496841156005859 0.2045
vn 0 0 1
v 0.20076286315918 0.531478576660156 0.2045
vn 0 0 1
v 0.201967926025391 0.5318701171875 0.2045
vn 0 0 1
v 0.203235000610352 0.5318701171875 0.2045
vn 0 0 1
v 0.204440048217773 0.531478576660156 0.2045
vn 0 0 1
v 0.205465133666992 0.530733825683594 0.2045
vn 0 0 1
v 0.206209915161133 0.529708740234375 0.2045
vn 0 0 1
v 0.206601455688477 0.528503662109375 0.2045
vn 0 0 1
v 0.206601455688477 0.527236572265625 0.2045
vn 0 0 1
v 0.206209915161133 0.526031494140625 0.2045
vn 0 0 1
v 0.205465133666992 0.525006408691406 0.2045
vn 0 0 1
v 0.204440048217773 0.524261657714844 0.2045
vn 0 0 1
v 0.203235000610352 0.5238701171875 0.2045
vn 0 0 1
v 0.201967926025391 0.5238701171875 0.2045
vn 0 0 1
v 0.20076286315918 0.524261657714844 0.2045
vn 0 0 1
v 0.199737777709961 0.525006408691406 0.2045
vn 0 0 1
v 0.198993011474609 0.526031494140625 0.2045
vn 0 0 1
v 0.198601455688477 0.527236572265625 0.2045
vn 0 0 1
v 0.198601455688477 0.528503662109375 0.2045
vn 0 0 1
v 0.198993011474609 0.529708740234375 0.2045
vn 0 0 1
v 0.199737777709961 0.530733825683594 0.2045
vn 0 0 1
v 0.179480621337891 0.403613891601563 0.2045
vn 0 0 1
v 0.178421279907227 0.407567352294922 0.2045
vn 0 0 1
v 0.18351530456543 0.409222503662109 0.2045
vn 0 0 1
v 0.202201324462891 0.422798675537109 0.2045
vn 0 0 1
v 0.215777496337891 0.441484680175781 0.2045
vn 0 0 1
v 0.222914916992188 0.463451416015625 0.2045
vn 0 0 1
v 0.222914916992188 0.486548583984375 0.2045
vn 0 0 1
v 0.215777496337891 0.508515319824219 0.2045
vn 0 0 1
v 0.208152435302734 0.519010314941406 0.2045
vn 0 0 1
v 0.211224029541016 0.522081909179688 0.2045
vn 0 0 1
v 0.212662124633789 0.524904296875 0.2045
vn 0 0 1
v 0.213157653808594 0.528033020019531 0.2045
vn 0 0 1
v 0.212662124633789 0.531161682128906 0.2045
vn 0 0 1
v 0.211224029541016 0.533984130859375 0.2045
vn 0 0 1
v 0.208984130859375 0.536223999023438 0.2045
vn 0 0 1
v 0.206161697387695 0.537662109375 0.2045
vn 0 0 1
v 0.203033004760742 0.538157653808594 0.2045
vn 0 0 1
v 0.199904312133789 0.537662109375 0.2045
vn 0 0 1
v 0.197081893920898 0.536223999023438 0.2045
vn 0 0 1
v 0.194010299682617 0.533152465820313 0.2045
vn 0 0 1
v 0.18351530456543 0.540777526855469 0.2045
vn 0 0 1
v 0.161548583984375 0.547914916992188 0.2045
vn 0 0 1
v 0.138451416015625 0.547914916992188 0.2045
vn 0 0 1
v 0.116484687805176 0.540777526855469 0.2045
vn 0 0 1
v 0.0977986831665039 0.527201293945313 0.2045
vn 0 0 1
v 0.0842224960327148 0.508515319824219 0.2045
vn 0 0 1
v 0.0825673522949219 0.503421295166016 0.2045
vn 0 0 1
v 0.0786138763427734 0.504480621337891 0.2045
vn 0 0 1
v 0.0754505310058594 0.504314819335937 0.2045
vn 0 0 1
v 0.0724932403564453 0.503179626464844 0.2045
vn 0 0 1
v 0.0700314788818359 0.501186157226562 0.2045
vn 0 0 1
v 0.0683062362670898 0.498529479980469 0.2045
vn 0 0 1
v 0.0674863739013672 0.495469757080078 0.2045
vn 0 0 1
v 0.0676521606445313 0.492306396484375 0.2045
vn 0 0 1
v 0.0687873611450195 0.489349090576172 0.2045
vn 0 0 1
v 0.0707808456420898 0.486887359619141 0.2045
vn 0 0 1
v 0.0734375 0.485162109375 0.2045
vn 0 0 1
v 0.077085075378418 0.484184722900391 0.2045
vn 0 0 1
v 0.077085075378418 0.463451416015625 0.2045
vn 0 0 1
v 0.0842224960327148 0.441484680175781 0.2045
vn 0 0 1
v 0.0977986831665039 0.422798675537109 0.2045
vn 0 0 1
v 0.116484687805176 0.409222503662109 0.2045
vn 0 0 1
v 0.138451416015625 0.402085083007812 0.2045
vn 0 0 1
v 0.15918473815918 0.402085083007812 0.2045
vn 0 0 1
v 0.160162094116211 0.3984375 0.2045
vn 0 0 1
v 0.161887344360352 0.395780853271484 0.2045
vn 0 0 1
v 0.164349105834961 0.393787353515625 0.2045
vn 0 0 1
v 0.167306396484375 0.392652160644531 0.2045
vn 0 0 1
v 0.170469741821289 0.392486389160156 0.2045
vn 0 0 1
v 0.173529495239258 0.393306243896484 0.2045
vn 0 0 1
v 0.176186141967773 0.395031494140625 0.2045
vn 0 0 1
v 0.178179626464844 0.397493225097656 0.2045
vn 0 0 1
v 0.179314834594727 0.400450531005859 0.2045
vn 0 0 1
v 0.0969544830322266 0.528045532226562 0.182
vn -0.807908236980438 0.586979687213898 0.0523359552025795
v 0.0831587524414062 0.509057312011719 0.182
vn -0.807908236980438 0.586979687213898 0.0523359552025795
v 0.0842224960327148 0.508515319824219 0.2045
vn -0.807908236980438 0.586979687213898 0.0523359552025795
v 0.0977986831665039 0.527201293945313 0.2045
vn -0.807908236980438 0.586979687213898 0.0523359552025795
v 0.090628173828125 0.431999328613281 0.197
vn -0.70710676908493 0.70710676908493 0
v 0.0900653762817383 0.4314365234375 0.182
vn -0.70710676908493 0.70710676908493 0
v 0.0849826431274414 0.426353790283203 0.180031112670898
vn -0.70710676908493 0.70710676908493 0
v 0.0849826431274414 0.426353790283203 0.197
vn -0.70710676908493 0.70710676908493 0
v 0.104975616455078 0.387115386962891 0.197
vn 1 -3.55219889452681E-15 0
v 0.104975616455078 0.387115386962891 0.175490997314453
vn 1 -3.55219889452681E-15 0
v 0.104975616455078 0.398835845947266 0.178120590209961
vn 1 -3.55219889452681E-15 0
v 0.104975616455078 0.398835845947266 0.197
vn 1 -3.55219889452681E-15 0
v 0.0738358383178711 0.429975616455078 0.197
vn -2.3681325963512E-15 1 0
v 0.0738358383178711 0.429975616455078 0.178120590209961
vn -2.3681325963512E-15 1 0
v 0.0621153907775879 0.429975616455078 0.175490997314453
vn -2.3681325963512E-15 1 0
v 0.0621153907775879 0.429975616455078 0.197
vn -2.3681325963512E-15 1 0
v 0.106999320983887 0.415628173828125 0.197
vn -0.586979687213898 -0.807908236980438 0.0523359552025795
v 0.1064365234375 0.415065368652344 0.182
vn -0.586979687213898 -0.807908236980438 0.0523359552025795
v 0.115942680358887 0.408158752441406 0.182
vn -0.586979687213898 -0.807908236980438 0.0523359552025795
v 0.116484687805176 0.409222503662109 0.2045
vn -0.586979687213898 -0.807908236980438 0.0523359552025795
v 0.0977986831665039 0.422798675537109 0.2045
vn -0.586979687213898 -0.807908236980438 0.0523359552025795
v 0.0975172805786133 0.422517272949219 0.197
vn -0.586979687213898 -0.807908236980438 0.0523359552025795
v 0.0900653762817383 0.4314365234375 0.182
vn -0.807908236980438 -0.586979687213898 0.0523359552025795
v 0.090628173828125 0.431999328613281 0.197
vn -0.807908236980438 -0.586979687213898 0.0523359552025795
v 0.0975172805786133 0.422517272949219 0.197
vn -0.807908236980438 -0.586979687213898 0.0523359552025795
v 0.0977986831665039 0.422798675537109 0.2045
vn -0.807908236980438 -0.586979687213898 0.0523359552025795
v 0.0842224960327148 0.441484680175781 0.2045
vn -0.807908236980438 -0.586979687213898 0.0523359552025795
v 0.0831587524414062 0.440942687988281 0.182
vn -0.807908236980438 -0.586979687213898 0.0523359552025795
v 0.101353797912598 0.409982635498047 0.197
vn 0.70710676908493 -0.70710676908493 0
v 0.101353797912598 0.409982635498047 0.180031112670898
vn 0.70710676908493 -0.70710676908493 0
v 0.1064365234375 0.415065368652344 0.182
vn 0.70710676908493 -0.70710676908493 0
v 0.106999320983887 0.415628173828125 0.197
vn 0.70710676908493 -0.70710676908493 0
v 0.104975616455078 0.398835845947266 0.197
vn 0.95105654001236 0.30901700258255 0
v 0.104975616455078 0.398835845947266 0.178120590209961
vn 0.95105654001236 0.30901700258255 0
v 0.101353797912598 0.409982635498047 0.180031112670898
vn 0.95105654001236 0.30901700258255 0
v 0.101353797912598 0.409982635498047 0.197
vn 0.95105654001236 0.30901700258255 0
v 0.0849826431274414 0.426353790283203 0.197
vn 0.30901700258255 0.95105654001236 0
v 0.0849826431274414 0.426353790283203 0.180031112670898
vn 0.30901700258255 0.95105654001236 0
v 0.0738358383178711 0.429975616455078 0.178120590209961
vn 0.30901700258255 0.95105654001236 0
v 0.0738358383178711 0.429975616455078 0.197
vn 0.30901700258255 0.95105654001236 0
v 0.0229390983581543 0.392467010498047 0.311
vn 0.156434461474419 0.987688362598419 0
v 0.00150757598876953 0.395861450195312 0.311
vn 0.156434461474419 0.987688362598419 0
v 0.00150757598876953 0.395861450195312 0.341
vn 0.156434461474419 0.987688362598419 0
v 0.0229390983581543 0.392467010498047 0.341
vn 0.156434461474419 0.987688362598419 0
v -0.0788959426879883 0.290631988525391 0.311
vn -0.891006529331207 -0.453990489244461 0
v -0.0690449523925781 0.271298309326172 0.311
vn -0.891006529331207 -0.453990489244461 0
v -0.0690449523925781 0.271298309326172 0.341
vn -0.891006529331207 -0.453990489244461 0
v -0.0788959426879883 0.290631988525391 0.341
vn -0.891006529331207 -0.453990489244461 0
v -0.0537016754150391 0.255955047607422 0.311
vn -0.453990489244461 -0.891006529331207 0
v -0.0343680229187012 0.246104064941406 0.311
vn -0.453990489244461 -0.891006529331207 0
v -0.0343680229187012 0.246104064941406 0.341
vn -0.453990489244461 -0.891006529331207 0
v -0.0537016754150391 0.255955047607422 0.341
vn -0.453990489244461 -0.891006529331207 0
v -0.0129364995956421 0.24270964050293 0.311
vn 0.156434461474419 -0.987688362598419 0
v -0.00460291910171509 0.244029541015625 0.311
vn 0.156434461474419 -0.987688362598419 0
v -0.00460291910171509 0.244029541015625 0.341
vn 0.156434461474419 -0.987688362598419 0
v -0.0129364995956421 0.24270964050293 0.341
vn 0.156434461474419 -0.987688362598419 0
v 0.0695415267944336 0.318173980712891 0.311
vn 0.987688362598419 -0.156434461474419 0
v 0.0708614349365234 0.326507568359375 0.311
vn 0.987688362598419 -0.156434461474419 0
v 0.0708614349365234 0.326507568359375 0.341
vn 0.987688362598419 -0.156434461474419 0
v 0.0695415267944336 0.318173980712891 0.341
vn 0.987688362598419 -0.156434461474419 0
v -0.0690449523925781 0.271298309326172 0.311
vn -0.70710676908493 -0.70710676908493 0
v -0.0537016754150391 0.255955047607422 0.311
vn -0.70710676908493 -0.70710676908493 0
v -0.0537016754150391 0.255955047607422 0.341
vn -0.70710676908493 -0.70710676908493 0
v -0.0690449523925781 0.271298309326172 0.341
vn -0.70710676908493 -0.70710676908493 0
v -0.00682600498199463 0.394541534423828 0.311
vn -0.70710676908493 0.70710676908493 0
v -0.0809704513549805 0.320397094726563 0.311
vn -0.70710676908493 0.70710676908493 0
v -0.0809704513549805 0.320397094726563 0.341
vn -0.70710676908493 0.70710676908493 0
v -0.00682600498199463 0.394541534423828 0.341
vn -0.70710676908493 0.70710676908493 0
v -0.0822903594970703 0.312063507080078 0.311
vn -0.987688362598419 -0.156434461474419 0
v -0.0788959426879883 0.290631988525391 0.311
vn -0.987688362598419 -0.156434461474419 0
v -0.0788959426879883 0.290631988525391 0.341
vn -0.987688362598419 -0.156434461474419 0
v -0.0822903594970703 0.312063507080078 0.341
vn -0.987688362598419 -0.156434461474419 0
v 0.0674670181274414 0.347939086914063 0.311
vn 0.891006529331207 0.453990489244461 0
v 0.0576160278320313 0.367272766113281 0.311
vn 0.891006529331207 0.453990489244461 0
v 0.0576160278320313 0.367272766113281 0.341
vn 0.891006529331207 0.453990489244461 0
v 0.0674670181274414 0.347939086914063 0.341
vn 0.891006529331207 0.453990489244461 0
v 0.0422727508544922 0.382616027832031 0.311
vn 0.453990489244461 0.891006529331207 0
v 0.0229390983581543 0.392467010498047 0.311
vn 0.453990489244461 0.891006529331207 0
v 0.0229390983581543 0.392467010498047 0.341
vn 0.453990489244461 0.891006529331207 0
v 0.0422727508544922 0.382616027832031 0.341
vn 0.453990489244461 0.891006529331207 0
v 0.00150757598876953 0.395861450195312 0.311
vn -0.156434461474419 0.987688362598419 0
v -0.00682600498199463 0.394541534423828 0.311
vn -0.156434461474419 0.987688362598419 0
v -0.00682600498199463 0.394541534423828 0.341
vn -0.156434461474419 0.987688362598419 0
v 0.00150757598876953 0.395861450195312 0.341
vn -0.156434461474419 0.987688362598419 0
v -0.0809704513549805 0.320397094726563 0.311
vn -0.987688362598419 0.156434461474419 0
v -0.0822903594970703 0.312063507080078 0.311
vn -0.987688362598419 0.156434461474419 0
v -0.0822903594970703 0.312063507080078 0.341
vn -0.987688362598419 0.156434461474419 0
v -0.0809704513549805 0.320397094726563 0.341
vn -0.987688362598419 0.156434461474419 0
v -0.0343680229187012 0.246104064941406 0.311
vn -0.156434461474419 -0.987688362598419 0
v -0.0129364995956421 0.24270964050293 0.311
vn -0.156434461474419 -0.987688362598419 0
v -0.0129364995956421 0.24270964050293 0.341
vn -0.156434461474419 -0.987688362598419 0
v -0.0343680229187012 0.246104064941406 0.341
vn -0.156434461474419 -0.987688362598419 0
v -0.00460291910171509 0.244029541015625 0.311
vn 0.70710676908493 -0.70710676908493 0
v 0.0695415267944336 0.318173980712891 0.311
vn 0.70710676908493 -0.70710676908493 0
v 0.0695415267944336 0.318173980712891 0.341
vn 0.70710676908493 -0.70710676908493 0
v -0.00460291910171509 0.244029541015625 0.341
vn 0.70710676908493 -0.70710676908493 0
v 0.0708614349365234 0.326507568359375 0.311
vn 0.987688362598419 0.156434461474419 0
v 0.0674670181274414 0.347939086914063 0.311
vn 0.987688362598419 0.156434461474419 0
v 0.0674670181274414 0.347939086914063 0.341
vn 0.987688362598419 0.156434461474419 0
v 0.0708614349365234 0.326507568359375 0.341
vn 0.987688362598419 0.156434461474419 0
v 0.0576160278320313 0.367272766113281 0.311
vn 0.70710676908493 0.70710676908493 0
v 0.0422727508544922 0.382616027832031 0.311
vn 0.70710676908493 0.70710676908493 0
v 0.0422727508544922 0.382616027832031 0.341
vn 0.70710676908493 0.70710676908493 0
v 0.0576160278320313 0.367272766113281 0.341
vn 0.70710676908493 0.70710676908493 0
v 0.203045516967773 0.421954498291016 0.182
vn 0.807908236980438 -0.586979687213898 0.0523359552025795
v 0.216841247558594 0.440942687988281 0.182
vn 0.807908236980438 -0.586979687213898 0.0523359552025795
v 0.215777496337891 0.441484680175781 0.2045
vn 0.807908236980438 -0.586979687213898 0.0523359552025795
v 0.202201324462891 0.422798675537109 0.2045
vn 0.807908236980438 -0.586979687213898 0.0523359552025795
v -0.199540588378906 0.429 -0.129540588378906
vn 0 1 0
v -0.212294738769531 0.429 -0.111985992431641
vn 0 1 0
v -0.219 0.429 -0.0913493347167969
vn 0 1 0
v -0.219 0.429 -0.0696506652832031
vn 0 1 0
v -0.212294738769531 0.429 -0.0490140075683594
vn 0 1 0
v -0.199540588378906 0.429 -0.031459415435791
vn 0 1 0
v -0.192714538574219 0.429 -0.0265
vn 0 1 0
v -0.0872854614257813 0.429 -0.0265
vn 0 1 0
v -0.0804594116210938 0.429 -0.031459415435791
vn 0 1 0
v -0.0677052536010742 0.429 -0.0490140075683594
vn 0 1 0
v -0.061 0.429 -0.0696506652832031
vn 0 1 0
v -0.061 0.429 -0.0913493347167969
vn 0 1 0
v -0.0677052536010742 0.429 -0.111985992431641
vn 0 1 0
v -0.0804594116210938 0.429 -0.129540588378906
vn 0 1 0
v -0.0872854614257813 0.429 -0.1345
vn 0 1 0
v -0.192714538574219 0.429 -0.1345
vn 0 1 0
v 0.115942680358887 0.541841247558594 0.182
vn -0.586979687213898 0.807908236980438 0.0523359552025795
v 0.0969544830322266 0.528045532226562 0.182
vn -0.586979687213898 0.807908236980438 0.0523359552025795
v 0.0977986831665039 0.527201293945313 0.2045
vn -0.586979687213898 0.807908236980438 0.0523359552025795
v 0.116484687805176 0.540777526855469 0.2045
vn -0.586979687213898 0.807908236980438 0.0523359552025795
v 0.1382646484375 0.549094116210938 0.182
vn -0.308593511581421 0.949753105640411 0.0523359552025795
v 0.115942680358887 0.541841247558594 0.182
vn -0.308593511581421 0.949753105640411 0.0523359552025795
v 0.116484687805176 0.540777526855469 0.2045
vn -0.308593511581421 0.949753105640411 0.0523359552025795
v 0.138451416015625 0.547914916992188 0.2045
vn -0.308593511581421 0.949753105640411 0.0523359552025795
v 0.1617353515625 0.549094116210938 0.182
vn 0 0.998629510402679 0.0523359552025795
v 0.1382646484375 0.549094116210938 0.182
vn 0 0.998629510402679 0.0523359552025795
v 0.138451416015625 0.547914916992188 0.2045
vn 0 0.998629510402679 0.0523359552025795
v 0.161548583984375 0.547914916992188 0.2045
vn 0 0.998629510402679 0.0523359552025795
v 0.216841247558594 0.509057312011719 0.182
vn 0.807908236980438 0.586979687213898 0.0523359552025795
v 0.208996643066406 0.5198544921875 0.182
vn 0.807908236980438 0.586979687213898 0.0523359552025795
v 0.208152435302734 0.519010314941406 0.2045
vn 0.807908236980438 0.586979687213898 0.0523359552025795
v 0.215777496337891 0.508515319824219 0.2045
vn 0.807908236980438 0.586979687213898 0.0523359552025795
v 0.211224029541016 0.522081909179688 0.2045
vn 0.891006529331207 -0.453990489244461 0
v 0.211224029541016 0.522081909179688 0.181137176513672
vn 0.891006529331207 -0.453990489244461 0
v 0.212662124633789 0.524904296875 0.180354446411133
vn 0.891006529331207 -0.453990489244461 0
v 0.212662124633789 0.524904296875 0.2045
vn 0.891006529331207 -0.453990489244461 0
v 0.212662124633789 0.524904296875 0.2045
vn 0.987688362598419 -0.156434461474419 0
v 0.212662124633789 0.524904296875 0.180354446411133
vn 0.987688362598419 -0.156434461474419 0
v 0.213157653808594 0.528033020019531 0.179733276367188
vn 0.987688362598419 -0.156434461474419 0
v 0.213157653808594 0.528033020019531 0.2045
vn 0.987688362598419 -0.156434461474419 0
v 0.213157653808594 0.528033020019531 0.2045
vn 0.987688362598419 0.156434461474419 0
v 0.213157653808594 0.528033020019531 0.179733276367188
vn 0.987688362598419 0.156434461474419 0
v 0.212662124633789 0.531161682128906 0.179334457397461
vn 0.987688362598419 0.156434461474419 0
v 0.212662124633789 0.531161682128906 0.2045
vn 0.987688362598419 0.156434461474419 0
v 0.208152435302734 0.519010314941406 0.2045
vn 0.70710676908493 -0.70710676908493 0
v 0.208996643066406 0.5198544921875 0.182
vn 0.70710676908493 -0.70710676908493 0
v 0.211224029541016 0.522081909179688 0.181137176513672
vn 0.70710676908493 -0.70710676908493 0
v 0.211224029541016 0.522081909179688 0.2045
vn 0.70710676908493 -0.70710676908493 0
v 0.212662124633789 0.531161682128906 0.2045
vn 0.891006529331207 0.453990489244461 0
v 0.212662124633789 0.531161682128906 0.179334457397461
vn 0.891006529331207 0.453990489244461 0
v 0.211224029541016 0.533984130859375 0.179197036743164
vn 0.891006529331207 0.453990489244461 0
v 0.211224029541016 0.533984130859375 0.2045
vn 0.891006529331207 0.453990489244461 0
v 0.211224029541016 0.533984130859375 0.2045
vn 0.70710676908493 0.70710676908493 0
v 0.211224029541016 0.533984130859375 0.179197036743164
vn 0.70710676908493 0.70710676908493 0
v 0.210104080200195 0.535104064941406 0.179265747070313
vn 0.70710676908493 0.70710676908493 0
v 0.208984130859375 0.536223999023438 0.179197036743164
vn 0.70710676908493 0.70710676908493 0
v 0.208984130859375 0.536223999023438 0.2045
vn 0.70710676908493 0.70710676908493 0
v 0.224094100952148 0.4867353515625 0.182
vn 0.949753105640411 0.308593511581421 0.0523359552025795
v 0.216841247558594 0.509057312011719 0.182
vn 0.949753105640411 0.308593511581421 0.0523359552025795
v 0.215777496337891 0.508515319824219 0.2045
vn 0.949753105640411 0.308593511581421 0.0523359552025795
v 0.222914916992188 0.486548583984375 0.2045
vn 0.949753105640411 0.308593511581421 0.0523359552025795
v 0.224094100952148 0.4632646484375 0.182
vn 0.998629510402679 0 0.0523359552025795
v 0.224094100952148 0.4867353515625 0.182
vn 0.998629510402679 0 0.0523359552025795
v 0.222914916992188 0.486548583984375 0.2045
vn 0.998629510402679 0 0.0523359552025795
v 0.222914916992188 0.463451416015625 0.2045
vn 0.998629510402679 0 0.0523359552025795
v 0.184057312011719 0.541841247558594 0.182
vn 0.308593511581421 0.949753105640411 0.0523359552025795
v 0.1617353515625 0.549094116210938 0.182
vn 0.308593511581421 0.949753105640411 0.0523359552025795
v 0.161548583984375 0.547914916992188 0.2045
vn 0.308593511581421 0.949753105640411 0.0523359552025795
v 0.18351530456543 0.540777526855469 0.2045
vn 0.308593511581421 0.949753105640411 0.0523359552025795
v 0.203033004760742 0.538157653808594 0.2045
vn -0.156434461474419 0.987688362598419 0
v 0.203033004760742 0.538157653808594 0.179733276367188
vn -0.156434461474419 0.987688362598419 0
v 0.199904312133789 0.537662109375 0.180354446411133
vn -0.156434461474419 0.987688362598419 0
v 0.199904312133789 0.537662109375 0.2045
vn -0.156434461474419 0.987688362598419 0
v 0.208984130859375 0.536223999023438 0.2045
vn 0.453990489244461 0.891006529331207 0
v 0.208984130859375 0.536223999023438 0.179197036743164
vn 0.453990489244461 0.891006529331207 0
v 0.206161697387695 0.537662109375 0.179334457397461
vn 0.453990489244461 0.891006529331207 0
v 0.206161697387695 0.537662109375 0.2045
vn 0.453990489244461 0.891006529331207 0
v 0.206161697387695 0.537662109375 0.2045
vn 0.156434461474419 0.987688362598419 0
v 0.206161697387695 0.537662109375 0.179334457397461
vn 0.156434461474419 0.987688362598419 0
v 0.203033004760742 0.538157653808594 0.179733276367188
vn 0.156434461474419 0.987688362598419 0
v 0.203033004760742 0.538157653808594 0.2045
vn 0.156434461474419 0.987688362598419 0
v 0.199904312133789 0.537662109375 0.2045
vn -0.453990489244461 0.891006529331207 0
v 0.199904312133789 0.537662109375 0.180354446411133
vn -0.453990489244461 0.891006529331207 0
v 0.197081893920898 0.536223999023438 0.181137176513672
vn -0.453990489244461 0.891006529331207 0
v 0.197081893920898 0.536223999023438 0.2045
vn -0.453990489244461 0.891006529331207 0
v 0.18351530456543 0.540777526855469 0.2045
vn 0.586979687213898 0.807908236980438 0.0523359552025795
v 0.194010299682617 0.533152465820313 0.2045
vn 0.586979687213898 0.807908236980438 0.0523359552025795
v 0.194854507446289 0.533996643066406 0.182
vn 0.586979687213898 0.807908236980438 0.0523359552025795
v 0.184057312011719 0.541841247558594 0.182
vn 0.586979687213898 0.807908236980438 0.0523359552025795
v 0.197081893920898 0.536223999023438 0.2045
vn -0.70710676908493 0.70710676908493 0
v 0.197081893920898 0.536223999023438 0.181137176513672
vn -0.70710676908493 0.70710676908493 0
v 0.194854507446289 0.533996643066406 0.182
vn -0.70710676908493 0.70710676908493 0
v 0.194010299682617 0.533152465820313 0.2045
vn -0.70710676908493 0.70710676908493 0
v 0.216841247558594 0.440942687988281 0.182
vn 0.949753105640411 -0.308593511581421 0.0523359552025795
v 0.224094100952148 0.4632646484375 0.182
vn 0.949753105640411 -0.308593511581421 0.0523359552025795
v 0.222914916992188 0.463451416015625 0.2045
vn 0.949753105640411 -0.308593511581421 0.0523359552025795
v 0.215777496337891 0.441484680175781 0.2045
vn 0.949753105640411 -0.308593511581421 0.0523359552025795
v 0.20076286315918 0.531478576660156 0.2045
vn 0.587785243988037 -0.80901700258255 0
v 0.199737777709961 0.530733825683594 0.2045
vn 0.587785243988037 -0.80901700258255 0
v 0.199737777709961 0.530733825683594 0.1885
vn 0.587785243988037 -0.80901700258255 0
v 0.20076286315918 0.531478576660156 0.1885
vn 0.587785243988037 -0.80901700258255 0
v 0.0810090713500977 0.4950712890625 0.2045
vn -0.80901700258255 -0.587785243988037 0
v 0.0802643051147461 0.496096374511719 0.2045
vn -0.80901700258255 -0.587785243988037 0
v 0.0802643051147461 0.496096374511719 0.1885
vn -0.80901700258255 -0.587785243988037 0
v 0.0810090713500977 0.4950712890625 0.1885
vn -0.80901700258255 -0.587785243988037 0
v 0.0792392196655273 0.496841156005859 0.2045
vn -0.30901700258255 -0.95105654001236 0
v 0.0780341567993164 0.497232696533203 0.2045
vn -0.30901700258255 -0.95105654001236 0
v 0.0780341567993164 0.497232696533203 0.1885
vn -0.30901700258255 -0.95105654001236 0
v 0.0792392196655273 0.496841156005859 0.1885
vn -0.30901700258255 -0.95105654001236 0
v 0.205465133666992 0.525006408691406 0.2045
vn -0.80901700258255 0.587785243988037 0
v 0.206209915161133 0.526031494140625 0.2045
vn -0.80901700258255 0.587785243988037 0
v 0.206209915161133 0.526031494140625 0.1885
vn -0.80901700258255 0.587785243988037 0
v 0.205465133666992 0.525006408691406 0.1885
vn -0.80901700258255 0.587785243988037 0
v 0.206601455688477 0.527236572265625 0.2045
vn -1 0 0
v 0.206601455688477 0.528503662109375 0.2045
vn -1 0 0
v 0.206601455688477 0.528503662109375 0.1885
vn -1 0 0
v 0.206601455688477 0.527236572265625 0.1885
vn -1 0 0
v 0.0802643051147461 0.490369018554688 0.2045
vn -0.80901700258255 0.587785243988037 0
v 0.0810090713500977 0.491394104003906 0.2045
vn -0.80901700258255 0.587785243988037 0
v 0.0810090713500977 0.491394104003906 0.1885
vn -0.80901700258255 0.587785243988037 0
v 0.0802643051147461 0.490369018554688 0.1885
vn -0.80901700258255 0.587785243988037 0
v 0.0814006195068359 0.492599151611328 0.2045
vn -1 0 0
v 0.0814006195068359 0.493866241455078 0.2045
vn -1 0 0
v 0.0814006195068359 0.493866241455078 0.1885
vn -1 0 0
v 0.0814006195068359 0.492599151611328 0.1885
vn -1 0 0
v 0.170631454467773 0.406124298095703 0.2045
vn 0 -1 0
v 0.169364379882812 0.406124298095703 0.2045
vn 0 -1 0
v 0.169364379882812 0.406124298095703 0.1885
vn 0 -1 0
v 0.170631454467773 0.406124298095703 0.1885
vn 0 -1 0
v 0.20076286315918 0.524261657714844 0.2045
vn 0.30901700258255 0.95105654001236 0
v 0.201967926025391 0.5238701171875 0.2045
vn 0.30901700258255 0.95105654001236 0
v 0.201967926025391 0.5238701171875 0.1885
vn 0.30901700258255 0.95105654001236 0
v 0.20076286315918 0.524261657714844 0.1885
vn 0.30901700258255 0.95105654001236 0
v 0.203235000610352 0.5238701171875 0.2045
vn -0.30901700258255 0.95105654001236 0
v 0.204440048217773 0.524261657714844 0.2045
vn -0.30901700258255 0.95105654001236 0
v 0.204440048217773 0.524261657714844 0.1885
vn -0.30901700258255 0.95105654001236 0
v 0.203235000610352 0.5238701171875 0.1885
vn -0.30901700258255 0.95105654001236 0
v 0.0780341567993164 0.489232696533203 0.2045
vn -0.30901700258255 0.95105654001236 0
v 0.0792392196655273 0.489624237060547 0.2045
vn -0.30901700258255 0.95105654001236 0
v 0.0792392196655273 0.489624237060547 0.1885
vn -0.30901700258255 0.95105654001236 0
v 0.0780341567993164 0.489232696533203 0.1885
vn -0.30901700258255 0.95105654001236 0
v 0.172861602783203 0.404987976074219 0.2045
vn -0.587785243988037 -0.80901700258255 0
v 0.171836517333984 0.405732757568359 0.2045
vn -0.587785243988037 -0.80901700258255 0
v 0.171836517333984 0.405732757568359 0.1885
vn -0.587785243988037 -0.80901700258255 0
v 0.172861602783203 0.404987976074219 0.1885
vn -0.587785243988037 -0.80901700258255 0
v 0.198993011474609 0.526031494140625 0.2045
vn 0.80901700258255 0.587785243988037 0
v 0.199737777709961 0.525006408691406 0.2045
vn 0.80901700258255 0.587785243988037 0
v 0.199737777709961 0.525006408691406 0.1885
vn 0.80901700258255 0.587785243988037 0
v 0.198993011474609 0.526031494140625 0.1885
vn 0.80901700258255 0.587785243988037 0
v 0.205465133666992 0.530733825683594 0.2045
vn -0.587785243988037 -0.80901700258255 0
v 0.204440048217773 0.531478576660156 0.2045
vn -0.587785243988037 -0.80901700258255 0
v 0.204440048217773 0.531478576660156 0.1885
vn -0.587785243988037 -0.80901700258255 0
v 0.205465133666992 0.530733825683594 0.1885
vn -0.587785243988037 -0.80901700258255 0
v 0.203235000610352 0.5318701171875 0.2045
vn 0 -1 0
v 0.201967926025391 0.5318701171875 0.2045
vn 0 -1 0
v 0.201967926025391 0.5318701171875 0.1885
vn 0 -1 0
v 0.203235000610352 0.5318701171875 0.1885
vn 0 -1 0
v 0.0802643051147461 0.496096374511719 0.2045
vn -0.587785243988037 -0.80901700258255 0
v 0.0792392196655273 0.496841156005859 0.2045
vn -0.587785243988037 -0.80901700258255 0
v 0.0792392196655273 0.496841156005859 0.1885
vn -0.587785243988037 -0.80901700258255 0
v 0.0802643051147461 0.496096374511719 0.1885
vn -0.587785243988037 -0.80901700258255 0
v 0.206209915161133 0.526031494140625 0.2045
vn -0.95105654001236 0.30901700258255 0
v 0.206601455688477 0.527236572265625 0.2045
vn -0.95105654001236 0.30901700258255 0
v 0.206601455688477 0.527236572265625 0.1885
vn -0.95105654001236 0.30901700258255 0
v 0.206209915161133 0.526031494140625 0.1885
vn -0.95105654001236 0.30901700258255 0
v 0.206601455688477 0.528503662109375 0.2045
vn -0.95105654001236 -0.30901700258255 0
v 0.206209915161133 0.529708740234375 0.2045
vn -0.95105654001236 -0.30901700258255 0
v 0.206209915161133 0.529708740234375 0.1885
vn -0.95105654001236 -0.30901700258255 0
v 0.206601455688477 0.528503662109375 0.1885
vn -0.95105654001236 -0.30901700258255 0
v 0.0814006195068359 0.493866241455078 0.2045
vn -0.95105654001236 -0.30901700258255 0
v 0.0810090713500977 0.4950712890625 0.2045
vn -0.95105654001236 -0.30901700258255 0
v 0.0810090713500977 0.4950712890625 0.1885
vn -0.95105654001236 -0.30901700258255 0
v 0.0814006195068359 0.493866241455078 0.1885
vn -0.95105654001236 -0.30901700258255 0
v 0.168159317016602 0.405732757568359 0.2045
vn 0.587785243988037 -0.80901700258255 0
v 0.167134231567383 0.404987976074219 0.2045
vn 0.587785243988037 -0.80901700258255 0
v 0.167134231567383 0.404987976074219 0.1885
vn 0.587785243988037 -0.80901700258255 0
v 0.168159317016602 0.405732757568359 0.1885
vn 0.587785243988037 -0.80901700258255 0
v 0.204440048217773 0.524261657714844 0.2045
vn -0.587785243988037 0.80901700258255 0
v 0.205465133666992 0.525006408691406 0.2045
vn -0.587785243988037 0.80901700258255 0
v 0.205465133666992 0.525006408691406 0.1885
vn -0.587785243988037 0.80901700258255 0
v 0.204440048217773 0.524261657714844 0.1885
vn -0.587785243988037 0.80901700258255 0
v 0.166389465332031 0.403962890625 0.2045
vn 0.95105654001236 -0.30901700258255 0
v 0.165997924804688 0.402757843017578 0.2045
vn 0.95105654001236 -0.30901700258255 0
v 0.165997924804688 0.402757843017578 0.1885
vn 0.95105654001236 -0.30901700258255 0
v 0.166389465332031 0.403962890625 0.1885
vn 0.95105654001236 -0.30901700258255 0
v 0.165997924804688 0.401490753173828 0.2045
vn 0.95105654001236 0.30901700258255 0
v 0.166389465332031 0.400285705566406 0.2045
vn 0.95105654001236 0.30901700258255 0
v 0.166389465332031 0.400285705566406 0.1885
vn 0.95105654001236 0.30901700258255 0
v 0.165997924804688 0.401490753173828 0.1885
vn 0.95105654001236 0.30901700258255 0
v 0.204440048217773 0.531478576660156 0.2045
vn -0.30901700258255 -0.95105654001236 0
v 0.203235000610352 0.5318701171875 0.2045
vn -0.30901700258255 -0.95105654001236 0
v 0.203235000610352 0.5318701171875 0.1885
vn -0.30901700258255 -0.95105654001236 0
v 0.204440048217773 0.531478576660156 0.1885
vn -0.30901700258255 -0.95105654001236 0
v 0.0737921676635742 0.4950712890625 0.2045
vn 0.95105654001236 -0.30901700258255 0
v 0.0734006195068359 0.493866241455078 0.2045
vn 0.95105654001236 -0.30901700258255 0
v 0.0734006195068359 0.493866241455078 0.1885
vn 0.95105654001236 -0.30901700258255 0
v 0.0737921676635742 0.4950712890625 0.1885
vn 0.95105654001236 -0.30901700258255 0
v 0.170631454467773 0.398124298095703 0.2045
vn -0.30901700258255 0.95105654001236 0
v 0.171836517333984 0.398515838623047 0.2045
vn -0.30901700258255 0.95105654001236 0
v 0.171836517333984 0.398515838623047 0.1885
vn -0.30901700258255 0.95105654001236 0
v 0.170631454467773 0.398124298095703 0.1885
vn -0.30901700258255 0.95105654001236 0
v 0.206209915161133 0.529708740234375 0.2045
vn -0.80901700258255 -0.587785243988037 0
v 0.205465133666992 0.530733825683594 0.2045
vn -0.80901700258255 -0.587785243988037 0
v 0.205465133666992 0.530733825683594 0.1885
vn -0.80901700258255 -0.587785243988037 0
v 0.206209915161133 0.529708740234375 0.1885
vn -0.80901700258255 -0.587785243988037 0
v 0.0755620193481445 0.496841156005859 0.2045
vn 0.587785243988037 -0.80901700258255 0
v 0.0745369338989258 0.496096374511719 0.2045
vn 0.587785243988037 -0.80901700258255 0
v 0.0745369338989258 0.496096374511719 0.1885
vn 0.587785243988037 -0.80901700258255 0
v 0.0755620193481445 0.496841156005859 0.1885
vn 0.587785243988037 -0.80901700258255 0
v 0.0780341567993164 0.497232696533203 0.2045
vn 0 -1 0
v 0.0767670822143555 0.497232696533203 0.2045
vn 0 -1 0
v 0.0767670822143555 0.497232696533203 0.1885
vn 0 -1 0
v 0.0780341567993164 0.497232696533203 0.1885
vn 0 -1 0
v 0.168159317016602 0.398515838623047 0.2045
vn 0.30901700258255 0.95105654001236 0
v 0.169364379882812 0.398124298095703 0.2045
vn 0.30901700258255 0.95105654001236 0
v 0.169364379882812 0.398124298095703 0.1885
vn 0.30901700258255 0.95105654001236 0
v 0.168159317016602 0.398515838623047 0.1885
vn 0.30901700258255 0.95105654001236 0
v 0.165997924804688 0.402757843017578 0.2045
vn 1 0 0
v 0.165997924804688 0.401490753173828 0.2045
vn 1 0 0
v 0.165997924804688 0.401490753173828 0.1885
vn 1 0 0
v 0.165997924804688 0.402757843017578 0.1885
vn 1 0 0
v 0.166389465332031 0.400285705566406 0.2045
vn 0.80901700258255 0.587785243988037 0
v 0.167134231567383 0.399260620117187 0.2045
vn 0.80901700258255 0.587785243988037 0
v 0.167134231567383 0.399260620117187 0.1885
vn 0.80901700258255 0.587785243988037 0
v 0.166389465332031 0.400285705566406 0.1885
vn 0.80901700258255 0.587785243988037 0
v 0.0737921676635742 0.491394104003906 0.2045
vn 0.80901700258255 0.587785243988037 0
v 0.0745369338989258 0.490369018554688 0.2045
vn 0.80901700258255 0.587785243988037 0
v 0.0745369338989258 0.490369018554688 0.1885
vn 0.80901700258255 0.587785243988037 0
v 0.0737921676635742 0.491394104003906 0.1885
vn 0.80901700258255 0.587785243988037 0
v 0.0755620193481445 0.489624237060547 0.2045
vn 0.30901700258255 0.95105654001236 0
v 0.0767670822143555 0.489232696533203 0.2045
vn 0.30901700258255 0.95105654001236 0
v 0.0767670822143555 0.489232696533203 0.1885
vn 0.30901700258255 0.95105654001236 0
v 0.0755620193481445 0.489624237060547 0.1885
vn 0.30901700258255 0.95105654001236 0
v 0.167134231567383 0.404987976074219 0.2045
vn 0.80901700258255 -0.587785243988037 0
v 0.166389465332031 0.403962890625 0.2045
vn 0.80901700258255 -0.587785243988037 0
v 0.166389465332031 0.403962890625 0.1885
vn 0.80901700258255 -0.587785243988037 0
v 0.167134231567383 0.404987976074219 0.1885
vn 0.80901700258255 -0.587785243988037 0
v 0.173997924804688 0.402757843017578 0.2045
vn -0.95105654001236 -0.30901700258255 0
v 0.173606369018555 0.403962890625 0.2045
vn -0.95105654001236 -0.30901700258255 0
v 0.173606369018555 0.403962890625 0.1885
vn -0.95105654001236 -0.30901700258255 0
v 0.173997924804688 0.402757843017578 0.1885
vn -0.95105654001236 -0.30901700258255 0
v 0.199737777709961 0.530733825683594 0.2045
vn 0.80901700258255 -0.587785243988037 0
v 0.198993011474609 0.529708740234375 0.2045
vn 0.80901700258255 -0.587785243988037 0
v 0.198993011474609 0.529708740234375 0.1885
vn 0.80901700258255 -0.587785243988037 0
v 0.199737777709961 0.530733825683594 0.1885
vn 0.80901700258255 -0.587785243988037 0
v 0.198601455688477 0.528503662109375 0.2045
vn 1 0 0
v 0.198601455688477 0.527236572265625 0.2045
vn 1 0 0
v 0.198601455688477 0.527236572265625 0.1885
vn 1 0 0
v 0.198601455688477 0.528503662109375 0.1885
vn 1 0 0
v 0.201967926025391 0.5318701171875 0.2045
vn 0.30901700258255 -0.95105654001236 0
v 0.20076286315918 0.531478576660156 0.2045
vn 0.30901700258255 -0.95105654001236 0
v 0.20076286315918 0.531478576660156 0.1885
vn 0.30901700258255 -0.95105654001236 0
v 0.201967926025391 0.5318701171875 0.1885
vn 0.30901700258255 -0.95105654001236 0
v 0.0734006195068359 0.493866241455078 0.2045
vn 1 0 0
v 0.0734006195068359 0.492599151611328 0.2045
vn 1 0 0
v 0.0734006195068359 0.492599151611328 0.1885
vn 1 0 0
v 0.0734006195068359 0.493866241455078 0.1885
vn 1 0 0
v 0.171836517333984 0.398515838623047 0.2045
vn -0.587785243988037 0.80901700258255 0
v 0.172861602783203 0.399260620117187 0.2045
vn -0.587785243988037 0.80901700258255 0
v 0.172861602783203 0.399260620117187 0.1885
vn -0.587785243988037 0.80901700258255 0
v 0.171836517333984 0.398515838623047 0.1885
vn -0.587785243988037 0.80901700258255 0
v 0.173606369018555 0.400285705566406 0.2045
vn -0.95105654001236 0.30901700258255 0
v 0.173997924804688 0.401490753173828 0.2045
vn -0.95105654001236 0.30901700258255 0
v 0.173997924804688 0.401490753173828 0.1885
vn -0.95105654001236 0.30901700258255 0
v 0.173606369018555 0.400285705566406 0.1885
vn -0.95105654001236 0.30901700258255 0
v 0.0767670822143555 0.497232696533203 0.2045
vn 0.30901700258255 -0.95105654001236 0
v 0.0755620193481445 0.496841156005859 0.2045
vn 0.30901700258255 -0.95105654001236 0
v 0.0755620193481445 0.496841156005859 0.1885
vn 0.30901700258255 -0.95105654001236 0
v 0.0767670822143555 0.497232696533203 0.1885
vn 0.30901700258255 -0.95105654001236 0
v 0.0745369338989258 0.496096374511719 0.2045
vn 0.80901700258255 -0.587785243988037 0
v 0.0737921676635742 0.4950712890625 0.2045
vn 0.80901700258255 -0.587785243988037 0
v 0.0737921676635742 0.4950712890625 0.1885
vn 0.80901700258255 -0.587785243988037 0
v 0.0745369338989258 0.496096374511719 0.1885
vn 0.80901700258255 -0.587785243988037 0
v 0.167134231567383 0.399260620117187 0.2045
vn 0.587785243988037 0.80901700258255 0
v 0.168159317016602 0.398515838623047 0.2045
vn 0.587785243988037 0.80901700258255 0
v 0.168159317016602 0.398515838623047 0.1885
vn 0.587785243988037 0.80901700258255 0
v 0.167134231567383 0.399260620117187 0.1885
vn 0.587785243988037 0.80901700258255 0
v 0.169364379882812 0.398124298095703 0.2045
vn 0 1 0
v 0.170631454467773 0.398124298095703 0.2045
vn 0 1 0
v 0.170631454467773 0.398124298095703 0.1885
vn 0 1 0
v 0.169364379882812 0.398124298095703 0.1885
vn 0 1 0
v 0.169364379882812 0.406124298095703 0.2045
vn 0.30901700258255 -0.95105654001236 0
v 0.168159317016602 0.405732757568359 0.2045
vn 0.30901700258255 -0.95105654001236 0
v 0.168159317016602 0.405732757568359 0.1885
vn 0.30901700258255 -0.95105654001236 0
v 0.169364379882812 0.406124298095703 0.1885
vn 0.30901700258255 -0.95105654001236 0
v 0.0792392196655273 0.489624237060547 0.2045
vn -0.587785243988037 0.80901700258255 0
v 0.0802643051147461 0.490369018554688 0.2045
vn -0.587785243988037 0.80901700258255 0
v 0.0802643051147461 0.490369018554688 0.1885
vn -0.587785243988037 0.80901700258255 0
v 0.0792392196655273 0.489624237060547 0.1885
vn -0.587785243988037 0.80901700258255 0
v 0.0810090713500977 0.491394104003906 0.2045
vn -0.95105654001236 0.30901700258255 0
v 0.0814006195068359 0.492599151611328 0.2045
vn -0.95105654001236 0.30901700258255 0
v 0.0814006195068359 0.492599151611328 0.1885
vn -0.95105654001236 0.30901700258255 0
v 0.0810090713500977 0.491394104003906 0.1885
vn -0.95105654001236 0.30901700258255 0
v 0.171836517333984 0.405732757568359 0.2045
vn -0.30901700258255 -0.95105654001236 0
v 0.170631454467773 0.406124298095703 0.2045
vn -0.30901700258255 -0.95105654001236 0
v 0.170631454467773 0.406124298095703 0.1885
vn -0.30901700258255 -0.95105654001236 0
v 0.171836517333984 0.405732757568359 0.1885
vn -0.30901700258255 -0.95105654001236 0
v 0.199737777709961 0.525006408691406 0.2045
vn 0.587785243988037 0.80901700258255 0
v 0.20076286315918 0.524261657714844 0.2045
vn 0.587785243988037 0.80901700258255 0
v 0.20076286315918 0.524261657714844 0.1885
vn 0.587785243988037 0.80901700258255 0
v 0.199737777709961 0.525006408691406 0.1885
vn 0.587785243988037 0.80901700258255 0
v 0.201967926025391 0.5238701171875 0.2045
vn 0 1 0
v 0.203235000610352 0.5238701171875 0.2045
vn 0 1 0
v 0.203235000610352 0.5238701171875 0.1885
vn 0 1 0
v 0.201967926025391 0.5238701171875 0.1885
vn 0 1 0
v 0.0745369338989258 0.490369018554688 0.2045
vn 0.587785243988037 0.80901700258255 0
v 0.0755620193481445 0.489624237060547 0.2045
vn 0.587785243988037 0.80901700258255 0
v 0.0755620193481445 0.489624237060547 0.1885
vn 0.587785243988037 0.80901700258255 0
v 0.0745369338989258 0.490369018554688 0.1885
vn 0.587785243988037 0.80901700258255 0
v 0.0767670822143555 0.489232696533203 0.2045
vn 1.31431351262437E-13 1 0
v 0.0780341567993164 0.489232696533203 0.2045
vn 1.31431351262437E-13 1 0
v 0.0780341567993164 0.489232696533203 0.1885
vn 1.31431351262437E-13 1 0
v 0.0767670822143555 0.489232696533203 0.1885
vn 1.31431351262437E-13 1 0
v 0.173606369018555 0.403962890625 0.2045
vn -0.80901700258255 -0.587785243988037 0
v 0.172861602783203 0.404987976074219 0.2045
vn -0.80901700258255 -0.587785243988037 0
v 0.172861602783203 0.404987976074219 0.1885
vn -0.80901700258255 -0.587785243988037 0
v 0.173606369018555 0.403962890625 0.1885
vn -0.80901700258255 -0.587785243988037 0
v 0.198993011474609 0.529708740234375 0.2045
vn 0.95105654001236 -0.30901700258255 0
v 0.198601455688477 0.528503662109375 0.2045
vn 0.95105654001236 -0.30901700258255 0
v 0.198601455688477 0.528503662109375 0.1885
vn 0.95105654001236 -0.30901700258255 0
v 0.198993011474609 0.529708740234375 0.1885
vn 0.95105654001236 -0.30901700258255 0
v 0.198601455688477 0.527236572265625 0.2045
vn 0.95105654001236 0.30901700258255 0
v 0.198993011474609 0.526031494140625 0.2045
vn 0.95105654001236 0.30901700258255 0
v 0.198993011474609 0.526031494140625 0.1885
vn 0.95105654001236 0.30901700258255 0
v 0.198601455688477 0.527236572265625 0.1885
vn 0.95105654001236 0.30901700258255 0
v 0.0734006195068359 0.492599151611328 0.2045
vn 0.95105654001236 0.30901700258255 0
v 0.0737921676635742 0.491394104003906 0.2045
vn 0.95105654001236 0.30901700258255 0
v 0.0737921676635742 0.491394104003906 0.1885
vn 0.95105654001236 0.30901700258255 0
v 0.0734006195068359 0.492599151611328 0.1885
vn 0.95105654001236 0.30901700258255 0
v 0.172861602783203 0.399260620117187 0.2045
vn -0.80901700258255 0.587785243988037 0
v 0.173606369018555 0.400285705566406 0.2045
vn -0.80901700258255 0.587785243988037 0
v 0.173606369018555 0.400285705566406 0.1885
vn -0.80901700258255 0.587785243988037 0
v 0.172861602783203 0.399260620117187 0.1885
vn -0.80901700258255 0.587785243988037 0
v 0.173997924804688 0.401490753173828 0.2045
vn -1 -6.57156756312186E-14 0
v 0.173997924804688 0.402757843017578 0.2045
vn -1 -6.57156756312186E-14 0
v 0.173997924804688 0.402757843017578 0.1885
vn -1 -6.57156756312186E-14 0
v 0.173997924804688 0.401490753173828 0.1885
vn -1 -6.57156756312186E-14 0
v -0.0822903594970703 0.312063507080078 0.341
vn 0 0 1
v -0.0788959426879883 0.290631988525391 0.341
vn 0 0 1
v -0.0690449523925781 0.271298309326172 0.341
vn 0 0 1
v -0.0537016754150391 0.255955047607422 0.341
vn 0 0 1
v -0.0343680229187012 0.246104064941406 0.341
vn 0 0 1
v -0.0129364995956421 0.24270964050293 0.341
vn 0 0 1
v -0.00460291910171509 0.244029541015625 0.341
vn 0 0 1
v 0.0695415267944336 0.318173980712891 0.341
vn 0 0 1
v 0.0708614349365234 0.326507568359375 0.341
vn 0 0 1
v 0.0674670181274414 0.347939086914063 0.341
vn 0 0 1
v 0.0576160278320313 0.367272766113281 0.341
vn 0 0 1
v 0.0422727508544922 0.382616027832031 0.341
vn 0 0 1
v 0.0229390983581543 0.392467010498047 0.341
vn 0 0 1
v 0.00150757598876953 0.395861450195312 0.341
vn 0 0 1
v -0.00682600498199463 0.394541534423828 0.341
vn 0 0 1
v -0.0809704513549805 0.320397094726563 0.341
vn 0 0 1
v 0.201967926025391 0.5318701171875 0.1885
vn 0 0 1
v 0.20076286315918 0.531478576660156 0.1885
vn 0 0 1
v 0.199737777709961 0.530733825683594 0.1885
vn 0 0 1
v 0.198993011474609 0.529708740234375 0.1885
vn 0 0 1
v 0.198601455688477 0.528503662109375 0.1885
vn 0 0 1
v 0.198601455688477 0.527236572265625 0.1885
vn 0 0 1
v 0.198993011474609 0.526031494140625 0.1885
vn 0 0 1
v 0.199737777709961 0.525006408691406 0.1885
vn 0 0 1
v 0.20076286315918 0.524261657714844 0.1885
vn 0 0 1
v 0.201967926025391 0.5238701171875 0.1885
vn 0 0 1
v 0.203235000610352 0.5238701171875 0.1885
vn 0 0 1
v 0.204440048217773 0.524261657714844 0.1885
vn 0 0 1
v 0.205465133666992 0.525006408691406 0.1885
vn 0 0 1
v 0.206209915161133 0.526031494140625 0.1885
vn 0 0 1
v 0.206601455688477 0.527236572265625 0.1885
vn 0 0 1
v 0.206601455688477 0.528503662109375 0.1885
vn 0 0 1
v 0.206209915161133 0.529708740234375 0.1885
vn 0 0 1
v 0.205465133666992 0.530733825683594 0.1885
vn 0 0 1
v 0.204440048217773 0.531478576660156 0.1885
vn 0 0 1
v 0.203235000610352 0.5318701171875 0.1885
vn 0 0 1
v 0.0780341567993164 0.497232696533203 0.1885
vn 0 0 1
v 0.0767670822143555 0.497232696533203 0.1885
vn 0 0 1
v 0.0755620193481445 0.496841156005859 0.1885
vn 0 0 1
v 0.0745369338989258 0.496096374511719 0.1885
vn 0 0 1
v 0.0737921676635742 0.4950712890625 0.1885
vn 0 0 1
v 0.0734006195068359 0.493866241455078 0.1885
vn 0 0 1
v 0.0734006195068359 0.492599151611328 0.1885
vn 0 0 1
v 0.0737921676635742 0.491394104003906 0.1885
vn 0 0 1
v 0.0745369338989258 0.490369018554688 0.1885
vn 0 0 1
v 0.0755620193481445 0.489624237060547 0.1885
vn 0 0 1
v 0.0767670822143555 0.489232696533203 0.1885
vn 0 0 1
v 0.0780341567993164 0.489232696533203 0.1885
vn 0 0 1
v 0.0792392196655273 0.489624237060547 0.1885
vn 0 0 1
v 0.0802643051147461 0.490369018554688 0.1885
vn 0 0 1
v 0.0810090713500977 0.491394104003906 0.1885
vn 0 0 1
v 0.0814006195068359 0.492599151611328 0.1885
vn 0 0 1
v 0.0814006195068359 0.493866241455078 0.1885
vn 0 0 1
v 0.0810090713500977 0.4950712890625 0.1885
vn 0 0 1
v 0.0802643051147461 0.496096374511719 0.1885
vn 0 0 1
v 0.0792392196655273 0.496841156005859 0.1885
vn 0 0 1
v 0.168159317016602 0.405732757568359 0.1885
vn 0 0 1
v 0.167134231567383 0.404987976074219 0.1885
vn 0 0 1
v 0.166389465332031 0.403962890625 0.1885
vn 0 0 1
v 0.165997924804688 0.402757843017578 0.1885
vn 0 0 1
v 0.165997924804688 0.401490753173828 0.1885
vn 0 0 1
v 0.166389465332031 0.400285705566406 0.1885
vn 0 0 1
v 0.167134231567383 0.399260620117187 0.1885
vn 0 0 1
v 0.168159317016602 0.398515838623047 0.1885
vn 0 0 1
v 0.169364379882812 0.398124298095703 0.1885
vn 0 0 1
v 0.170631454467773 0.398124298095703 0.1885
vn 0 0 1
v 0.171836517333984 0.398515838623047 0.1885
vn 0 0 1
v 0.172861602783203 0.399260620117187 0.1885
vn 0 0 1
v 0.173606369018555 0.400285705566406 0.1885
vn 0 0 1
v 0.173997924804688 0.401490753173828 0.1885
vn 0 0 1
v 0.173997924804688 0.402757843017578 0.1885
vn 0 0 1
v 0.173606369018555 0.403962890625 0.1885
vn 0 0 1
v 0.172861602783203 0.404987976074219 0.1885
vn 0 0 1
v 0.171836517333984 0.405732757568359 0.1885
vn 0 0 1
v 0.170631454467773 0.406124298095703 0.1885
vn 0 0 1
v 0.169364379882812 0.406124298095703 0.1885
vn 0 0 1
usemtl Mat0
f 8//8 9//9 7//7
f 7//7 9//9 10//10
f 6//6 10//10 11//11
f 5//5 11//11 12//12
f 4//4 12//12 13//13
f 3//3 13//13 14//14
f 2//2 14//14 15//15
f 1//1 15//15 16//16
f 20//20 16//16 17//17
f 19//19 17//17 18//18
f 19//19 20//20 17//17
f 2//2 3//3 14//14
f 3//3 4//4 13//13
f 4//4 5//5 12//12
f 5//5 6//6 11//11
f 6//6 7//7 10//10
f 20//20 1//1 16//16
f 2//2 15//15 1//1
f 21//21 22//22 24//24
f 24//24 22//22 23//23
f 25//25 26//26 28//28
f 28//28 26//26 27//27
f 29//29 30//30 32//32
f 32//32 30//30 31//31
f 33//33 34//34 36//36
f 36//36 34//34 35//35
f 37//37 38//38 40//40
f 40//40 38//38 39//39
f 41//41 42//42 44//44
f 44//44 42//42 43//43
f 45//45 46//46 48//48
f 48//48 46//46 47//47
f 49//49 50//50 52//52
f 52//52 50//50 51//51
f 53//53 54//54 56//56
f 56//56 54//54 55//55
f 57//57 58//58 60//60
f 60//60 58//58 59//59
f 61//61 62//62 64//64
f 64//64 62//62 63//63
f 65//65 66//66 68//68
f 68//68 66//66 67//67
f 69//69 70//70 72//72
f 72//72 70//70 71//71
f 73//73 74//74 76//76
f 76//76 74//74 75//75
f 77//77 78//78 80//80
f 80//80 78//78 79//79
f 81//81 82//82 84//84
f 84//84 82//82 83//83
f 85//85 86//86 88//88
f 88//88 86//86 87//87
f 89//89 90//90 92//92
f 92//92 90//90 91//91
f 93//93 94//94 96//96
f 96//96 94//94 95//95
f 97//97 98//98 100//100
f 100//100 98//98 99//99
f 120//120 101//101 139//139
f 119//119 139//139 118//118
f 119//119 120//120 139//139
f 136//136 137//137 103//103
f 104//104 136//136 103//103
f 104//104 135//135 136//136
f 104//104 105//105 135//135
f 135//135 105//105 134//134
f 134//134 105//105 106//106
f 133//133 106//106 107//107
f 132//132 107//107 108//108
f 131//131 108//108 109//109
f 130//130 109//109 110//110
f 129//129 110//110 111//111
f 112//112 129//129 111//111
f 112//112 128//128 129//129
f 112//112 113//113 128//128
f 128//128 113//113 114//114
f 115//115 128//128 114//114
f 115//115 116//116 128//128
f 128//128 116//116 127//127
f 127//127 116//116 126//126
f 126//126 116//116 125//125
f 125//125 116//116 117//117
f 195//195 117//117 194//194
f 195//195 125//125 117//117
f 195//195 124//124 125//125
f 195//195 123//123 124//124
f 195//195 122//122 123//123
f 195//195 196//196 122//122
f 122//122 196//196 197//197
f 198//198 122//122 197//197
f 198//198 199//199 122//122
f 122//122 199//199 121//121
f 121//121 199//199 200//200
f 173//173 200//200 201//201
f 172//172 201//201 202//202
f 171//171 202//202 203//203
f 170//170 203//203 204//204
f 169//169 204//204 205//205
f 168//168 205//205 206//206
f 167//167 206//206 207//207
f 166//166 207//207 208//208
f 209//209 166//166 208//208
f 209//209 165//165 166//166
f 209//209 210//210 165//165
f 165//165 210//210 164//164
f 164//164 210//210 211//211
f 212//212 164//164 211//211
f 212//212 213//213 164//164
f 164//164 213//213 194//194
f 162//162 194//194 161//161
f 162//162 164//164 194//194
f 162//162 163//163 164//164
f 118//118 140//140 117//117
f 118//118 139//139 140//140
f 129//129 130//130 110//110
f 130//130 131//131 109//109
f 131//131 132//132 108//108
f 132//132 133//133 107//107
f 133//133 134//134 106//106
f 137//137 138//138 103//103
f 103//103 138//138 102//102
f 102//102 138//138 139//139
f 101//101 102//102 139//139
f 140//140 141//141 117//117
f 117//117 141//141 142//142
f 143//143 117//117 142//142
f 143//143 182//182 117//117
f 143//143 144//144 182//182
f 182//182 144//144 181//181
f 181//181 144//144 145//145
f 146//146 181//181 145//145
f 146//146 180//180 181//181
f 146//146 179//179 180//180
f 146//146 178//178 179//179
f 146//146 177//177 178//178
f 146//146 147//147 177//177
f 177//177 147//147 176//176
f 176//176 147//147 148//148
f 175//175 148//148 149//149
f 174//174 149//149 150//150
f 193//193 150//150 151//151
f 192//192 151//151 152//152
f 191//191 152//152 153//153
f 190//190 153//153 154//154
f 189//189 154//154 155//155
f 188//188 155//155 156//156
f 187//187 156//156 157//157
f 186//186 157//157 185//185
f 186//186 187//187 157//157
f 158//158 183//183 157//157
f 158//158 159//159 183//183
f 183//183 159//159 182//182
f 182//182 159//159 160//160
f 161//161 182//182 160//160
f 161//161 194//194 182//182
f 182//182 194//194 117//117
f 166//166 167//167 207//207
f 167//167 168//168 206//206
f 168//168 169//169 205//205
f 169//169 170//170 204//204
f 170//170 171//171 203//203
f 171//171 172//172 202//202
f 172//172 173//173 201//201
f 173//173 121//121 200//200
f 174//174 175//175 149//149
f 175//175 176//176 148//148
f 183//183 184//184 157//157
f 157//157 184//184 185//185
f 187//187 188//188 156//156
f 188//188 189//189 155//155
f 189//189 190//190 154//154
f 190//190 191//191 153//153
f 191//191 192//192 152//152
f 192//192 193//193 151//151
f 193//193 174//174 150//150
f 214//214 215//215 217//217
f 217//217 215//215 216//216
f 219//219 220//220 218//218
f 218//218 220//220 221//221
f 222//222 223//223 225//225
f 225//225 223//223 224//224
f 226//226 227//227 229//229
f 229//229 227//227 228//228
f 230//230 231//231 233//233
f 233//233 231//231 232//232
f 235//235 236//236 234//234
f 234//234 236//236 237//237
f 238//238 239//239 241//241
f 241//241 239//239 240//240
f 242//242 243//243 245//245
f 245//245 243//243 244//244
f 247//247 248//248 246//246
f 246//246 248//248 249//249
f 250//250 251//251 253//253
f 253//253 251//251 252//252
f 254//254 255//255 257//257
f 257//257 255//255 256//256
f 259//259 260//260 258//258
f 258//258 260//260 261//261
f 262//262 263//263 265//265
f 265//265 263//263 264//264
f 266//266 267//267 269//269
f 269//269 267//267 268//268
f 270//270 271//271 273//273
f 273//273 271//271 272//272
f 274//274 275//275 277//277
f 277//277 275//275 276//276
f 278//278 279//279 281//281
f 281//281 279//279 280//280
f 283//283 284//284 282//282
f 282//282 284//284 285//285
f 286//286 287//287 289//289
f 289//289 287//287 288//288
f 290//290 291//291 293//293
f 293//293 291//291 292//292
f 294//294 295//295 297//297
f 297//297 295//295 296//296
f 298//298 299//299 301//301
f 301//301 299//299 300//300
f 302//302 303//303 305//305
f 305//305 303//303 304//304
f 306//306 307//307 309//309
f 309//309 307//307 308//308
f 310//310 311//311 313//313
f 313//313 311//311 312//312
f 314//314 315//315 317//317
f 317//317 315//315 316//316
f 318//318 319//319 321//321
f 321//321 319//319 320//320
f 323//323 324//324 322//322
f 322//322 324//324 325//325
f 326//326 322//322 325//325
f 327//327 328//328 330//330
f 330//330 328//328 329//329
f 331//331 332//332 334//334
f 334//334 332//332 333//333
f 335//335 336//336 338//338
f 338//338 336//336 337//337
f 339//339 340//340 342//342
f 342//342 340//340 341//341
f 343//343 344//344 346//346
f 346//346 344//344 345//345
f 347//347 348//348 350//350
f 350//350 348//348 349//349
f 352//352 353//353 351//351
f 351//351 353//353 354//354
f 355//355 356//356 358//358
f 358//358 356//356 357//357
f 359//359 360//360 362//362
f 362//362 360//360 361//361
f 363//363 364//364 366//366
f 366//366 364//364 365//365
f 367//367 368//368 370//370
f 370//370 368//368 369//369
f 371//371 372//372 374//374
f 374//374 372//372 373//373
f 375//375 376//376 378//378
f 378//378 376//376 377//377
f 379//379 380//380 382//382
f 382//382 380//380 381//381
f 383//383 384//384 386//386
f 386//386 384//384 385//385
f 387//387 388//388 390//390
f 390//390 388//388 389//389
f 391//391 392//392 394//394
f 394//394 392//392 393//393
f 395//395 396//396 398//398
f 398//398 396//396 397//397
f 399//399 400//400 402//402
f 402//402 400//400 401//401
f 404//404 405//405 403//403
f 403//403 405//405 406//406
f 408//408 409//409 407//407
f 407//407 409//409 410//410
f 411//411 407//407 410//410
f 411//411 412//412 407//407
f 413//413 414//414 416//416
f 416//416 414//414 415//415
f 417//417 418//418 420//420
f 420//420 418//418 419//419
f 421//421 422//422 424//424
f 424//424 422//422 423//423
f 426//426 427//427 425//425
f 425//425 427//427 428//428
f 430//430 431//431 429//429
f 429//429 431//431 432//432
f 433//433 434//434 436//436
f 436//436 434//434 435//435
f 437//437 438//438 440//440
f 440//440 438//438 439//439
f 441//441 442//442 444//444
f 444//444 442//442 443//443
f 446//446 447//447 445//445
f 445//445 447//447 448//448
f 449//449 450//450 452//452
f 452//452 450//450 451//451
f 453//453 454//454 456//456
f 456//456 454//454 455//455
f 458//458 459//459 457//457
f 457//457 459//459 460//460
f 461//461 462//462 464//464
f 464//464 462//462 463//463
f 465//465 466//466 468//468
f 468//468 466//466 467//467
f 469//469 470//470 472//472
f 472//472 470//470 471//471
f 473//473 474//474 477//477
f 477//477 474//474 475//475
f 476//476 477//477 475//475
f 478//478 479//479 481//481
f 481//481 479//479 480//480
f 482//482 483//483 485//485
f 485//485 483//483 484//484
f 487//487 488//488 486//486
f 486//486 488//488 489//489
f 490//490 491//491 493//493
f 493//493 491//491 492//492
f 494//494 495//495 497//497
f 497//497 495//495 496//496
f 498//498 499//499 501//501
f 501//501 499//499 500//500
f 502//502 503//503 505//505
f 505//505 503//503 504//504
f 507//507 508//508 506//506
f 506//506 508//508 509//509
f 510//510 511//511 513//513
f 513//513 511//511 512//512
f 515//515 516//516 514//514
f 514//514 516//516 518//518
f 518//518 516//516 517//517
f 519//519 520//520 522//522
f 522//522 520//520 521//521
f 524//524 525//525 523//523
f 523//523 525//525 526//526
f 527//527 528//528 530//530
f 530//530 528//528 529//529
f 531//531 532//532 534//534
f 534//534 532//532 533//533
f 535//535 536//536 538//538
f 538//538 536//536 537//537
f 539//539 540//540 542//542
f 542//542 540//540 541//541
f 543//543 544//544 546//546
f 546//546 544//544 545//545
f 547//547 548//548 550//550
f 550//550 548//548 549//549
f 551//551 552//552 554//554
f 554//554 552//552 553//553
f 555//555 556//556 558//558
f 558//558 556//556 557//557
f 559//559 560//560 562//562
f 562//562 560//560 561//561
f 563//563 564//564 566//566
f 566//566 564//564 565//565
f 568//568 569//569 567//567
f 567//567 569//569 570//570
f 571//571 572//572 574//574
f 574//574 572//572 573//573
f 576//576 577//577 575//575
f 575//575 577//577 578//578
f 580//580 581//581 579//579
f 579//579 581//581 582//582
f 584//584 585//585 583//583
f 583//583 585//585 586//586
f 587//587 588//588 592//592
f 592//592 588//588 591//591
f 591//591 588//588 590//590
f 590//590 588//588 589//589
f 605//605 593//593 596//596
f 597//597 605//605 596//596
f 597//597 604//604 605//605
f 597//597 603//603 604//604
f 597//597 598//598 603//603
f 603//603 598//598 602//602
f 602//602 598//598 601//601
f 601//601 598//598 600//600
f 600//600 598//598 599//599
f 595//595 596//596 594//594
f 594//594 596//596 593//593
f 607//607 609//609 606//606
f 607//607 608//608 609//609
f 609//609 610//610 606//606
f 606//606 610//610 615//615
f 615//615 610//610 611//611
f 614//614 611//611 613//613
f 614//614 615//615 611//611
f 611//611 612//612 613//613
f 621//621 622//622 620//620
f 620//620 622//622 623//623
f 619//619 623//623 624//624
f 618//618 624//624 625//625
f 617//617 625//625 626//626
f 616//616 626//626 627//627
f 635//635 627//627 628//628
f 634//634 628//628 629//629
f 633//633 629//629 630//630
f 632//632 630//630 631//631
f 632//632 633//633 630//630
f 617//617 618//618 625//625
f 618//618 619//619 624//624
f 619//619 620//620 623//623
f 633//633 634//634 629//629
f 634//634 635//635 628//628
f 635//635 616//616 627//627
f 617//617 626//626 616//616
f 637//637 638//638 636//636
f 636//636 638//638 639//639
f 646//646 640//640 643//643
f 644//644 646//646 643//643
f 644//644 645//645 646//646
f 642//642 643//643 641//641
f 641//641 643//643 640//640
f 647//647 648//648 650//650
f 650//650 648//648 649//649
f 652//652 653//653 651//651
f 651//651 653//653 654//654
f 667//667 655//655 658//658
f 666//666 658//658 659//659
f 665//665 659//659 664//664
f 665//665 666//666 659//659
f 657//657 658//658 656//656
f 656//656 658//658 655//655
f 659//659 660//660 664//664
f 664//664 660//660 663//663
f 663//663 660//660 662//662
f 662//662 660//660 661//661
f 666//666 667//667 658//658
f 674//674 675//675 673//673
f 673//673 675//675 676//676
f 672//672 676//676 677//677
f 671//671 677//677 678//678
f 670//670 678//678 679//679
f 669//669 679//679 680//680
f 668//668 680//680 681//681
f 687//687 681//681 682//682
f 686//686 682//682 683//683
f 685//685 683//683 684//684
f 685//685 686//686 683//683
f 669//669 670//670 679//679
f 670//670 671//671 678//678
f 671//671 672//672 677//677
f 672//672 673//673 676//676
f 686//686 687//687 682//682
f 687//687 668//668 681//681
f 669//669 680//680 668//668
f 689//689 690//690 688//688
f 688//688 690//690 691//691
f 697//697 691//691 692//692
f 696//696 692//692 693//693
f 694//694 696//696 693//693
f 694//694 695//695 696//696
f 696//696 697//697 692//692
f 697//697 688//688 691//691
f 699//699 700//700 698//698
f 698//698 700//700 701//701
f 702//702 698//698 701//701
f 702//702 704//704 698//698
f 702//702 703//703 704//704
f 706//706 707//707 705//705
f 705//705 707//707 708//708
f 709//709 710//710 712//712
f 712//712 710//710 711//711
f 719//719 713//713 718//718
f 718//718 713//713 714//714
f 717//717 714//714 715//715
f 716//716 717//717 715//715
f 717//717 718//718 714//714
f 720//720 721//721 723//723
f 723//723 721//721 722//722
f 724//724 725//725 727//727
f 727//727 725//725 726//726
f 728//728 729//729 746//746
f 746//746 729//729 731//731
f 735//735 731//731 734//734
f 735//735 746//746 731//731
f 735//735 736//736 746//746
f 746//746 736//736 745//745
f 745//745 736//736 737//737
f 744//744 737//737 738//738
f 743//743 738//738 742//742
f 743//743 744//744 738//738
f 729//729 730//730 731//731
f 732//732 733//733 731//731
f 731//731 733//733 734//734
f 739//739 740//740 738//738
f 738//738 740//740 741//741
f 742//742 738//738 741//741
f 744//744 745//745 737//737
f 748//748 749//749 747//747
f 747//747 749//749 750//750
f 752//752 753//753 751//751
f 751//751 753//753 756//756
f 756//756 753//753 755//755
f 755//755 753//753 754//754
f 757//757 758//758 760//760
f 760//760 758//758 759//759
f 762//762 763//763 761//761
f 761//761 763//763 764//764
f 766//766 767//767 765//765
f 765//765 767//767 768//768
f 770//770 772//772 769//769
f 770//770 771//771 772//772
f 772//772 773//773 769//769
f 769//769 773//773 775//775
f 775//775 773//773 774//774
f 776//776 777//777 779//779
f 779//779 777//777 778//778
f 781//781 782//782 780//780
f 780//780 782//782 785//785
f 785//785 782//782 784//784
f 784//784 782//782 783//783
f 804//804 805//805 803//803
f 803//803 805//805 806//806
f 787//787 806//806 807//807
f 786//786 807//807 809//809
f 810//810 786//786 809//809
f 810//810 793//793 786//786
f 810//810 811//811 793//793
f 793//793 811//811 794//794
f 796//796 794//794 795//795
f 796//796 793//793 794//794
f 796//796 792//792 793//793
f 796//796 797//797 792//792
f 792//792 797//797 800//800
f 791//791 800//800 801//801
f 790//790 801//801 789//789
f 790//790 791//791 801//801
f 806//806 787//787 803//803
f 803//803 787//787 788//788
f 802//802 788//788 789//789
f 801//801 802//802 789//789
f 791//791 792//792 800//800
f 797//797 798//798 800//800
f 800//800 798//798 799//799
f 802//802 803//803 788//788
f 807//807 808//808 809//809
f 807//807 786//786 787//787
f 812//812 813//813 815//815
f 815//815 813//813 814//814
f 817//817 818//818 816//816
f 816//816 818//818 819//819
f 820//820 816//816 819//819
f 820//820 823//823 816//816
f 820//820 821//821 823//823
f 823//823 821//821 822//822
f 824//824 825//825 827//827
f 827//827 825//825 826//826
f 828//828 829//829 831//831
f 831//831 829//829 830//830
f 832//832 833//833 835//835
f 835//835 833//833 834//834
f 836//836 837//837 839//839
f 839//839 837//837 838//838
f 840//840 841//841 843//843
f 843//843 841//841 842//842
f 844//844 845//845 848//848
f 848//848 845//845 846//846
f 847//847 848//848 846//846
f 850//850 851//851 849//849
f 849//849 851//851 853//853
f 853//853 851//851 852//852
f 854//854 855//855 858//858
f 858//858 855//855 857//857
f 857//857 855//855 856//856
f 859//859 860//860 862//862
f 862//862 860//860 861//861
f 863//863 864//864 866//866
f 866//866 864//864 865//865
f 867//867 868//868 870//870
f 870//870 868//868 869//869
f 871//871 872//872 874//874
f 874//874 872//872 873//873
f 875//875 876//876 879//879
f 879//879 876//876 878//878
f 878//878 876//876 877//877
f 880//880 881//881 883//883
f 883//883 881//881 882//882
f 885//885 886//886 884//884
f 884//884 886//886 887//887
f 888//888 884//884 887//887
f 889//889 890//890 892//892
f 892//892 890//890 891//891
f 894//894 895//895 893//893
f 893//893 895//895 896//896
f 898//898 899//899 897//897
f 897//897 899//899 900//900
f 901//901 902//902 904//904
f 904//904 902//902 903//903
f 906//906 907//907 905//905
f 905//905 907//907 908//908
f 909//909 910//910 913//913
f 913//913 910//910 911//911
f 912//912 913//913 911//911
f 914//914 915//915 918//918
f 918//918 915//915 916//916
f 917//917 918//918 916//916
f 919//919 920//920 922//922
f 922//922 920//920 921//921
f 923//923 924//924 926//926
f 926//926 924//924 925//925
f 927//927 928//928 930//930
f 930//930 928//928 929//929
f 931//931 932//932 934//934
f 934//934 932//932 933//933
f 936//936 937//937 935//935
f 935//935 937//937 939//939
f 939//939 937//937 938//938
f 940//940 941//941 943//943
f 943//943 941//941 942//942
f 944//944 945//945 947//947
f 947//947 945//945 946//946
f 948//948 949//949 951//951
f 951//951 949//949 950//950
f 952//952 953//953 955//955
f 955//955 953//953 954//954
f 956//956 957//957 961//961
f 961//961 957//957 958//958
f 960//960 958//958 959//959
f 960//960 961//961 958//958
f 962//962 963//963 965//965
f 965//965 963//963 964//964
f 966//966 967//967 969//969
f 969//969 967//967 968//968
f 970//970 971//971 973//973
f 973//973 971//971 972//972
f 974//974 975//975 977//977
f 977//977 975//975 976//976
f 979//979 980//980 978//978
f 978//978 980//980 981//981
f 982//982 978//978 981//981
f 982//982 983//983 978//978
f 984//984 985//985 987//987
f 987//987 985//985 986//986
f 988//988 989//989 991//991
f 991//991 989//989 990//990
f 992//992 993//993 995//995
f 995//995 993//993 994//994
f 997//997 998//998 996//996
f 996//996 998//998 999//999
f 1000//1000 1001//1001 1004//1004
f 1004//1004 1001//1001 1003//1003
f 1003//1003 1001//1001 1002//1002
f 1016//1016 1005//1005 1018//1018
f 1019//1019 1016//1016 1018//1018
f 1019//1019 1015//1015 1016//1016
f 1019//1019 1014//1014 1015//1015
f 1019//1019 1020//1020 1014//1014
f 1014//1014 1020//1020 1013//1013
f 1013//1013 1020//1020 1012//1012
f 1012//1012 1020//1020 1011//1011
f 1011//1011 1020//1020 1017//1017
f 1010//1010 1017//1017 1009//1009
f 1010//1010 1011//1011 1017//1017
f 1005//1005 1006//1006 1018//1018
f 1018//1018 1006//1006 1007//1007
f 1017//1017 1007//1007 1008//1008
f 1009//1009 1017//1017 1008//1008
f 1017//1017 1018//1018 1007//1007
f 1023//1023 1024//1024 1022//1022
f 1022//1022 1024//1024 1025//1025
f 1021//1021 1025//1025 1026//1026
f 1027//1027 1021//1021 1026//1026
f 1027//1027 1028//1028 1021//1021
f 1022//1022 1025//1025 1021//1021
f 1030//1030 1031//1031 1029//1029
f 1029//1029 1031//1031 1033//1033
f 1033//1033 1031//1031 1032//1032
f 1034//1034 1035//1035 1037//1037
f 1037//1037 1035//1035 1036//1036
f 1039//1039 1040//1040 1038//1038
f 1038//1038 1040//1040 1041//1041
f 1043//1043 1044//1044 1042//1042
f 1042//1042 1044//1044 1045//1045
f 1047//1047 1048//1048 1046//1046
f 1046//1046 1048//1048 1049//1049
f 1050//1050 1051//1051 1053//1053
f 1053//1053 1051//1051 1052//1052
f 1055//1055 1056//1056 1054//1054
f 1054//1054 1056//1056 1057//1057
f 1058//1058 1059//1059 1061//1061
f 1061//1061 1059//1059 1060//1060
f 1062//1062 1063//1063 1065//1065
f 1065//1065 1063//1063 1064//1064
f 1067//1067 1068//1068 1066//1066
f 1066//1066 1068//1068 1069//1069
f 1071//1071 1072//1072 1070//1070
f 1070//1070 1072//1072 1073//1073
f 1091//1091 1092//1092 1076//1076
f 1077//1077 1091//1091 1076//1076
f 1077//1077 1090//1090 1091//1091
f 1077//1077 1089//1089 1090//1090
f 1077//1077 1078//1078 1089//1089
f 1089//1089 1078//1078 1088//1088
f 1088//1088 1078//1078 1079//1079
f 1087//1087 1079//1079 1086//1086
f 1087//1087 1088//1088 1079//1079
f 1076//1076 1093//1093 1075//1075
f 1076//1076 1092//1092 1093//1093
f 1086//1086 1079//1079 1085//1085
f 1085//1085 1079//1079 1080//1080
f 1084//1084 1080//1080 1083//1083
f 1084//1084 1085//1085 1080//1080
f 1094//1094 1095//1095 1074//1074
f 1075//1075 1094//1094 1074//1074
f 1075//1075 1093//1093 1094//1094
f 1074//1074 1096//1096 1081//1081
f 1074//1074 1095//1095 1096//1096
f 1097//1097 1082//1082 1080//1080
f 1081//1081 1097//1097 1080//1080
f 1081//1081 1096//1096 1097//1097
f 1083//1083 1080//1080 1082//1082
f 1099//1099 1100//1100 1098//1098
f 1098//1098 1100//1100 1101//1101
f 1102//1102 1098//1098 1101//1101
f 1102//1102 1105//1105 1098//1098
f 1102//1102 1103//1103 1105//1105
f 1105//1105 1103//1103 1104//1104
f 1106//1106 1107//1107 1105//1105
f 1105//1105 1107//1107 1098//1098
f 1109//1109 1110//1110 1108//1108
f 1108//1108 1110//1110 1111//1111
f 1113//1113 1114//1114 1112//1112
f 1112//1112 1114//1114 1116//1116
f 1116//1116 1114//1114 1115//1115
f 1117//1117 1118//1118 1120//1120
f 1120//1120 1118//1118 1119//1119
f 1122//1122 1123//1123 1121//1121
f 1121//1121 1123//1123 1124//1124
f 1127//1127 1124//1124 1126//1126
f 1127//1127 1121//1121 1124//1124
f 1124//1124 1125//1125 1126//1126
f 1132//1132 1128//1128 1131//1131
f 1131//1131 1128//1128 1129//1129
f 1130//1130 1131//1131 1129//1129
f 1133//1133 1134//1134 1136//1136
f 1136//1136 1134//1134 1135//1135
f 1138//1138 1140//1140 1137//1137
f 1138//1138 1139//1139 1140//1140
f 1140//1140 1141//1141 1137//1137
f 1137//1137 1141//1141 1142//1142
f 1143//1143 1137//1137 1142//1142
f 1143//1143 1163//1163 1137//1137
f 1143//1143 1144//1144 1163//1163
f 1163//1163 1144//1144 1162//1162
f 1162//1162 1144//1144 1145//1145
f 1146//1146 1162//1162 1145//1145
f 1146//1146 1161//1161 1162//1162
f 1146//1146 1147//1147 1161//1161
f 1161//1161 1147//1147 1160//1160
f 1160//1160 1147//1147 1148//1148
f 1149//1149 1160//1160 1148//1148
f 1149//1149 1159//1159 1160//1160
f 1149//1149 1150//1150 1159//1159
f 1159//1159 1150//1150 1151//1151
f 1158//1158 1151//1151 1157//1157
f 1158//1158 1159//1159 1151//1151
f 1157//1157 1151//1151 1155//1155
f 1156//1156 1157//1157 1155//1155
f 1151//1151 1152//1152 1155//1155
f 1155//1155 1152//1152 1153//1153
f 1154//1154 1155//1155 1153//1153
f 1175//1175 1164//1164 1177//1177
f 1178//1178 1175//1175 1177//1177
f 1178//1178 1174//1174 1175//1175
f 1178//1178 1173//1173 1174//1174
f 1178//1178 1172//1172 1173//1173
f 1178//1178 1179//1179 1172//1172
f 1172//1172 1179//1179 1171//1171
f 1171//1171 1179//1179 1170//1170
f 1170//1170 1179//1179 1169//1169
f 1169//1169 1179//1179 1168//1168
f 1168//1168 1179//1179 1176//1176
f 1167//1167 1176//1176 1166//1166
f 1167//1167 1168//1168 1176//1176
f 1166//1166 1176//1176 1165//1165
f 1165//1165 1176//1176 1177//1177
f 1164//1164 1165//1165 1177//1177
f 1181//1181 1182//1182 1180//1180
f 1180//1180 1182//1182 1183//1183
f 1184//1184 1185//1185 1187//1187
f 1187//1187 1185//1185 1186//1186
f 1188//1188 1189//1189 1191//1191
f 1191//1191 1189//1189 1190//1190
f 1192//1192 1193//1193 1195//1195
f 1195//1195 1193//1193 1194//1194
f 1196//1196 1197//1197 1199//1199
f 1199//1199 1197//1197 1198//1198
f 1200//1200 1201//1201 1203//1203
f 1203//1203 1201//1201 1202//1202
f 1204//1204 1205//1205 1207//1207
f 1207//1207 1205//1205 1206//1206
f 1208//1208 1209//1209 1211//1211
f 1211//1211 1209//1209 1210//1210
f 1212//1212 1213//1213 1215//1215
f 1215//1215 1213//1213 1214//1214
f 1216//1216 1217//1217 1219//1219
f 1219//1219 1217//1217 1218//1218
f 1220//1220 1221//1221 1223//1223
f 1223//1223 1221//1221 1222//1222
f 1224//1224 1225//1225 1227//1227
f 1227//1227 1225//1225 1226//1226
f 1228//1228 1229//1229 1231//1231
f 1231//1231 1229//1229 1230//1230
f 1232//1232 1233//1233 1235//1235
f 1235//1235 1233//1233 1234//1234
f 1236//1236 1237//1237 1239//1239
f 1239//1239 1237//1237 1238//1238
f 1240//1240 1241//1241 1243//1243
f 1243//1243 1241//1241 1242//1242
f 1244//1244 1245//1245 1247//1247
f 1247//1247 1245//1245 1246//1246
f 1248//1248 1249//1249 1251//1251
f 1251//1251 1249//1249 1250//1250
f 1252//1252 1253//1253 1255//1255
f 1255//1255 1253//1253 1254//1254
f 1256//1256 1257//1257 1259//1259
f 1259//1259 1257//1257 1258//1258
f 1260//1260 1261//1261 1263//1263
f 1263//1263 1261//1261 1262//1262
f 1264//1264 1265//1265 1267//1267
f 1267//1267 1265//1265 1266//1266
f 1268//1268 1269//1269 1271//1271
f 1271//1271 1269//1269 1270//1270
f 1272//1272 1273//1273 1275//1275
f 1275//1275 1273//1273 1274//1274
f 1276//1276 1277//1277 1279//1279
f 1279//1279 1277//1277 1278//1278
f 1280//1280 1281//1281 1283//1283
f 1283//1283 1281//1281 1282//1282
f 1284//1284 1285//1285 1287//1287
f 1287//1287 1285//1285 1286//1286
f 1288//1288 1289//1289 1291//1291
f 1291//1291 1289//1289 1290//1290
f 1292//1292 1293//1293 1295//1295
f 1295//1295 1293//1293 1294//1294
f 1296//1296 1297//1297 1332//1332
f 1332//1332 1297//1297 1298//1298
f 1331//1331 1298//1298 1299//1299
f 1300//1300 1331//1331 1299//1299
f 1300//1300 1329//1329 1331//1331
f 1300//1300 1328//1328 1329//1329
f 1300//1300 1301//1301 1328//1328
f 1328//1328 1301//1301 1302//1302
f 1303//1303 1328//1328 1302//1302
f 1303//1303 1327//1327 1328//1328
f 1303//1303 1326//1326 1327//1327
f 1303//1303 1304//1304 1326//1326
f 1326//1326 1304//1304 1325//1325
f 1325//1325 1304//1304 1305//1305
f 1306//1306 1325//1325 1305//1305
f 1306//1306 1324//1324 1325//1325
f 1306//1306 1307//1307 1324//1324
f 1324//1324 1307//1307 1323//1323
f 1323//1323 1307//1307 1322//1322
f 1322//1322 1307//1307 1308//1308
f 1309//1309 1322//1322 1308//1308
f 1309//1309 1321//1321 1322//1322
f 1309//1309 1310//1310 1321//1321
f 1321//1321 1310//1310 1320//1320
f 1320//1320 1310//1310 1319//1319
f 1319//1319 1310//1310 1311//1311
f 1318//1318 1311//1311 1316//1316
f 1317//1317 1318//1318 1316//1316
f 1311//1311 1312//1312 1316//1316
f 1316//1316 1312//1312 1315//1315
f 1315//1315 1312//1312 1313//1313
f 1314//1314 1315//1315 1313//1313
f 1318//1318 1319//1319 1311//1311
f 1329//1329 1330//1330 1331//1331
f 1331//1331 1332//1332 1298//1298
f 1333//1333 1334//1334 1338//1338
f 1338//1338 1334//1334 1335//1335
f 1337//1337 1335//1335 1336//1336
f 1337//1337 1338//1338 1335//1335
f 1340//1340 1341//1341 1339//1339
f 1339//1339 1341//1341 1342//1342
f 1344//1344 1345//1345 1343//1343
f 1343//1343 1345//1345 1346//1346
f 1348//1348 1349//1349 1347//1347
f 1347//1347 1349//1349 1350//1350
f 1363//1363 1350//1350 1351//1351
f 1362//1362 1351//1351 1361//1361
f 1362//1362 1363//1363 1351//1351
f 1351//1351 1352//1352 1361//1361
f 1361//1361 1352//1352 1360//1360
f 1360//1360 1352//1352 1353//1353
f 1359//1359 1353//1353 1355//1355
f 1358//1358 1355//1355 1356//1356
f 1357//1357 1358//1358 1356//1356
f 1353//1353 1354//1354 1355//1355
f 1358//1358 1359//1359 1355//1355
f 1359//1359 1360//1360 1353//1353
f 1350//1350 1363//1363 1347//1347
f 1347//1347 1363//1363 1364//1364
f 1373//1373 1364//1364 1365//1365
f 1367//1367 1365//1365 1366//1366
f 1367//1367 1373//1373 1365//1365
f 1367//1367 1368//1368 1373//1373
f 1373//1373 1368//1368 1372//1372
f 1372//1372 1368//1368 1369//1369
f 1370//1370 1372//1372 1369//1369
f 1370//1370 1371//1371 1372//1372
f 1373//1373 1347//1347 1364//1364
f 1375//1375 1376//1376 1374//1374
f 1374//1374 1376//1376 1378//1378
f 1378//1378 1376//1376 1377//1377
f 1379//1379 1380//1380 1381//1381
f 1383//1383 1384//1384 1382//1382
f 1382//1382 1384//1384 1385//1385
f 1386//1386 1382//1382 1385//1385
f 1386//1386 1387//1387 1382//1382
f 1389//1389 1390//1390 1388//1388
f 1388//1388 1390//1390 1391//1391
f 1392//1392 1388//1388 1391//1391
f 1394//1394 1395//1395 1393//1393
f 1393//1393 1395//1395 1396//1396
f 1410//1410 1396//1396 1407//1407
f 1408//1408 1410//1410 1407//1407
f 1408//1408 1409//1409 1410//1410
f 1396//1396 1397//1397 1407//1407
f 1407//1407 1397//1397 1406//1406
f 1406//1406 1397//1397 1400//1400
f 1401//1401 1406//1406 1400//1400
f 1401//1401 1402//1402 1406//1406
f 1406//1406 1402//1402 1403//1403
f 1404//1404 1406//1406 1403//1403
f 1404//1404 1405//1405 1406//1406
f 1398//1398 1399//1399 1397//1397
f 1397//1397 1399//1399 1400//1400
f 1411//1411 1412//1412 1410//1410
f 1410//1410 1412//1412 1393//1393
f 1396//1396 1410//1410 1393//1393
f 1412//1412 1413//1413 1393//1393
f 1393//1393 1413//1413 1414//1414
f 1415//1415 1416//1416 1418//1418
f 1418//1418 1416//1416 1417//1417
f 1419//1419 1420//1420 1422//1422
f 1422//1422 1420//1420 1421//1421
f 1423//1423 1424//1424 1426//1426
f 1426//1426 1424//1424 1425//1425
f 1428//1428 1429//1429 1427//1427
f 1427//1427 1429//1429 1430//1430
f 1431//1431 1432//1432 1434//1434
f 1434//1434 1432//1432 1433//1433
f 1435//1435 1436//1436 1438//1438
f 1438//1438 1436//1436 1437//1437
f 1439//1439 1440//1440 1442//1442
f 1442//1442 1440//1440 1441//1441
f 1443//1443 1444//1444 1446//1446
f 1446//1446 1444//1444 1445//1445
f 1447//1447 1448//1448 1450//1450
f 1450//1450 1448//1448 1449//1449
f 1451//1451 1452//1452 1454//1454
f 1454//1454 1452//1452 1453//1453
f 1456//1456 1457//1457 1455//1455
f 1455//1455 1457//1457 1458//1458
f 1460//1460 1461//1461 1459//1459
f 1459//1459 1461//1461 1474//1474
f 1474//1474 1461//1461 1470//1470
f 1473//1473 1470//1470 1472//1472
f 1473//1473 1474//1474 1470//1470
f 1461//1461 1462//1462 1470//1470
f 1470//1470 1462//1462 1469//1469
f 1469//1469 1462//1462 1465//1465
f 1466//1466 1469//1469 1465//1465
f 1466//1466 1467//1467 1469//1469
f 1469//1469 1467//1467 1468//1468
f 1463//1463 1464//1464 1462//1462
f 1462//1462 1464//1464 1465//1465
f 1470//1470 1471//1471 1472//1472
f 1475//1475 1476//1476 1481//1481
f 1481//1481 1476//1476 1480//1480
f 1480//1480 1476//1476 1477//1477
f 1479//1479 1477//1477 1478//1478
f 1479//1479 1480//1480 1477//1477
f 1482//1482 1483//1483 1489//1489
f 1489//1489 1483//1483 1484//1484
f 1486//1486 1484//1484 1485//1485
f 1486//1486 1489//1489 1484//1484
f 1486//1486 1488//1488 1489//1489
f 1486//1486 1487//1487 1488//1488
f 1491//1491 1492//1492 1490//1490
f 1490//1490 1492//1492 1495//1495
f 1495//1495 1492//1492 1493//1493
f 1494//1494 1495//1495 1493//1493
f 1497//1497 1498//1498 1496//1496
f 1496//1496 1498//1498 1499//1499
f 1500//1500 1501//1501 1503//1503
f 1503//1503 1501//1501 1502//1502
f 1504//1504 1505//1505 1507//1507
f 1507//1507 1505//1505 1506//1506
f 1508//1508 1509//1509 1511//1511
f 1511//1511 1509//1509 1510//1510
f 1512//1512 1513//1513 1515//1515
f 1515//1515 1513//1513 1514//1514
f 1517//1517 1518//1518 1516//1516
f 1516//1516 1518//1518 1519//1519
f 1520//1520 1521//1521 1522//1522
f 1524//1524 1525//1525 1523//1523
f 1523//1523 1525//1525 1526//1526
f 1527//1527 1523//1523 1526//1526
f 1527//1527 1528//1528 1523//1523
f 1529//1529 1530//1530 1532//1532
f 1532//1532 1530//1530 1531//1531
f 1533//1533 1534//1534 1538//1538
f 1538//1538 1534//1534 1535//1535
f 1537//1537 1535//1535 1536//1536
f 1537//1537 1538//1538 1535//1535
f 1540//1540 1541//1541 1539//1539
f 1539//1539 1541//1541 1542//1542
f 1544//1544 1545//1545 1543//1543
f 1543//1543 1545//1545 1546//1546
f 1547//1547 1548//1548 1550//1550
f 1550//1550 1548//1548 1549//1549
f 1552//1552 1553//1553 1551//1551
f 1551//1551 1553//1553 1554//1554
f 1564//1564 1555//1555 1558//1558
f 1561//1561 1558//1558 1559//1559
f 1560//1560 1561//1561 1559//1559
f 1557//1557 1558//1558 1556//1556
f 1556//1556 1558//1558 1555//1555
f 1562//1562 1563//1563 1561//1561
f 1561//1561 1563//1563 1564//1564
f 1558//1558 1561//1561 1564//1564
f 1570//1570 1565//1565 1569//1569
f 1569//1569 1565//1565 1566//1566
f 1567//1567 1569//1569 1566//1566
f 1567//1567 1568//1568 1569//1569
f 1572//1572 1573//1573 1571//1571
f 1571//1571 1573//1573 1574//1574
f 1576//1576 1577//1577 1575//1575
f 1575//1575 1577//1577 1578//1578
f 1580//1580 1581//1581 1579//1579
f 1579//1579 1581//1581 1582//1582
f 1584//1584 1585//1585 1583//1583
f 1583//1583 1585//1585 1586//1586
f 1589//1589 1586//1586 1587//1587
f 1588//1588 1589//1589 1587//1587
f 1589//1589 1583//1583 1586//1586
f 1591//1591 1592//1592 1590//1590
f 1590//1590 1592//1592 1593//1593
f 1594//1594 1595//1595 1597//1597
f 1597//1597 1595//1595 1596//1596
f 1598//1598 1599//1599 1601//1601
f 1601//1601 1599//1599 1600//1600
f 1603//1603 1604//1604 1602//1602
f 1602//1602 1604//1604 1605//1605
f 1606//1606 1602//1602 1605//1605
f 1606//1606 1607//1607 1602//1602
f 1608//1608 1609//1609 1610//1610
f 1612//1612 1613//1613 1611//1611
f 1611//1611 1613//1613 1616//1616
f 1616//1616 1613//1613 1615//1615
f 1615//1615 1613//1613 1614//1614
f 1618//1618 1619//1619 1617//1617
f 1617//1617 1619//1619 1620//1620
f 1621//1621 1622//1622 1626//1626
f 1626//1626 1622//1622 1625//1625
f 1625//1625 1622//1622 1624//1624
f 1624//1624 1622//1622 1623//1623
f 1627//1627 1628//1628 1630//1630
f 1630//1630 1628//1628 1629//1629
f 1631//1631 1632//1632 1636//1636
f 1636//1636 1632//1632 1635//1635
f 1635//1635 1632//1632 1634//1634
f 1634//1634 1632//1632 1633//1633
f 1638//1638 1639//1639 1637//1637
f 1637//1637 1639//1639 1652//1652
f 1652//1652 1639//1639 1643//1643
f 1644//1644 1652//1652 1643//1643
f 1644//1644 1645//1645 1652//1652
f 1652//1652 1645//1645 1646//1646
f 1647//1647 1652//1652 1646//1646
f 1647//1647 1648//1648 1652//1652
f 1652//1652 1648//1648 1649//1649
f 1650//1650 1652//1652 1649//1649
f 1650//1650 1651//1651 1652//1652
f 1640//1640 1641//1641 1639//1639
f 1639//1639 1641//1641 1642//1642
f 1643//1643 1639//1639 1642//1642
f 1653//1653 1654//1654 1656//1656
f 1656//1656 1654//1654 1655//1655
f 1657//1657 1658//1658 1661//1661
f 1661//1661 1658//1658 1659//1659
f 1660//1660 1661//1661 1659//1659
f 1663//1663 1664//1664 1662//1662
f 1662//1662 1664//1664 1667//1667
f 1667//1667 1664//1664 1666//1666
f 1666//1666 1664//1664 1665//1665
f 1668//1668 1669//1669 1671//1671
f 1671//1671 1669//1669 1670//1670
f 1672//1672 1673//1673 1675//1675
f 1675//1675 1673//1673 1674//1674
f 1677//1677 1678//1678 1676//1676
f 1676//1676 1678//1678 1681//1681
f 1681//1681 1678//1678 1679//1679
f 1680//1680 1681//1681 1679//1679
f 1682//1682 1683//1683 1685//1685
f 1685//1685 1683//1683 1684//1684
f 1686//1686 1687//1687 1689//1689
f 1689//1689 1687//1687 1688//1688
f 1690//1690 1691//1691 1693//1693
f 1693//1693 1691//1691 1692//1692
f 1695//1695 1696//1696 1694//1694
f 1694//1694 1696//1696 1697//1697
f 1699//1699 1697//1697 1698//1698
f 1699//1699 1694//1694 1697//1697
f 1700//1700 1701//1701 1703//1703
f 1703//1703 1701//1701 1702//1702
f 1705//1705 1706//1706 1704//1704
f 1704//1704 1706//1706 1707//1707
f 1708//1708 1709//1709 1711//1711
f 1711//1711 1709//1709 1710//1710
f 1712//1712 1713//1713 1715//1715
f 1715//1715 1713//1713 1714//1714
f 1716//1716 1717//1717 1719//1719
f 1719//1719 1717//1717 1718//1718
f 1726//1726 1720//1720 1723//1723
f 1724//1724 1726//1726 1723//1723
f 1724//1724 1725//1725 1726//1726
f 1722//1722 1723//1723 1721//1721
f 1721//1721 1723//1723 1720//1720
f 1728//1728 1729//1729 1727//1727
f 1727//1727 1729//1729 1731//1731
f 1731//1731 1729//1729 1730//1730
f 1732//1732 1733//1733 1747//1747
f 1747//1747 1733//1733 1746//1746
f 1746//1746 1733//1733 1745//1745
f 1745//1745 1733//1733 1736//1736
f 1744//1744 1736//1736 1743//1743
f 1744//1744 1745//1745 1736//1736
f 1734//1734 1735//1735 1733//1733
f 1733//1733 1735//1735 1736//1736
f 1737//1737 1738//1738 1736//1736
f 1736//1736 1738//1738 1739//1739
f 1740//1740 1736//1736 1739//1739
f 1740//1740 1741//1741 1736//1736
f 1736//1736 1741//1741 1742//1742
f 1743//1743 1736//1736 1742//1742
f 1749//1749 1750//1750 1748//1748
f 1748//1748 1750//1750 1751//1751
f 1752//1752 1748//1748 1751//1751
f 1752//1752 1753//1753 1748//1748
f 1755//1755 1756//1756 1754//1754
f 1754//1754 1756//1756 1757//1757
f 1759//1759 1760//1760 1758//1758
f 1758//1758 1760//1760 1761//1761
f 1763//1763 1764//1764 1762//1762
f 1762//1762 1764//1764 1765//1765
f 1771//1771 1774//1774 1767//1767
f 1770//1770 1767//1767 1769//1769
f 1770//1770 1771//1771 1767//1767
f 1767//1767 1768//1768 1769//1769
f 1771//1771 1772//1772 1774//1774
f 1774//1774 1772//1772 1773//1773
f 1774//1774 1775//1775 1767//1767
f 1767//1767 1775//1775 1766//1766
f 1766//1766 1775//1775 1778//1778
f 1779//1779 1766//1766 1778//1778
f 1779//1779 1780//1780 1766//1766
f 1766//1766 1780//1780 1781//1781
f 1776//1776 1777//1777 1775//1775
f 1775//1775 1777//1777 1778//1778
f 1783//1783 1784//1784 1782//1782
f 1782//1782 1784//1784 1785//1785
f 1786//1786 1787//1787 1789//1789
f 1789//1789 1787//1787 1788//1788
f 1790//1790 1791//1791 1793//1793
f 1793//1793 1791//1791 1792//1792
f 1794//1794 1795//1795 1799//1799
f 1799//1799 1795//1795 1798//1798
f 1798//1798 1795//1795 1796//1796
f 1797//1797 1798//1798 1796//1796
f 1800//1800 1801//1801 1803//1803
f 1803//1803 1801//1801 1802//1802
f 1804//1804 1805//1805 1807//1807
f 1807//1807 1805//1805 1806//1806
f 1808//1808 1809//1809 1811//1811
f 1811//1811 1809//1809 1810//1810
f 1812//1812 1813//1813 1815//1815
f 1815//1815 1813//1813 1814//1814
f 1816//1816 1817//1817 1819//1819
f 1819//1819 1817//1817 1818//1818
f 1824//1824 1820//1820 1823//1823
f 1823//1823 1820//1820 1821//1821
f 1822//1822 1823//1823 1821//1821
f 1826//1826 1827//1827 1825//1825
f 1825//1825 1827//1827 1828//1828
f 1829//1829 1830//1830 1834//1834
f 1834//1834 1830//1830 1833//1833
f 1833//1833 1830//1830 1831//1831
f 1832//1832 1833//1833 1831//1831
f 1835//1835 1836//1836 1840//1840
f 1840//1840 1836//1836 1839//1839
f 1839//1839 1836//1836 1838//1838
f 1838//1838 1836//1836 1837//1837
f 1842//1842 1843//1843 1841//1841
f 1841//1841 1843//1843 1849//1849
f 1849//1849 1843//1843 1844//1844
f 1848//1848 1844//1844 1845//1845
f 1847//1847 1845//1845 1846//1846
f 1847//1847 1848//1848 1845//1845
f 1848//1848 1849//1849 1844//1844
f 1850//1850 1851//1851 1853//1853
f 1853//1853 1851//1851 1852//1852
f 1854//1854 1855//1855 1859//1859
f 1859//1859 1855//1855 1858//1858
f 1858//1858 1855//1855 1857//1857
f 1857//1857 1855//1855 1856//1856
f 1860//1860 1861//1861 1863//1863
f 1863//1863 1861//1861 1862//1862
f 1865//1865 1866//1866 1864//1864
f 1864//1864 1866//1866 1867//1867
f 1868//1868 1869//1869 1871//1871
f 1871//1871 1869//1869 1870//1870
f 1872//1872 1873//1873 1874//1874
f 1875//1875 1876//1876 1877//1877
f 1878//1878 1879//1879 1881//1881
f 1881//1881 1879//1879 1880//1880
f 1883//1883 1884//1884 1882//1882
f 1882//1882 1884//1884 1885//1885
f 1886//1886 1887//1887 1912//1912
f 1912//1912 1887//1887 1891//1891
f 1911//1911 1891//1891 1910//1910
f 1911//1911 1912//1912 1891//1891
f 1888//1888 1889//1889 1887//1887
f 1887//1887 1889//1889 1890//1890
f 1891//1891 1887//1887 1890//1890
f 1891//1891 1892//1892 1910//1910
f 1910//1910 1892//1892 1893//1893
f 1909//1909 1893//1893 1894//1894
f 1895//1895 1909//1909 1894//1894
f 1895//1895 1908//1908 1909//1909
f 1895//1895 1896//1896 1908//1908
f 1908//1908 1896//1896 1907//1907
f 1907//1907 1896//1896 1897//1897
f 1898//1898 1907//1907 1897//1897
f 1898//1898 1906//1906 1907//1907
f 1898//1898 1899//1899 1906//1906
f 1906//1906 1899//1899 1900//1900
f 1905//1905 1900//1900 1901//1901
f 1902//1902 1905//1905 1901//1901
f 1902//1902 1904//1904 1905//1905
f 1902//1902 1903//1903 1904//1904
f 1905//1905 1906//1906 1900//1900
f 1909//1909 1910//1910 1893//1893
f 1914//1914 1915//1915 1913//1913
f 1913//1913 1915//1915 1916//1916
f 1917//1917 1918//1918 1920//1920
f 1920//1920 1918//1918 1919//1919
f 1921//1921 1922//1922 1924//1924
f 1924//1924 1922//1922 1923//1923
f 1925//1925 1926//1926 1928//1928
f 1928//1928 1926//1926 1927//1927
f 1929//1929 1930//1930 1932//1932
f 1932//1932 1930//1930 1931//1931
f 1933//1933 1934//1934 1937//1937
f 1937//1937 1934//1934 1936//1936
f 1936//1936 1934//1934 1935//1935
f 1938//1938 1939//1939 1941//1941
f 1941//1941 1939//1939 1940//1940
f 1943//1943 1944//1944 1942//1942
f 1942//1942 1944//1944 1945//1945
f 1946//1946 1947//1947 1949//1949
f 1949//1949 1947//1947 1948//1948
f 1950//1950 1951//1951 1953//1953
f 1953//1953 1951//1951 1952//1952
f 1955//1955 1956//1956 1954//1954
f 1954//1954 1956//1956 1957//1957
f 1958//1958 1959//1959 1961//1961
f 1961//1961 1959//1959 1960//1960
f 1962//1962 1963//1963 1965//1965
f 1965//1965 1963//1963 1964//1964
f 1967//1967 1968//1968 1966//1966
f 1966//1966 1968//1968 1969//1969
f 1981//1981 1970//1970 1983//1983
f 1984//1984 1981//1981 1983//1983
f 1984//1984 1980//1980 1981//1981
f 1984//1984 1985//1985 1980//1980
f 1980//1980 1985//1985 1979//1979
f 1979//1979 1985//1985 1986//1986
f 1987//1987 1979//1979 1986//1986
f 1987//1987 1978//1978 1979//1979
f 1987//1987 1988//1988 1978//1978
f 1978//1978 1988//1988 1977//1977
f 1977//1977 1988//1988 1989//1989
f 1976//1976 1989//1989 1975//1975
f 1976//1976 1977//1977 1989//1989
f 1990//1990 1991//1991 1974//1974
f 1975//1975 1990//1990 1974//1974
f 1975//1975 1989//1989 1990//1990
f 1974//1974 1992//1992 1973//1973
f 1974//1974 1991//1991 1992//1992
f 1983//1983 1971//1971 1982//1982
f 1983//1983 1970//1970 1971//1971
f 1992//1992 1993//1993 1973//1973
f 1973//1973 1993//1993 1972//1972
f 1972//1972 1993//1993 1982//1982
f 1971//1971 1972//1972 1982//1982
f 1995//1995 1996//1996 1994//1994
f 1994//1994 1996//1996 1997//1997
f 2015//2015 1998//1998 2018//2018
f 2019//2019 2015//2015 2018//2018
f 2019//2019 2014//2014 2015//2015
f 2019//2019 2012//2012 2014//2014
f 2019//2019 2020//2020 2012//2012
f 2012//2012 2020//2020 2011//2011
f 2011//2011 2020//2020 2008//2008
f 2010//2010 2008//2008 2009//2009
f 2010//2010 2011//2011 2008//2008
f 2000//2000 2001//2001 1999//1999
f 1999//1999 2001//2001 2018//2018
f 1998//1998 1999//1999 2018//2018
f 2018//2018 2001//2001 2017//2017
f 2017//2017 2001//2001 2002//2002
f 2005//2005 2002//2002 2003//2003
f 2004//2004 2005//2005 2003//2003
f 2021//2021 2022//2022 2007//2007
f 2008//2008 2021//2021 2007//2007
f 2008//2008 2020//2020 2021//2021
f 2007//2007 2023//2023 2006//2006
f 2007//2007 2022//2022 2023//2023
f 2012//2012 2013//2013 2014//2014
f 2017//2017 2005//2005 2016//2016
f 2017//2017 2002//2002 2005//2005
f 2023//2023 2016//2016 2006//2006
f 2006//2006 2016//2016 2005//2005
f 2024//2024 2025//2025 2027//2027
f 2027//2027 2025//2025 2026//2026
f 2028//2028 2029//2029 2031//2031
f 2031//2031 2029//2029 2030//2030
f 2032//2032 2033//2033 2036//2036
f 2036//2036 2033//2033 2035//2035
f 2035//2035 2033//2033 2034//2034
f 2037//2037 2038//2038 2040//2040
f 2040//2040 2038//2038 2039//2039
f 2042//2042 2043//2043 2041//2041
f 2041//2041 2043//2043 2044//2044
f 2046//2046 2047//2047 2045//2045
f 2045//2045 2047//2047 2048//2048
f 2049//2049 2050//2050 2053//2053
f 2053//2053 2050//2050 2052//2052
f 2052//2052 2050//2050 2051//2051
f 2054//2054 2055//2055 2059//2059
f 2059//2059 2055//2055 2056//2056
f 2058//2058 2056//2056 2057//2057
f 2058//2058 2059//2059 2056//2056
f 2060//2060 2061//2061 2063//2063
f 2063//2063 2061//2061 2062//2062
f 2065//2065 2066//2066 2064//2064
f 2064//2064 2066//2066 2067//2067
f 2069//2069 2070//2070 2068//2068
f 2068//2068 2070//2070 2071//2071
f 2072//2072 2073//2073 2075//2075
f 2075//2075 2073//2073 2074//2074
f 2077//2077 2078//2078 2076//2076
f 2076//2076 2078//2078 2079//2079
f 2081//2081 2082//2082 2080//2080
f 2080//2080 2082//2082 2083//2083
f 2085//2085 2086//2086 2084//2084
f 2084//2084 2086//2086 2091//2091
f 2091//2091 2086//2086 2087//2087
f 2090//2090 2087//2087 2089//2089
f 2090//2090 2091//2091 2087//2087
f 2087//2087 2088//2088 2089//2089
f 2093//2093 2094//2094 2092//2092
f 2092//2092 2094//2094 2095//2095
f 2097//2097 2098//2098 2096//2096
f 2096//2096 2098//2098 2099//2099
f 2101//2101 2102//2102 2100//2100
f 2100//2100 2102//2102 2103//2103
f 2105//2105 2106//2106 2104//2104
f 2104//2104 2106//2106 2107//2107
f 2109//2109 2110//2110 2108//2108
f 2108//2108 2110//2110 2111//2111
f 2112//2112 2113//2113 2115//2115
f 2115//2115 2113//2113 2114//2114
f 2117//2117 2118//2118 2116//2116
f 2116//2116 2118//2118 2119//2119
f 2120//2120 2121//2121 2123//2123
f 2123//2123 2121//2121 2122//2122
f 2124//2124 2125//2125 2127//2127
f 2127//2127 2125//2125 2126//2126
f 2128//2128 2129//2129 2131//2131
f 2131//2131 2129//2129 2130//2130
f 2132//2132 2133//2133 2135//2135
f 2135//2135 2133//2133 2134//2134
f 2137//2137 2138//2138 2136//2136
f 2136//2136 2138//2138 2139//2139
f 2140//2140 2141//2141 2143//2143
f 2143//2143 2141//2141 2142//2142
f 2144//2144 2145//2145 2147//2147
f 2147//2147 2145//2145 2146//2146
f 2148//2148 2149//2149 2151//2151
f 2151//2151 2149//2149 2150//2150
f 2152//2152 2153//2153 2155//2155
f 2155//2155 2153//2153 2154//2154
f 2156//2156 2157//2157 2159//2159
f 2159//2159 2157//2157 2158//2158
f 2160//2160 2161//2161 2163//2163
f 2163//2163 2161//2161 2162//2162
f 2164//2164 2165//2165 2167//2167
f 2167//2167 2165//2165 2166//2166
f 2169//2169 2170//2170 2168//2168
f 2168//2168 2170//2170 2171//2171
f 2172//2172 2173//2173 2175//2175
f 2175//2175 2173//2173 2174//2174
f 2182//2182 2176//2176 2181//2181
f 2181//2181 2176//2176 2177//2177
f 2178//2178 2181//2181 2177//2177
f 2178//2178 2180//2180 2181//2181
f 2178//2178 2179//2179 2180//2180
f 2195//2195 2183//2183 2186//2186
f 2187//2187 2195//2195 2186//2186
f 2187//2187 2194//2194 2195//2195
f 2187//2187 2193//2193 2194//2194
f 2187//2187 2188//2188 2193//2193
f 2193//2193 2188//2188 2192//2192
f 2192//2192 2188//2188 2191//2191
f 2191//2191 2188//2188 2190//2190
f 2190//2190 2188//2188 2189//2189
f 2185//2185 2186//2186 2184//2184
f 2184//2184 2186//2186 2183//2183
f 2196//2196 2197//2197 2199//2199
f 2199//2199 2197//2197 2198//2198
f 2200//2200 2201//2201 2203//2203
f 2203//2203 2201//2201 2202//2202
f 2205//2205 2207//2207 2204//2204
f 2205//2205 2206//2206 2207//2207
f 2207//2207 2208//2208 2204//2204
f 2204//2204 2208//2208 2210//2210
f 2210//2210 2208//2208 2209//2209
f 2211//2211 2212//2212 2214//2214
f 2214//2214 2212//2212 2213//2213
f 2215//2215 2216//2216 2218//2218
f 2218//2218 2216//2216 2217//2217
f 2219//2219 2220//2220 2222//2222
f 2222//2222 2220//2220 2221//2221
f 2223//2223 2224//2224 2227//2227
f 2227//2227 2224//2224 2225//2225
f 2226//2226 2227//2227 2225//2225
f 2228//2228 2229//2229 2232//2232
f 2232//2232 2229//2229 2230//2230
f 2231//2231 2232//2232 2230//2230
f 2233//2233 2234//2234 2236//2236
f 2236//2236 2234//2234 2235//2235
f 2237//2237 2238//2238 2240//2240
f 2240//2240 2238//2238 2239//2239
f 2241//2241 2242//2242 2244//2244
f 2244//2244 2242//2242 2243//2243
f 2245//2245 2246//2246 2249//2249
f 2249//2249 2246//2246 2247//2247
f 2248//2248 2249//2249 2247//2247
f 2262//2262 2250//2250 2253//2253
f 2261//2261 2253//2253 2254//2254
f 2260//2260 2254//2254 2259//2259
f 2260//2260 2261//2261 2254//2254
f 2252//2252 2253//2253 2251//2251
f 2251//2251 2253//2253 2250//2250
f 2254//2254 2255//2255 2259//2259
f 2259//2259 2255//2255 2258//2258
f 2258//2258 2255//2255 2257//2257
f 2257//2257 2255//2255 2256//2256
f 2261//2261 2262//2262 2253//2253
f 2263//2263 2264//2264 2266//2266
f 2266//2266 2264//2264 2265//2265
f 2267//2267 2268//2268 2270//2270
f 2270//2270 2268//2268 2269//2269
f 2271//2271 2272//2272 2274//2274
f 2274//2274 2272//2272 2273//2273
f 2275//2275 2276//2276 2281//2281
f 2281//2281 2276//2276 2280//2280
f 2280//2280 2276//2276 2277//2277
f 2278//2278 2280//2280 2277//2277
f 2278//2278 2279//2279 2280//2280
f 2283//2283 2285//2285 2282//2282
f 2283//2283 2284//2284 2285//2285
f 2285//2285 2286//2286 2282//2282
f 2282//2282 2286//2286 2288//2288
f 2288//2288 2286//2286 2287//2287
f 2290//2290 2291//2291 2289//2289
f 2289//2289 2291//2291 2293//2293
f 2293//2293 2291//2291 2292//2292
f 2294//2294 2295//2295 2297//2297
f 2297//2297 2295//2295 2296//2296
f 2299//2299 2300//2300 2298//2298
f 2298//2298 2300//2300 2301//2301
f 2317//2317 2302//2302 2320//2320
f 2321//2321 2317//2317 2320//2320
f 2321//2321 2316//2316 2317//2317
f 2321//2321 2315//2315 2316//2316
f 2321//2321 2314//2314 2315//2315
f 2321//2321 2313//2313 2314//2314
f 2321//2321 2322//2322 2313//2313
f 2313//2313 2322//2322 2312//2312
f 2312//2312 2322//2322 2323//2323
f 2311//2311 2323//2323 2310//2310
f 2311//2311 2312//2312 2323//2323
f 2302//2302 2303//2303 2320//2320
f 2320//2320 2303//2303 2304//2304
f 2319//2319 2304//2304 2305//2305
f 2318//2318 2305//2305 2306//2306
f 2307//2307 2318//2318 2306//2306
f 2307//2307 2325//2325 2318//2318
f 2307//2307 2308//2308 2325//2325
f 2325//2325 2308//2308 2324//2324
f 2324//2324 2308//2308 2309//2309
f 2310//2310 2324//2324 2309//2309
f 2310//2310 2323//2323 2324//2324
f 2318//2318 2319//2319 2305//2305
f 2319//2319 2320//2320 2304//2304
f 2326//2326 2327//2327 2329//2329
f 2329//2329 2327//2327 2328//2328
f 2330//2330 2331//2331 2333//2333
f 2333//2333 2331//2331 2332//2332
f 2334//2334 2335//2335 2337//2337
f 2337//2337 2335//2335 2336//2336
f 2339//2339 2340//2340 2338//2338
f 2338//2338 2340//2340 2342//2342
f 2342//2342 2340//2340 2341//2341
f 2343//2343 2344//2344 2347//2347
f 2347//2347 2344//2344 2346//2346
f 2346//2346 2344//2344 2345//2345
f 2359//2359 2348//2348 2361//2361
f 2358//2358 2361//2361 2362//2362
f 2357//2357 2362//2362 2356//2356
f 2357//2357 2358//2358 2362//2362
f 2350//2350 2360//2360 2349//2349
f 2350//2350 2351//2351 2360//2360
f 2360//2360 2351//2351 2363//2363
f 2363//2363 2351//2351 2352//2352
f 2353//2353 2363//2363 2352//2352
f 2353//2353 2354//2354 2363//2363
f 2363//2363 2354//2354 2362//2362
f 2362//2362 2354//2354 2355//2355
f 2356//2356 2362//2362 2355//2355
f 2358//2358 2359//2359 2361//2361
f 2360//2360 2361//2361 2349//2349
f 2349//2349 2361//2361 2348//2348
f 2364//2364 2365//2365 2371//2371
f 2371//2371 2365//2365 2370//2370
f 2370//2370 2365//2365 2366//2366
f 2369//2369 2366//2366 2368//2368
f 2369//2369 2370//2370 2366//2366
f 2366//2366 2367//2367 2368//2368
f 2372//2372 2373//2373 2375//2375
f 2375//2375 2373//2373 2374//2374
f 2376//2376 2377//2377 2379//2379
f 2379//2379 2377//2377 2378//2378
f 2380//2380 2381//2381 2383//2383
f 2383//2383 2381//2381 2382//2382
f 2384//2384 2385//2385 2387//2387
f 2387//2387 2385//2385 2386//2386
f 2388//2388 2389//2389 2391//2391
f 2391//2391 2389//2389 2390//2390
f 2392//2392 2393//2393 2395//2395
f 2395//2395 2393//2393 2394//2394
f 2396//2396 2397//2397 2407//2407
f 2407//2407 2397//2397 2398//2398
f 2406//2406 2398//2398 2399//2399
f 2405//2405 2399//2399 2400//2400
f 2404//2404 2400//2400 2401//2401
f 2403//2403 2401//2401 2402//2402
f 2403//2403 2404//2404 2401//2401
f 2404//2404 2405//2405 2400//2400
f 2405//2405 2406//2406 2399//2399
f 2406//2406 2407//2407 2398//2398
f 2409//2409 2410//2410 2408//2408
f 2408//2408 2410//2410 2411//2411
f 2413//2413 2414//2414 2412//2412
f 2412//2412 2414//2414 2415//2415
f 2416//2416 2417//2417 2419//2419
f 2419//2419 2417//2417 2418//2418
f 2421//2421 2422//2422 2420//2420
f 2420//2420 2422//2422 2423//2423
f 2424//2424 2420//2420 2423//2423
f 2425//2425 2426//2426 2428//2428
f 2428//2428 2426//2426 2427//2427
f 2430//2430 2431//2431 2429//2429
f 2429//2429 2431//2431 2432//2432
f 2434//2434 2435//2435 2433//2433
f 2433//2433 2435//2435 2436//2436
f 2437//2437 2438//2438 2440//2440
f 2440//2440 2438//2438 2439//2439
f 2441//2441 2442//2442 2444//2444
f 2444//2444 2442//2442 2443//2443
f 2445//2445 2446//2446 2448//2448
f 2448//2448 2446//2446 2447//2447
f 2449//2449 2450//2450 2452//2452
f 2452//2452 2450//2450 2451//2451
f 2454//2454 2455//2455 2453//2453
f 2453//2453 2455//2455 2456//2456
f 2457//2457 2458//2458 2460//2460
f 2460//2460 2458//2458 2459//2459
f 2461//2461 2462//2462 2464//2464
f 2464//2464 2462//2462 2463//2463
f 2466//2466 2467//2467 2465//2465
f 2465//2465 2467//2467 2482//2482
f 2483//2483 2465//2465 2482//2482
f 2470//2470 2474//2474 2469//2469
f 2470//2470 2471//2471 2474//2474
f 2474//2474 2471//2471 2472//2472
f 2473//2473 2474//2474 2472//2472
f 2469//2469 2475//2475 2468//2468
f 2469//2469 2474//2474 2475//2475
f 2475//2475 2476//2476 2468//2468
f 2468//2468 2476//2476 2467//2467
f 2467//2467 2476//2476 2477//2477
f 2478//2478 2467//2467 2477//2477
f 2478//2478 2482//2482 2467//2467
f 2478//2478 2479//2479 2482//2482
f 2482//2482 2479//2479 2481//2481
f 2481//2481 2479//2479 2480//2480
f 2484//2484 2485//2485 2487//2487
f 2487//2487 2485//2485 2486//2486
f 2488//2488 2489//2489 2492//2492
f 2492//2492 2489//2489 2491//2491
f 2491//2491 2489//2489 2490//2490
f 2493//2493 2494//2494 2497//2497
f 2497//2497 2494//2494 2495//2495
f 2496//2496 2497//2497 2495//2495
f 2499//2499 2500//2500 2498//2498
f 2498//2498 2500//2500 2503//2503
f 2503//2503 2500//2500 2502//2502
f 2502//2502 2500//2500 2501//2501
f 2519//2519 2504//2504 2524//2524
f 2518//2518 2524//2524 2525//2525
f 2517//2517 2525//2525 2516//2516
f 2517//2517 2518//2518 2525//2525
f 2504//2504 2505//2505 2524//2524
f 2524//2524 2505//2505 2506//2506
f 2523//2523 2506//2506 2507//2507
f 2522//2522 2507//2507 2508//2508
f 2509//2509 2522//2522 2508//2508
f 2509//2509 2521//2521 2522//2522
f 2509//2509 2510//2510 2521//2521
f 2521//2521 2510//2510 2511//2511
f 2520//2520 2511//2511 2512//2512
f 2527//2527 2512//2512 2513//2513
f 2514//2514 2527//2527 2513//2513
f 2514//2514 2526//2526 2527//2527
f 2514//2514 2515//2515 2526//2526
f 2526//2526 2515//2515 2525//2525
f 2525//2525 2515//2515 2516//2516
f 2518//2518 2519//2519 2524//2524
f 2520//2520 2521//2521 2511//2511
f 2522//2522 2523//2523 2507//2507
f 2523//2523 2524//2524 2506//2506
f 2527//2527 2520//2520 2512//2512
f 2528//2528 2529//2529 2531//2531
f 2531//2531 2529//2529 2530//2530
f 2533//2533 2534//2534 2532//2532
f 2532//2532 2534//2534 2535//2535
f 2537//2537 2538//2538 2536//2536
f 2536//2536 2538//2538 2539//2539
f 2540//2540 2536//2536 2539//2539
f 2541//2541 2542//2542 2545//2545
f 2545//2545 2542//2542 2543//2543
f 2544//2544 2545//2545 2543//2543
f 2547//2547 2548//2548 2546//2546
f 2546//2546 2548//2548 2549//2549
f 2550//2550 2551//2551 2553//2553
f 2553//2553 2551//2551 2552//2552
f 2554//2554 2555//2555 2557//2557
f 2557//2557 2555//2555 2556//2556
f 2559//2559 2560//2560 2558//2558
f 2558//2558 2560//2560 2561//2561
f 2563//2563 2564//2564 2562//2562
f 2562//2562 2564//2564 2565//2565
f 2567//2567 2568//2568 2566//2566
f 2566//2566 2568//2568 2569//2569
f 2571//2571 2572//2572 2570//2570
f 2570//2570 2572//2572 2573//2573
f 2574//2574 2575//2575 2577//2577
f 2577//2577 2575//2575 2576//2576
f 2579//2579 2580//2580 2578//2578
f 2578//2578 2580//2580 2581//2581
f 2582//2582 2583//2583 2585//2585
f 2585//2585 2583//2583 2584//2584
f 2586//2586 2587//2587 2589//2589
f 2589//2589 2587//2587 2588//2588
f 2591//2591 2592//2592 2590//2590
f 2590//2590 2592//2592 2593//2593
f 2595//2595 2596//2596 2594//2594
f 2594//2594 2596//2596 2599//2599
f 2599//2599 2596//2596 2598//2598
f 2598//2598 2596//2596 2597//2597
f 2600//2600 2601//2601 2604//2604
f 2604//2604 2601//2601 2603//2603
f 2603//2603 2601//2601 2602//2602
f 2605//2605 2606//2606 2608//2608
f 2608//2608 2606//2606 2607//2607
f 2609//2609 2610//2610 2612//2612
f 2612//2612 2610//2610 2611//2611
f 2613//2613 2614//2614 2616//2616
f 2616//2616 2614//2614 2615//2615
f 2617//2617 2618//2618 2620//2620
f 2620//2620 2618//2618 2619//2619
f 2622//2622 2623//2623 2621//2621
f 2621//2621 2623//2623 2624//2624
f 2625//2625 2626//2626 2628//2628
f 2628//2628 2626//2626 2627//2627
f 2629//2629 2630//2630 2632//2632
f 2632//2632 2630//2630 2631//2631
f 2633//2633 2634//2634 2636//2636
f 2636//2636 2634//2634 2635//2635
f 2637//2637 2638//2638 2640//2640
f 2640//2640 2638//2638 2639//2639
f 2641//2641 2642//2642 2644//2644
f 2644//2644 2642//2642 2643//2643
f 2646//2646 2647//2647 2645//2645
f 2645//2645 2647//2647 2648//2648
f 2649//2649 2650//2650 2652//2652
f 2652//2652 2650//2650 2651//2651
f 2654//2654 2655//2655 2653//2653
f 2653//2653 2655//2655 2656//2656
f 2657//2657 2658//2658 2660//2660
f 2660//2660 2658//2658 2659//2659
f 2661//2661 2662//2662 2664//2664
f 2664//2664 2662//2662 2663//2663
f 2665//2665 2666//2666 2668//2668
f 2668//2668 2666//2666 2667//2667
f 2669//2669 2670//2670 2672//2672
f 2672//2672 2670//2670 2671//2671
f 2674//2674 2675//2675 2673//2673
f 2673//2673 2675//2675 2676//2676
f 2677//2677 2678//2678 2680//2680
f 2680//2680 2678//2678 2679//2679
f 2682//2682 2683//2683 2681//2681
f 2681//2681 2683//2683 2684//2684
f 2686//2686 2687//2687 2685//2685
f 2685//2685 2687//2687 2688//2688
f 2690//2690 2691//2691 2689//2689
f 2689//2689 2691//2691 2692//2692
f 2704//2704 2693//2693 2706//2706
f 2707//2707 2704//2704 2706//2706
f 2707//2707 2703//2703 2704//2704
f 2707//2707 2702//2702 2703//2703
f 2707//2707 2701//2701 2702//2702
f 2707//2707 2708//2708 2701//2701
f 2701//2701 2708//2708 2700//2700
f 2700//2700 2708//2708 2699//2699
f 2699//2699 2708//2708 2698//2698
f 2698//2698 2708//2708 2697//2697
f 2697//2697 2708//2708 2705//2705
f 2696//2696 2705//2705 2695//2695
f 2696//2696 2697//2697 2705//2705
f 2695//2695 2705//2705 2694//2694
f 2694//2694 2705//2705 2706//2706
f 2693//2693 2694//2694 2706//2706
f 2710//2710 2711//2711 2709//2709
f 2709//2709 2711//2711 2712//2712
f 2714//2714 2715//2715 2713//2713
f 2713//2713 2715//2715 2716//2716
f 2718//2718 2719//2719 2717//2717
f 2717//2717 2719//2719 2720//2720
f 2722//2722 2723//2723 2721//2721
f 2721//2721 2723//2723 2724//2724
f 2726//2726 2727//2727 2725//2725
f 2725//2725 2727//2727 2728//2728
f 2730//2730 2731//2731 2729//2729
f 2729//2729 2731//2731 2732//2732
f 2734//2734 2735//2735 2733//2733
f 2733//2733 2735//2735 2736//2736
f 2738//2738 2739//2739 2737//2737
f 2737//2737 2739//2739 2740//2740
f 2742//2742 2743//2743 2741//2741
f 2741//2741 2743//2743 2744//2744
f 2746//2746 2747//2747 2745//2745
f 2745//2745 2747//2747 2748//2748
f 2750//2750 2751//2751 2749//2749
f 2749//2749 2751//2751 2752//2752
f 2754//2754 2755//2755 2753//2753
f 2753//2753 2755//2755 2756//2756
f 2757//2757 2758//2758 2760//2760
f 2760//2760 2758//2758 2759//2759
f 2770//2770 2761//2761 2764//2764
f 2765//2765 2770//2770 2764//2764
f 2765//2765 2769//2769 2770//2770
f 2765//2765 2766//2766 2769//2769
f 2769//2769 2766//2766 2768//2768
f 2768//2768 2766//2766 2767//2767
f 2763//2763 2764//2764 2762//2762
f 2762//2762 2764//2764 2761//2761
f 2772//2772 2773//2773 2771//2771
f 2771//2771 2773//2773 2774//2774
f 2776//2776 2777//2777 2775//2775
f 2775//2775 2777//2777 2778//2778
f 2779//2779 2780//2780 2782//2782
f 2782//2782 2780//2780 2781//2781
f 2784//2784 2785//2785 2783//2783
f 2783//2783 2785//2785 2786//2786
f 2787//2787 2783//2783 2786//2786
f 2787//2787 2792//2792 2783//2783
f 2787//2787 2788//2788 2792//2792
f 2792//2792 2788//2788 2791//2791
f 2791//2791 2788//2788 2789//2789
f 2790//2790 2791//2791 2789//2789
f 2793//2793 2794//2794 2796//2796
f 2796//2796 2794//2794 2795//2795
f 2816//2816 2797//2797 2900//2900
f 2815//2815 2900//2900 2814//2814
f 2815//2815 2816//2816 2900//2900
f 2861//2861 2851//2851 2799//2799
f 2860//2860 2799//2799 2858//2858
f 2859//2859 2860//2860 2858//2858
f 2799//2799 2800//2800 2858//2858
f 2858//2858 2800//2800 2801//2801
f 2802//2802 2858//2858 2801//2801
f 2802//2802 2803//2803 2858//2858
f 2858//2858 2803//2803 2857//2857
f 2857//2857 2803//2803 2804//2804
f 2909//2909 2804//2804 2805//2805
f 2806//2806 2909//2909 2805//2805
f 2806//2806 2908//2908 2909//2909
f 2806//2806 2807//2807 2908//2908
f 2908//2908 2807//2807 2907//2907
f 2907//2907 2807//2807 2808//2808
f 2906//2906 2808//2808 2809//2809
f 2905//2905 2809//2809 2810//2810
f 2904//2904 2810//2810 2811//2811
f 2903//2903 2811//2811 2812//2812
f 2902//2902 2812//2812 2813//2813
f 2901//2901 2813//2813 2814//2814
f 2900//2900 2901//2901 2814//2814
f 2819//2819 2883//2883 2818//2818
f 2819//2819 2820//2820 2883//2883
f 2883//2883 2820//2820 2821//2821
f 2822//2822 2883//2883 2821//2821
f 2822//2822 2882//2882 2883//2883
f 2822//2822 2823//2823 2882//2882
f 2882//2882 2823//2823 2881//2881
f 2881//2881 2823//2823 2880//2880
f 2880//2880 2823//2823 2879//2879
f 2879//2879 2823//2823 2851//2851
f 2878//2878 2851//2851 2852//2852
f 2877//2877 2852//2852 2876//2876
f 2877//2877 2878//2878 2852//2852
f 2895//2895 2896//2896 2824//2824
f 2894//2894 2824//2824 2825//2825
f 2826//2826 2894//2894 2825//2825
f 2826//2826 2827//2827 2894//2894
f 2894//2894 2827//2827 2828//2828
f 2893//2893 2828//2828 2829//2829
f 2830//2830 2893//2893 2829//2829
f 2830//2830 2892//2892 2893//2893
f 2830//2830 2831//2831 2892//2892
f 2892//2892 2831//2831 2891//2891
f 2891//2891 2831//2831 2832//2832
f 2890//2890 2832//2832 2833//2833
f 2889//2889 2833//2833 2834//2834
f 2888//2888 2834//2834 2835//2835
f 2887//2887 2835//2835 2836//2836
f 2886//2886 2836//2836 2817//2817
f 2885//2885 2817//2817 2884//2884
f 2885//2885 2886//2886 2817//2817
f 2847//2847 2865//2865 2846//2846
f 2847//2847 2848//2848 2865//2865
f 2865//2865 2848//2848 2849//2849
f 2850//2850 2865//2865 2849//2849
f 2850//2850 2864//2864 2865//2865
f 2850//2850 2863//2863 2864//2864
f 2850//2850 2851//2851 2863//2863
f 2863//2863 2851//2851 2862//2862
f 2862//2862 2851//2851 2861//2861
f 2846//2846 2866//2866 2845//2845
f 2846//2846 2865//2865 2866//2866
f 2845//2845 2867//2867 2844//2844
f 2845//2845 2866//2866 2867//2867
f 2844//2844 2868//2868 2843//2843
f 2844//2844 2867//2867 2868//2868
f 2843//2843 2869//2869 2842//2842
f 2843//2843 2868//2868 2869//2869
f 2852//2852 2853//2853 2876//2876
f 2876//2876 2853//2853 2854//2854
f 2855//2855 2876//2876 2854//2854
f 2855//2855 2856//2856 2876//2876
f 2876//2876 2856//2856 2875//2875
f 2875//2875 2856//2856 2837//2837
f 2874//2874 2837//2837 2838//2838
f 2873//2873 2838//2838 2839//2839
f 2872//2872 2839//2839 2840//2840
f 2871//2871 2840//2840 2841//2841
f 2870//2870 2841//2841 2842//2842
f 2869//2869 2870//2870 2842//2842
f 2860//2860 2861//2861 2799//2799
f 2870//2870 2871//2871 2841//2841
f 2871//2871 2872//2872 2840//2840
f 2872//2872 2873//2873 2839//2839
f 2873//2873 2874//2874 2838//2838
f 2874//2874 2875//2875 2837//2837
f 2878//2878 2879//2879 2851//2851
f 2883//2883 2884//2884 2818//2818
f 2818//2818 2884//2884 2817//2817
f 2886//2886 2887//2887 2836//2836
f 2887//2887 2888//2888 2835//2835
f 2888//2888 2889//2889 2834//2834
f 2889//2889 2890//2890 2833//2833
f 2890//2890 2891//2891 2832//2832
f 2893//2893 2894//2894 2828//2828
f 2894//2894 2895//2895 2824//2824
f 2896//2896 2897//2897 2824//2824
f 2824//2824 2897//2897 2823//2823
f 2823//2823 2897//2897 2798//2798
f 2799//2799 2823//2823 2798//2798
f 2799//2799 2851//2851 2823//2823
f 2897//2897 2898//2898 2798//2798
f 2798//2798 2898//2898 2899//2899
f 2900//2900 2798//2798 2899//2899
f 2900//2900 2797//2797 2798//2798
f 2901//2901 2902//2902 2813//2813
f 2902//2902 2903//2903 2812//2812
f 2903//2903 2904//2904 2811//2811
f 2904//2904 2905//2905 2810//2810
f 2905//2905 2906//2906 2809//2809
f 2906//2906 2907//2907 2808//2808
f 2909//2909 2857//2857 2804//2804
f 2910//2910 2911//2911 2913//2913
f 2913//2913 2911//2911 2912//2912
f 2914//2914 2915//2915 2917//2917
f 2917//2917 2915//2915 2916//2916
f 2919//2919 2920//2920 2918//2918
f 2918//2918 2920//2920 2921//2921
f 2922//2922 2923//2923 2925//2925
f 2925//2925 2923//2923 2924//2924
f 2927//2927 2928//2928 2926//2926
f 2926//2926 2928//2928 2929//2929
f 2930//2930 2926//2926 2929//2929
f 2930//2930 2931//2931 2926//2926
f 2932//2932 2933//2933 2937//2937
f 2937//2937 2933//2933 2936//2936
f 2936//2936 2933//2933 2935//2935
f 2935//2935 2933//2933 2934//2934
f 2939//2939 2940//2940 2938//2938
f 2938//2938 2940//2940 2941//2941
f 2943//2943 2944//2944 2942//2942
f 2942//2942 2944//2944 2945//2945
f 2946//2946 2947//2947 2949//2949
f 2949//2949 2947//2947 2948//2948
f 2950//2950 2951//2951 2953//2953
f 2953//2953 2951//2951 2952//2952
f 2954//2954 2955//2955 2957//2957
f 2957//2957 2955//2955 2956//2956
f 2958//2958 2959//2959 2961//2961
f 2961//2961 2959//2959 2960//2960
f 2962//2962 2963//2963 2965//2965
f 2965//2965 2963//2963 2964//2964
f 2966//2966 2967//2967 2969//2969
f 2969//2969 2967//2967 2968//2968
f 2970//2970 2971//2971 2973//2973
f 2973//2973 2971//2971 2972//2972
f 2974//2974 2975//2975 2977//2977
f 2977//2977 2975//2975 2976//2976
f 2978//2978 2979//2979 2981//2981
f 2981//2981 2979//2979 2980//2980
f 2982//2982 2983//2983 2985//2985
f 2985//2985 2983//2983 2984//2984
f 2986//2986 2987//2987 2989//2989
f 2989//2989 2987//2987 2988//2988
f 2990//2990 2991//2991 2993//2993
f 2993//2993 2991//2991 2992//2992
f 2994//2994 2995//2995 2997//2997
f 2997//2997 2995//2995 2996//2996
f 2998//2998 2999//2999 3001//3001
f 3001//3001 2999//2999 3000//3000
f 3002//3002 3003//3003 3005//3005
f 3005//3005 3003//3003 3004//3004
f 3006//3006 3007//3007 3009//3009
f 3009//3009 3007//3007 3008//3008
f 3010//3010 3011//3011 3013//3013
f 3013//3013 3011//3011 3012//3012
f 3014//3014 3015//3015 3017//3017
f 3017//3017 3015//3015 3016//3016
f 3018//3018 3019//3019 3033//3033
f 3033//3033 3019//3019 3020//3020
f 3024//3024 3020//3020 3021//3021
f 3022//3022 3024//3024 3021//3021
f 3022//3022 3023//3023 3024//3024
f 3020//3020 3024//3024 3033//3033
f 3033//3033 3024//3024 3025//3025
f 3032//3032 3025//3025 3029//3029
f 3030//3030 3032//3032 3029//3029
f 3030//3030 3031//3031 3032//3032
f 3026//3026 3027//3027 3025//3025
f 3025//3025 3027//3027 3028//3028
f 3029//3029 3025//3025 3028//3028
f 3032//3032 3033//3033 3025//3025
f 3034//3034 3035//3035 3037//3037
f 3037//3037 3035//3035 3036//3036
f 3038//3038 3039//3039 3041//3041
f 3041//3041 3039//3039 3040//3040
f 3042//3042 3043//3043 3045//3045
f 3045//3045 3043//3043 3044//3044
f 3046//3046 3047//3047 3049//3049
f 3049//3049 3047//3047 3048//3048
f 3050//3050 3051//3051 3053//3053
f 3053//3053 3051//3051 3052//3052
f 3054//3054 3055//3055 3057//3057
f 3057//3057 3055//3055 3056//3056
f 3058//3058 3059//3059 3061//3061
f 3061//3061 3059//3059 3060//3060
f 3062//3062 3063//3063 3065//3065
f 3065//3065 3063//3063 3064//3064
f 3066//3066 3067//3067 3069//3069
f 3069//3069 3067//3067 3068//3068
f 3071//3071 3072//3072 3070//3070
f 3070//3070 3072//3072 3074//3074
f 3074//3074 3072//3072 3073//3073
f 3075//3075 3076//3076 3078//3078
f 3078//3078 3076//3076 3077//3077
f 3080//3080 3081//3081 3079//3079
f 3079//3079 3081//3081 3082//3082
f 3083//3083 3084//3084 3086//3086
f 3086//3086 3084//3084 3085//3085
f 3088//3088 3089//3089 3087//3087
f 3087//3087 3089//3089 3090//3090
f 3092//3092 3093//3093 3091//3091
f 3091//3091 3093//3093 3094//3094
f 3096//3096 3097//3097 3095//3095
f 3095//3095 3097//3097 3098//3098
f 3100//3100 3101//3101 3099//3099
f 3099//3099 3101//3101 3102//3102
f 3103//3103 3104//3104 3106//3106
f 3106//3106 3104//3104 3105//3105
f 3108//3108 3109//3109 3107//3107
f 3107//3107 3109//3109 3110//3110
f 3111//3111 3112//3112 3114//3114
f 3114//3114 3112//3112 3113//3113
f 3115//3115 3116//3116 3118//3118
f 3118//3118 3116//3116 3117//3117
f 3119//3119 3120//3120 3122//3122
f 3122//3122 3120//3120 3121//3121
f 3123//3123 3124//3124 3126//3126
f 3126//3126 3124//3124 3125//3125
f 3127//3127 3128//3128 3130//3130
f 3130//3130 3128//3128 3129//3129
f 3131//3131 3132//3132 3134//3134
f 3134//3134 3132//3132 3133//3133
f 3135//3135 3136//3136 3138//3138
f 3138//3138 3136//3136 3137//3137
f 3139//3139 3140//3140 3142//3142
f 3142//3142 3140//3140 3141//3141
f 3143//3143 3144//3144 3146//3146
f 3146//3146 3144//3144 3145//3145
f 3147//3147 3148//3148 3150//3150
f 3150//3150 3148//3148 3149//3149
f 3151//3151 3152//3152 3154//3154
f 3154//3154 3152//3152 3153//3153
f 3155//3155 3156//3156 3158//3158
f 3158//3158 3156//3156 3157//3157
f 3159//3159 3160//3160 3162//3162
f 3162//3162 3160//3160 3161//3161
f 3163//3163 3164//3164 3166//3166
f 3166//3166 3164//3164 3165//3165
f 3167//3167 3168//3168 3170//3170
f 3170//3170 3168//3168 3169//3169
f 3171//3171 3172//3172 3174//3174
f 3174//3174 3172//3172 3173//3173
f 3175//3175 3176//3176 3178//3178
f 3178//3178 3176//3176 3177//3177
f 3179//3179 3180//3180 3182//3182
f 3182//3182 3180//3180 3181//3181
f 3183//3183 3184//3184 3186//3186
f 3186//3186 3184//3184 3185//3185
f 3187//3187 3188//3188 3190//3190
f 3190//3190 3188//3188 3189//3189
f 3191//3191 3192//3192 3194//3194
f 3194//3194 3192//3192 3193//3193
f 3195//3195 3196//3196 3198//3198
f 3198//3198 3196//3196 3197//3197
f 3199//3199 3200//3200 3202//3202
f 3202//3202 3200//3200 3201//3201
f 3203//3203 3204//3204 3206//3206
f 3206//3206 3204//3204 3205//3205
f 3207//3207 3208//3208 3210//3210
f 3210//3210 3208//3208 3209//3209
f 3211//3211 3212//3212 3214//3214
f 3214//3214 3212//3212 3213//3213
f 3215//3215 3216//3216 3218//3218
f 3218//3218 3216//3216 3217//3217
f 3219//3219 3220//3220 3222//3222
f 3222//3222 3220//3220 3221//3221
f 3223//3223 3224//3224 3226//3226
f 3226//3226 3224//3224 3225//3225
f 3227//3227 3228//3228 3230//3230
f 3230//3230 3228//3228 3229//3229
f 3231//3231 3232//3232 3234//3234
f 3234//3234 3232//3232 3233//3233
f 3235//3235 3236//3236 3238//3238
f 3238//3238 3236//3236 3237//3237
f 3239//3239 3240//3240 3242//3242
f 3242//3242 3240//3240 3241//3241
f 3243//3243 3244//3244 3246//3246
f 3246//3246 3244//3244 3245//3245
f 3247//3247 3248//3248 3250//3250
f 3250//3250 3248//3248 3249//3249
f 3251//3251 3252//3252 3254//3254
f 3254//3254 3252//3252 3253//3253
f 3255//3255 3256//3256 3258//3258
f 3258//3258 3256//3256 3257//3257
f 3259//3259 3260//3260 3262//3262
f 3262//3262 3260//3260 3261//3261
f 3263//3263 3264//3264 3266//3266
f 3266//3266 3264//3264 3265//3265
f 3267//3267 3268//3268 3270//3270
f 3270//3270 3268//3268 3269//3269
f 3271//3271 3272//3272 3274//3274
f 3274//3274 3272//3272 3273//3273
f 3275//3275 3276//3276 3278//3278
f 3278//3278 3276//3276 3277//3277
f 3279//3279 3280//3280 3282//3282
f 3282//3282 3280//3280 3281//3281
f 3283//3283 3284//3284 3286//3286
f 3286//3286 3284//3284 3285//3285
f 3287//3287 3288//3288 3290//3290
f 3290//3290 3288//3288 3289//3289
f 3291//3291 3292//3292 3294//3294
f 3294//3294 3292//3292 3293//3293
f 3295//3295 3296//3296 3298//3298
f 3298//3298 3296//3296 3297//3297
f 3299//3299 3300//3300 3302//3302
f 3302//3302 3300//3300 3301//3301
f 3303//3303 3304//3304 3306//3306
f 3306//3306 3304//3304 3305//3305
f 3307//3307 3308//3308 3310//3310
f 3310//3310 3308//3308 3309//3309
f 3311//3311 3312//3312 3314//3314
f 3314//3314 3312//3312 3313//3313
f 3315//3315 3316//3316 3318//3318
f 3318//3318 3316//3316 3317//3317
f 3319//3319 3320//3320 3322//3322
f 3322//3322 3320//3320 3321//3321
f 3323//3323 3324//3324 3326//3326
f 3326//3326 3324//3324 3325//3325
f 3327//3327 3328//3328 3330//3330
f 3330//3330 3328//3328 3329//3329
f 3331//3331 3332//3332 3334//3334
f 3334//3334 3332//3332 3333//3333
f 3335//3335 3336//3336 3338//3338
f 3338//3338 3336//3336 3337//3337
f 3339//3339 3340//3340 3342//3342
f 3342//3342 3340//3340 3341//3341
f 3343//3343 3344//3344 3346//3346
f 3346//3346 3344//3344 3345//3345
f 3347//3347 3348//3348 3350//3350
f 3350//3350 3348//3348 3349//3349
f 3351//3351 3352//3352 3354//3354
f 3354//3354 3352//3352 3353//3353
f 3355//3355 3356//3356 3370//3370
f 3370//3370 3356//3356 3357//3357
f 3358//3358 3370//3370 3357//3357
f 3358//3358 3361//3361 3370//3370
f 3358//3358 3359//3359 3361//3361
f 3361//3361 3359//3359 3360//3360
f 3370//3370 3361//3361 3369//3369
f 3369//3369 3361//3361 3362//3362
f 3365//3365 3362//3362 3364//3364
f 3365//3365 3369//3369 3362//3362
f 3365//3365 3366//3366 3369//3369
f 3369//3369 3366//3366 3367//3367
f 3368//3368 3369//3369 3367//3367
f 3362//3362 3363//3363 3364//3364
f 3375//3375 3376//3376 3374//3374
f 3374//3374 3376//3376 3377//3377
f 3373//3373 3377//3377 3378//3378
f 3372//3372 3378//3378 3379//3379
f 3371//3371 3379//3379 3380//3380
f 3390//3390 3380//3380 3381//3381
f 3389//3389 3381//3381 3382//3382
f 3388//3388 3382//3382 3383//3383
f 3387//3387 3383//3383 3384//3384
f 3386//3386 3384//3384 3385//3385
f 3386//3386 3387//3387 3384//3384
f 3372//3372 3373//3373 3378//3378
f 3373//3373 3374//3374 3377//3377
f 3387//3387 3388//3388 3383//3383
f 3388//3388 3389//3389 3382//3382
f 3389//3389 3390//3390 3381//3381
f 3390//3390 3371//3371 3380//3380
f 3372//3372 3379//3379 3371//3371
f 3396//3396 3397//3397 3395//3395
f 3395//3395 3397//3397 3398//3398
f 3394//3394 3398//3398 3399//3399
f 3393//3393 3399//3399 3400//3400
f 3392//3392 3400//3400 3401//3401
f 3391//3391 3401//3401 3402//3402
f 3410//3410 3402//3402 3403//3403
f 3409//3409 3403//3403 3404//3404
f 3408//3408 3404//3404 3405//3405
f 3407//3407 3405//3405 3406//3406
f 3407//3407 3408//3408 3405//3405
f 3392//3392 3393//3393 3400//3400
f 3393//3393 3394//3394 3399//3399
f 3394//3394 3395//3395 3398//3398
f 3408//3408 3409//3409 3404//3404
f 3409//3409 3410//3410 3403//3403
f 3410//3410 3391//3391 3402//3402
f 3392//3392 3401//3401 3391//3391
f 3414//3414 3415//3415 3413//3413
f 3413//3413 3415//3415 3416//3416
f 3412//3412 3416//3416 3417//3417
f 3411//3411 3417//3417 3418//3418
f 3430//3430 3418//3418 3419//3419
f 3429//3429 3419//3419 3420//3420
f 3428//3428 3420//3420 3421//3421
f 3427//3427 3421//3421 3422//3422
f 3426//3426 3422//3422 3423//3423
f 3425//3425 3423//3423 3424//3424
f 3425//3425 3426//3426 3423//3423
f 3412//3412 3413//3413 3416//3416
f 3426//3426 3427//3427 3422//3422
f 3427//3427 3428//3428 3421//3421
f 3428//3428 3429//3429 3420//3420
f 3429//3429 3430//3430 3419//3419
f 3430//3430 3411//3411 3418//3418
f 3412//3412 3417//3417 3411//3411
